dataset,type,features,testsize,size,model,explainer,strategy,compression_time_arfpy_Not needed,compression_time_iid_Not needed,compression_time_kernel_thinning_gaussian,compression_time_kernel_thinning_inverse_multiquadric,compression_time_kernel_thinning_matern,compression_time_kernel_thinning_predictions,compression_time_kernel_thinning_sobolev,compression_time_kernel_thinning_stratified,compression_time_stein_thinning_Not needed,explanation_time_arfpy_Not needed,explanation_time_iid_Not needed,explanation_time_kernel_thinning_gaussian,explanation_time_kernel_thinning_inverse_multiquadric,explanation_time_kernel_thinning_matern,explanation_time_kernel_thinning_predictions,explanation_time_kernel_thinning_sobolev,explanation_time_kernel_thinning_stratified,explanation_time_stein_thinning_Not needed,mae_arfpy_Not needed,mae_iid_Not needed,mae_kernel_thinning_gaussian,mae_kernel_thinning_inverse_multiquadric,mae_kernel_thinning_matern,mae_kernel_thinning_predictions,mae_kernel_thinning_sobolev,mae_kernel_thinning_stratified,mae_stein_thinning_Not needed,mmd_arfpy_Not needed,mmd_iid_Not needed,mmd_kernel_thinning_gaussian,mmd_kernel_thinning_inverse_multiquadric,mmd_kernel_thinning_matern,mmd_kernel_thinning_predictions,mmd_kernel_thinning_sobolev,mmd_kernel_thinning_stratified,mmd_stein_thinning_Not needed,top_k_arfpy_Not needed,top_k_iid_Not needed,top_k_kernel_thinning_gaussian,top_k_kernel_thinning_inverse_multiquadric,top_k_kernel_thinning_matern,top_k_kernel_thinning_predictions,top_k_kernel_thinning_sobolev,top_k_kernel_thinning_stratified,top_k_stein_thinning_Not needed
GesturePhaseSegmentationProcessed,Classification,32,2469,8,nn,expected_gradients,na,8.0,1.0,4.0,2.0,3.0,5.0,7.0,,6.0,2.0,8.0,3.0,5.0,6.0,7.0,4.0,,1.0,7.0,6.0,2.0,1.0,5.0,3.0,8.0,,4.0,7.0,6.0,2.0,4.0,3.0,1.0,8.0,,5.0,7.0,6.0,3.0,2.0,1.0,5.0,8.0,,4.0
GesturePhaseSegmentationProcessed,Classification,32,2469,16,nn,expected_gradients,na,9.0,1.0,5.0,3.0,6.0,4.0,8.0,2.0,7.0,2.0,8.0,4.0,6.0,5.0,9.0,7.0,3.0,1.0,8.0,7.0,2.0,1.0,5.0,3.0,9.0,4.0,6.0,8.0,7.0,2.0,1.0,3.0,4.0,9.0,5.0,6.0,8.0,7.0,1.0,3.0,4.0,2.0,9.0,5.0,6.0
GesturePhaseSegmentationProcessed,Classification,32,2469,32,nn,expected_gradients,na,9.0,1.0,5.0,4.0,6.0,3.0,8.0,2.0,7.0,3.0,8.0,4.0,5.0,7.0,9.0,6.0,2.0,1.0,8.0,7.0,2.0,1.0,5.0,4.0,9.0,6.0,3.0,8.0,7.0,2.0,3.0,4.0,1.0,9.0,5.0,6.0,8.0,7.0,2.0,1.0,3.0,4.0,9.0,5.0,6.0
GesturePhaseSegmentationProcessed,Classification,32,2469,64,nn,expected_gradients,na,9.0,1.0,4.0,3.0,5.0,6.0,7.0,2.0,8.0,2.0,8.0,4.0,6.0,7.0,9.0,5.0,3.0,1.0,8.0,7.0,3.0,2.0,1.0,4.0,9.0,6.0,5.0,8.0,6.0,2.0,4.0,3.0,1.0,9.0,5.0,7.0,8.0,7.0,3.0,2.0,1.0,4.0,9.0,5.0,6.0
GesturePhaseSegmentationProcessed,Classification,32,2469,128,nn,expected_gradients,na,9.0,1.0,4.0,3.0,5.0,6.0,7.0,2.0,8.0,2.0,8.0,5.0,6.0,7.0,9.0,4.0,3.0,1.0,6.0,5.0,3.0,2.0,1.0,4.0,9.0,8.0,7.0,7.0,5.0,1.0,3.0,4.0,2.0,9.0,6.0,8.0,7.0,5.0,4.0,2.0,1.0,3.0,9.0,6.0,8.0
PhishingWebsites,Classification,30,2237,8,nn,sage,permutation,9.0,1.0,5.0,3.0,6.0,4.0,8.0,2.0,7.0,6.0,2.0,9.0,4.0,5.0,7.0,3.0,1.0,8.0,8.0,6.0,2.0,4.0,3.0,1.0,9.0,5.0,7.0,6.0,4.0,2.0,1.0,2.0,2.0,7.0,3.0,5.0,4.0,3.0,3.0,6.0,4.0,5.0,7.0,2.0,1.0
PhishingWebsites,Classification,30,2237,8,nn,shap,kernel,9.0,1.0,5.0,3.0,6.0,4.0,8.0,2.0,7.0,1.0,9.0,8.0,6.0,7.0,4.0,5.0,3.0,2.0,8.0,7.0,3.0,1.0,4.0,2.0,9.0,5.0,6.0,6.0,4.0,2.0,1.0,2.0,2.0,7.0,3.0,5.0,8.0,7.0,3.0,6.0,1.0,2.0,9.0,4.0,5.0
PhishingWebsites,Classification,30,2237,8,nn,shapiq,kernel,9.0,1.0,5.0,4.0,7.0,3.0,8.0,2.0,6.0,2.0,9.0,7.0,5.0,6.0,4.0,8.0,3.0,1.0,8.0,7.0,2.0,1.0,4.0,3.0,9.0,5.0,6.0,6.0,4.0,2.0,1.0,2.0,2.0,7.0,3.0,5.0,8.0,7.0,4.0,6.0,5.0,3.0,9.0,2.0,1.0
PhishingWebsites,Classification,30,2237,8,xgb,sage,permutation,9.0,1.0,4.0,3.0,5.0,7.0,8.0,2.0,6.0,6.0,4.0,8.0,5.0,2.0,9.0,1.0,3.0,7.0,8.0,6.0,2.0,1.0,3.0,4.0,9.0,5.0,7.0,7.0,5.0,2.0,1.0,2.0,3.0,8.0,4.0,6.0,8.0,4.0,2.0,6.0,5.0,1.0,9.0,3.0,7.0
PhishingWebsites,Classification,30,2237,8,xgb,shap,kernel,9.0,1.0,3.0,5.0,6.0,4.0,8.0,2.0,7.0,2.0,8.0,5.0,6.0,7.0,9.0,4.0,3.0,1.0,8.0,7.0,2.0,1.0,3.0,4.0,9.0,5.0,6.0,7.0,5.0,2.0,1.0,2.0,3.0,8.0,4.0,6.0,8.0,7.0,1.0,3.0,2.0,5.0,9.0,4.0,6.0
PhishingWebsites,Classification,30,2237,8,xgb,shapiq,kernel,9.0,1.0,3.0,4.0,5.0,7.0,6.0,2.0,8.0,7.0,5.0,2.0,1.0,3.0,9.0,4.0,6.0,8.0,7.0,6.0,1.0,2.0,3.0,8.0,9.0,5.0,4.0,7.0,5.0,2.0,1.0,2.0,3.0,8.0,4.0,6.0,8.0,6.0,1.0,2.0,3.0,7.0,9.0,5.0,4.0
PhishingWebsites,Classification,30,2237,16,nn,sage,permutation,9.0,1.0,5.0,3.0,6.0,4.0,8.0,2.0,7.0,1.0,4.0,9.0,7.0,6.0,3.0,5.0,8.0,2.0,6.0,7.0,4.0,5.0,1.0,3.0,9.0,2.0,8.0,7.0,6.0,2.0,3.0,1.0,2.0,8.0,4.0,5.0,4.0,2.0,5.0,2.0,4.0,5.0,6.0,3.0,1.0
PhishingWebsites,Classification,30,2237,16,nn,shap,kernel,9.0,1.0,6.0,3.0,5.0,4.0,8.0,2.0,7.0,1.0,9.0,8.0,7.0,6.0,3.0,4.0,5.0,2.0,8.0,7.0,2.0,4.0,1.0,3.0,9.0,5.0,6.0,7.0,6.0,2.0,3.0,1.0,2.0,8.0,4.0,5.0,8.0,7.0,3.0,6.0,1.0,2.0,9.0,5.0,4.0
PhishingWebsites,Classification,30,2237,16,nn,shapiq,kernel,9.0,1.0,5.0,3.0,6.0,4.0,8.0,2.0,7.0,2.0,9.0,8.0,6.0,5.0,4.0,7.0,3.0,1.0,7.0,6.0,3.0,4.0,1.0,2.0,9.0,5.0,8.0,7.0,6.0,2.0,3.0,1.0,2.0,8.0,4.0,5.0,8.0,7.0,3.0,5.0,1.0,4.0,9.0,2.0,6.0
PhishingWebsites,Classification,30,2237,16,xgb,sage,permutation,9.0,1.0,4.0,3.0,6.0,5.0,8.0,2.0,7.0,2.0,8.0,7.0,1.0,4.0,5.0,3.0,9.0,6.0,8.0,6.0,4.0,5.0,1.0,3.0,9.0,2.0,7.0,8.0,7.0,3.0,4.0,2.0,1.0,9.0,5.0,6.0,7.0,2.0,1.0,4.0,1.0,6.0,8.0,3.0,5.0
PhishingWebsites,Classification,30,2237,16,xgb,shap,kernel,9.0,1.0,4.0,3.0,6.0,5.0,8.0,2.0,7.0,2.0,8.0,5.0,7.0,6.0,9.0,4.0,3.0,1.0,8.0,7.0,2.0,4.0,1.0,3.0,9.0,5.0,6.0,8.0,7.0,3.0,4.0,2.0,1.0,9.0,5.0,6.0,8.0,7.0,1.0,6.0,3.0,2.0,9.0,4.0,5.0
PhishingWebsites,Classification,30,2237,16,xgb,shapiq,kernel,9.0,1.0,4.0,3.0,5.0,6.0,7.0,2.0,8.0,7.0,5.0,1.0,3.0,4.0,9.0,2.0,6.0,8.0,8.0,7.0,3.0,4.0,1.0,2.0,9.0,5.0,6.0,8.0,7.0,3.0,4.0,2.0,1.0,9.0,5.0,6.0,8.0,7.0,2.0,4.0,1.0,3.0,9.0,5.0,6.0
PhishingWebsites,Classification,30,2237,32,nn,sage,permutation,9.0,1.0,6.0,4.0,5.0,3.0,8.0,2.0,7.0,1.0,4.0,7.0,8.0,6.0,3.0,5.0,9.0,2.0,6.0,7.0,5.0,4.0,1.0,3.0,9.0,2.0,8.0,8.0,6.0,2.0,4.0,1.0,3.0,9.0,5.0,7.0,2.0,1.0,2.0,2.0,3.0,2.0,4.0,2.0,1.0
PhishingWebsites,Classification,30,2237,32,nn,shap,kernel,9.0,1.0,5.0,4.0,6.0,3.0,7.0,2.0,8.0,1.0,9.0,7.0,6.0,8.0,3.0,5.0,4.0,2.0,7.0,6.0,2.0,3.0,4.0,1.0,9.0,5.0,8.0,8.0,6.0,2.0,4.0,1.0,3.0,9.0,5.0,7.0,7.0,8.0,4.0,3.0,1.0,2.0,9.0,5.0,6.0
PhishingWebsites,Classification,30,2237,32,nn,shapiq,kernel,9.0,1.0,4.0,5.0,6.0,3.0,7.0,2.0,8.0,2.0,9.0,8.0,7.0,6.0,4.0,5.0,3.0,1.0,7.0,6.0,5.0,3.0,2.0,4.0,9.0,1.0,8.0,8.0,6.0,2.0,4.0,1.0,3.0,9.0,5.0,7.0,8.0,6.0,2.0,3.0,4.0,5.0,9.0,1.0,7.0
PhishingWebsites,Classification,30,2237,32,xgb,sage,permutation,9.0,1.0,4.0,3.0,6.0,5.0,7.0,2.0,8.0,1.0,5.0,6.0,3.0,2.0,8.0,4.0,7.0,9.0,8.0,6.0,4.0,3.0,5.0,2.0,9.0,1.0,7.0,8.0,6.0,3.0,4.0,1.0,2.0,9.0,5.0,7.0,5.0,1.0,3.0,2.0,3.0,1.0,6.0,2.0,4.0
PhishingWebsites,Classification,30,2237,32,xgb,shap,kernel,9.0,1.0,4.0,3.0,6.0,5.0,7.0,2.0,8.0,2.0,8.0,5.0,7.0,6.0,9.0,4.0,3.0,1.0,8.0,6.0,4.0,2.0,5.0,1.0,9.0,3.0,7.0,8.0,6.0,3.0,4.0,1.0,2.0,9.0,5.0,7.0,8.0,6.0,5.0,3.0,2.0,1.0,9.0,4.0,7.0
PhishingWebsites,Classification,30,2237,32,xgb,shapiq,kernel,9.0,1.0,4.0,3.0,5.0,6.0,7.0,2.0,8.0,7.0,5.0,2.0,4.0,3.0,9.0,1.0,6.0,8.0,8.0,7.0,4.0,3.0,5.0,2.0,9.0,1.0,6.0,8.0,6.0,3.0,4.0,1.0,2.0,9.0,5.0,7.0,8.0,6.0,4.0,3.0,5.0,2.0,9.0,1.0,7.0
PhishingWebsites,Classification,30,2237,64,nn,sage,permutation,9.0,1.0,4.0,3.0,6.0,5.0,7.0,2.0,8.0,1.0,3.0,7.0,9.0,5.0,4.0,6.0,8.0,2.0,6.0,8.0,3.0,5.0,1.0,4.0,9.0,2.0,7.0,8.0,7.0,2.0,4.0,1.0,3.0,9.0,5.0,6.0,3.0,3.0,3.0,2.0,2.0,2.0,4.0,3.0,1.0
PhishingWebsites,Classification,30,2237,64,nn,shap,kernel,9.0,1.0,5.0,3.0,6.0,4.0,7.0,2.0,8.0,1.0,9.0,8.0,6.0,7.0,3.0,5.0,4.0,2.0,8.0,7.0,4.0,2.0,3.0,1.0,9.0,5.0,6.0,8.0,7.0,2.0,4.0,1.0,3.0,9.0,5.0,6.0,8.0,7.0,4.0,3.0,2.0,1.0,9.0,5.0,6.0
PhishingWebsites,Classification,30,2237,64,nn,shapiq,kernel,9.0,1.0,5.0,3.0,6.0,4.0,7.0,2.0,8.0,2.0,6.0,9.0,8.0,7.0,4.0,5.0,3.0,1.0,7.0,6.0,1.0,4.0,3.0,5.0,9.0,2.0,8.0,8.0,7.0,2.0,4.0,1.0,3.0,9.0,5.0,6.0,8.0,6.0,2.0,5.0,3.0,1.0,9.0,4.0,7.0
PhishingWebsites,Classification,30,2237,64,xgb,sage,permutation,9.0,1.0,4.0,3.0,6.0,5.0,7.0,2.0,8.0,1.0,2.0,5.0,4.0,3.0,9.0,7.0,6.0,8.0,8.0,6.0,3.0,5.0,1.0,2.0,9.0,4.0,7.0,8.0,7.0,2.0,4.0,1.0,3.0,9.0,5.0,6.0,4.0,1.0,2.0,1.0,2.0,2.0,5.0,3.0,2.0
PhishingWebsites,Classification,30,2237,64,xgb,shap,kernel,9.0,1.0,3.0,5.0,6.0,4.0,7.0,2.0,8.0,2.0,8.0,6.0,7.0,5.0,9.0,4.0,3.0,1.0,8.0,7.0,2.0,3.0,4.0,1.0,9.0,5.0,6.0,8.0,7.0,2.0,4.0,1.0,3.0,9.0,5.0,6.0,8.0,7.0,3.0,2.0,4.0,1.0,9.0,5.0,6.0
PhishingWebsites,Classification,30,2237,64,xgb,shapiq,kernel,9.0,1.0,3.0,4.0,5.0,6.0,7.0,2.0,8.0,7.0,5.0,2.0,3.0,4.0,9.0,1.0,6.0,8.0,8.0,6.0,5.0,3.0,1.0,4.0,9.0,2.0,7.0,8.0,7.0,2.0,4.0,1.0,3.0,9.0,5.0,6.0,8.0,6.0,2.0,4.0,3.0,1.0,9.0,5.0,7.0
PhishingWebsites,Classification,30,2237,128,nn,sage,permutation,9.0,1.0,3.0,5.0,6.0,4.0,7.0,2.0,8.0,1.0,3.0,7.0,8.0,6.0,4.0,5.0,9.0,2.0,6.0,7.0,2.0,1.0,4.0,3.0,9.0,5.0,8.0,8.0,7.0,2.0,3.0,1.0,4.0,9.0,5.0,6.0,3.0,2.0,1.0,1.0,1.0,2.0,4.0,2.0,1.0
PhishingWebsites,Classification,30,2237,128,nn,shap,kernel,9.0,1.0,4.0,5.0,6.0,3.0,7.0,2.0,8.0,1.0,9.0,6.0,8.0,7.0,4.0,3.0,5.0,2.0,7.0,8.0,2.0,4.0,1.0,3.0,9.0,5.0,6.0,8.0,7.0,2.0,3.0,1.0,4.0,9.0,5.0,6.0,8.0,7.0,4.0,2.0,1.0,3.0,9.0,5.0,6.0
PhishingWebsites,Classification,30,2237,128,nn,shapiq,kernel,9.0,1.0,6.0,3.0,5.0,4.0,7.0,2.0,8.0,2.0,6.0,8.0,9.0,7.0,3.0,5.0,4.0,1.0,7.0,6.0,4.0,2.0,5.0,1.0,9.0,3.0,8.0,8.0,7.0,2.0,3.0,1.0,4.0,9.0,5.0,6.0,8.0,6.0,2.0,4.0,3.0,5.0,9.0,1.0,7.0
PhishingWebsites,Classification,30,2237,128,xgb,sage,permutation,9.0,1.0,4.0,3.0,5.0,6.0,7.0,2.0,8.0,1.0,6.0,2.0,3.0,5.0,9.0,4.0,7.0,8.0,8.0,6.0,2.0,1.0,4.0,5.0,9.0,3.0,7.0,8.0,7.0,2.0,3.0,1.0,4.0,9.0,5.0,6.0,5.0,3.0,3.0,4.0,2.0,2.0,6.0,3.0,1.0
PhishingWebsites,Classification,30,2237,128,xgb,shap,kernel,9.0,1.0,4.0,3.0,6.0,5.0,7.0,2.0,8.0,3.0,5.0,7.0,8.0,6.0,9.0,2.0,4.0,1.0,8.0,7.0,4.0,3.0,2.0,1.0,9.0,5.0,6.0,8.0,7.0,2.0,3.0,1.0,4.0,9.0,5.0,6.0,8.0,7.0,4.0,3.0,1.0,2.0,9.0,5.0,6.0
PhishingWebsites,Classification,30,2237,128,xgb,shapiq,kernel,9.0,1.0,4.0,3.0,6.0,5.0,7.0,2.0,8.0,7.0,5.0,1.0,3.0,4.0,9.0,2.0,6.0,8.0,8.0,6.0,5.0,4.0,2.0,1.0,9.0,3.0,7.0,8.0,7.0,2.0,3.0,1.0,4.0,9.0,5.0,6.0,8.0,6.0,3.0,4.0,2.0,5.0,9.0,1.0,7.0
abalone,Regression,8,1045,8,nn,sage,permutation,8.0,1.0,5.0,4.0,6.0,3.0,7.0,,2.0,8.0,4.0,6.0,2.0,3.0,5.0,1.0,,7.0,7.0,6.0,2.0,4.0,3.0,1.0,8.0,,5.0,7.0,6.0,1.0,3.0,4.0,2.0,8.0,,5.0,3.0,2.0,1.0,1.0,2.0,1.0,5.0,,4.0
abalone,Regression,8,1045,8,nn,shap,kernel,8.0,1.0,4.0,5.0,7.0,3.0,6.0,,2.0,1.0,8.0,6.0,5.0,7.0,3.0,4.0,,2.0,7.0,5.0,4.0,3.0,2.0,1.0,8.0,,6.0,7.0,6.0,1.0,3.0,4.0,2.0,8.0,,5.0,7.0,6.0,2.0,3.0,4.0,1.0,8.0,,5.0
abalone,Regression,8,1045,8,nn,shapiq,kernel,8.0,1.0,7.0,3.0,5.0,4.0,6.0,,2.0,2.0,8.0,4.0,6.0,7.0,3.0,5.0,,1.0,7.0,6.0,2.0,3.0,4.0,1.0,8.0,,5.0,7.0,6.0,1.0,3.0,4.0,2.0,8.0,,5.0,7.0,6.0,2.0,3.0,4.0,1.0,8.0,,5.0
abalone,Regression,8,1045,8,xgb,sage,permutation,8.0,1.0,5.0,3.0,6.0,4.0,7.0,,2.0,7.0,5.0,6.0,4.0,3.0,2.0,1.0,,8.0,7.0,6.0,2.0,1.0,3.0,4.0,8.0,,5.0,7.0,6.0,1.0,2.0,3.0,4.0,8.0,,5.0,2.0,2.0,1.0,1.0,1.0,1.0,1.0,,3.0
abalone,Regression,8,1045,8,xgb,shap,kernel,8.0,1.0,4.0,3.0,6.0,5.0,7.0,,2.0,6.0,4.0,5.0,2.0,3.0,8.0,1.0,,7.0,7.0,6.0,2.0,1.0,4.0,3.0,8.0,,5.0,7.0,6.0,1.0,2.0,3.0,4.0,8.0,,5.0,7.0,5.0,2.0,1.0,6.0,4.0,8.0,,3.0
abalone,Regression,8,1045,8,xgb,shapiq,kernel,8.0,1.0,4.0,3.0,6.0,5.0,7.0,,2.0,2.0,4.0,3.0,7.0,5.0,8.0,6.0,,1.0,7.0,6.0,2.0,1.0,4.0,3.0,8.0,,5.0,7.0,6.0,1.0,2.0,3.0,4.0,8.0,,5.0,6.0,7.0,2.0,3.0,4.0,1.0,8.0,,5.0
abalone,Regression,8,1045,16,nn,sage,permutation,8.0,1.0,5.0,3.0,6.0,4.0,7.0,,2.0,3.0,8.0,6.0,5.0,4.0,2.0,1.0,,7.0,7.0,6.0,1.0,4.0,3.0,2.0,8.0,,5.0,7.0,6.0,3.0,1.0,2.0,4.0,8.0,,5.0,5.0,4.0,2.0,1.0,3.0,3.0,6.0,,2.0
abalone,Regression,8,1045,16,nn,shap,kernel,8.0,1.0,4.0,3.0,6.0,5.0,7.0,,2.0,2.0,5.0,8.0,7.0,6.0,3.0,4.0,,1.0,7.0,5.0,2.0,3.0,4.0,1.0,8.0,,6.0,7.0,6.0,3.0,1.0,2.0,4.0,8.0,,5.0,7.0,6.0,3.0,4.0,1.0,2.0,8.0,,5.0
abalone,Regression,8,1045,16,nn,shapiq,kernel,8.0,1.0,4.0,3.0,6.0,5.0,7.0,,2.0,2.0,8.0,5.0,6.0,7.0,3.0,4.0,,1.0,7.0,6.0,2.0,1.0,4.0,3.0,8.0,,5.0,7.0,6.0,3.0,1.0,2.0,4.0,8.0,,5.0,7.0,6.0,3.0,1.0,2.0,4.0,8.0,,5.0
abalone,Regression,8,1045,16,xgb,sage,permutation,8.0,1.0,5.0,4.0,6.0,3.0,7.0,,2.0,6.0,8.0,4.0,5.0,2.0,3.0,1.0,,7.0,7.0,6.0,1.0,3.0,4.0,2.0,8.0,,5.0,7.0,6.0,4.0,1.0,2.0,3.0,8.0,,5.0,3.0,4.0,2.0,1.0,1.0,1.0,1.0,,5.0
abalone,Regression,8,1045,16,xgb,shap,kernel,8.0,1.0,4.0,3.0,6.0,5.0,7.0,,2.0,6.0,5.0,4.0,2.0,3.0,8.0,1.0,,7.0,7.0,6.0,2.0,3.0,4.0,1.0,8.0,,5.0,7.0,6.0,4.0,1.0,2.0,3.0,8.0,,5.0,7.0,6.0,2.0,5.0,4.0,1.0,8.0,,3.0
abalone,Regression,8,1045,16,xgb,shapiq,kernel,8.0,1.0,5.0,3.0,6.0,4.0,7.0,,2.0,2.0,7.0,3.0,5.0,6.0,8.0,4.0,,1.0,7.0,6.0,3.0,4.0,2.0,1.0,8.0,,5.0,7.0,6.0,4.0,1.0,2.0,3.0,8.0,,5.0,7.0,6.0,3.0,5.0,1.0,2.0,8.0,,4.0
abalone,Regression,8,1045,32,nn,sage,permutation,8.0,1.0,5.0,2.0,6.0,3.0,7.0,,4.0,6.0,8.0,5.0,3.0,4.0,2.0,1.0,,7.0,5.0,7.0,3.0,4.0,1.0,2.0,8.0,,6.0,6.0,7.0,1.0,3.0,4.0,2.0,8.0,,5.0,2.0,5.0,4.0,5.0,4.0,3.0,6.0,,1.0
abalone,Regression,8,1045,32,nn,shap,kernel,8.0,1.0,4.0,2.0,6.0,3.0,7.0,,5.0,1.0,6.0,8.0,5.0,7.0,3.0,4.0,,2.0,5.0,6.0,3.0,4.0,2.0,1.0,8.0,,7.0,6.0,7.0,1.0,3.0,4.0,2.0,8.0,,5.0,5.0,7.0,3.0,4.0,2.0,1.0,8.0,,6.0
abalone,Regression,8,1045,32,nn,shapiq,kernel,8.0,1.0,4.0,3.0,6.0,5.0,7.0,,2.0,2.0,8.0,5.0,6.0,7.0,3.0,4.0,,1.0,6.0,7.0,4.0,3.0,2.0,1.0,8.0,,5.0,6.0,7.0,1.0,3.0,4.0,2.0,8.0,,5.0,6.0,7.0,4.0,2.0,3.0,1.0,8.0,,5.0
abalone,Regression,8,1045,32,xgb,sage,permutation,8.0,1.0,5.0,4.0,6.0,2.0,7.0,,3.0,7.0,6.0,2.0,5.0,4.0,3.0,1.0,,8.0,5.0,7.0,3.0,2.0,1.0,4.0,8.0,,6.0,6.0,7.0,1.0,2.0,4.0,3.0,8.0,,5.0,3.0,4.0,1.0,1.0,1.0,1.0,1.0,,2.0
abalone,Regression,8,1045,32,xgb,shap,kernel,8.0,1.0,5.0,2.0,6.0,4.0,7.0,,3.0,6.0,5.0,4.0,2.0,3.0,8.0,1.0,,7.0,5.0,7.0,4.0,1.0,2.0,3.0,8.0,,6.0,6.0,7.0,1.0,2.0,4.0,3.0,8.0,,5.0,7.0,6.0,4.0,1.0,2.0,3.0,8.0,,5.0
abalone,Regression,8,1045,32,xgb,shapiq,kernel,8.0,1.0,4.0,2.0,6.0,5.0,7.0,,3.0,2.0,4.0,3.0,7.0,5.0,8.0,6.0,,1.0,7.0,6.0,4.0,3.0,1.0,2.0,8.0,,5.0,6.0,7.0,1.0,2.0,4.0,3.0,8.0,,5.0,7.0,6.0,4.0,3.0,1.0,2.0,8.0,,5.0
abalone,Regression,8,1045,64,nn,sage,permutation,8.0,1.0,2.0,4.0,6.0,3.0,7.0,,5.0,5.0,4.0,7.0,8.0,6.0,2.0,1.0,,3.0,7.0,6.0,5.0,2.0,3.0,4.0,8.0,,1.0,7.0,6.0,3.0,1.0,4.0,2.0,8.0,,5.0,3.0,4.0,4.0,2.0,2.0,3.0,5.0,,1.0
abalone,Regression,8,1045,64,nn,shap,kernel,8.0,1.0,3.0,6.0,4.0,2.0,5.0,,7.0,1.0,5.0,8.0,6.0,7.0,2.0,4.0,,3.0,7.0,6.0,4.0,3.0,2.0,1.0,8.0,,5.0,7.0,6.0,3.0,1.0,4.0,2.0,8.0,,5.0,7.0,6.0,4.0,2.0,3.0,1.0,8.0,,5.0
abalone,Regression,8,1045,64,nn,shapiq,kernel,8.0,1.0,3.0,2.0,5.0,4.0,6.0,,7.0,2.0,8.0,4.0,7.0,6.0,3.0,5.0,,1.0,7.0,6.0,4.0,3.0,2.0,1.0,8.0,,5.0,7.0,6.0,3.0,1.0,4.0,2.0,8.0,,5.0,7.0,6.0,4.0,3.0,2.0,1.0,8.0,,5.0
abalone,Regression,8,1045,64,xgb,sage,permutation,8.0,1.0,4.0,2.0,5.0,3.0,7.0,,6.0,8.0,6.0,3.0,4.0,2.0,5.0,1.0,,7.0,7.0,6.0,4.0,2.0,5.0,3.0,8.0,,1.0,7.0,6.0,2.0,1.0,4.0,3.0,8.0,,5.0,2.0,2.0,1.0,1.0,1.0,1.0,1.0,,1.0
abalone,Regression,8,1045,64,xgb,shap,kernel,8.0,1.0,3.0,2.0,5.0,4.0,7.0,,6.0,5.0,6.0,4.0,2.0,3.0,8.0,1.0,,7.0,7.0,6.0,5.0,2.0,1.0,3.0,8.0,,4.0,7.0,6.0,2.0,1.0,4.0,3.0,8.0,,5.0,7.0,6.0,5.0,3.0,2.0,4.0,8.0,,1.0
abalone,Regression,8,1045,64,xgb,shapiq,kernel,8.0,1.0,4.0,2.0,6.0,3.0,7.0,,5.0,2.0,3.0,4.0,5.0,6.0,8.0,7.0,,1.0,7.0,6.0,5.0,2.0,1.0,3.0,8.0,,4.0,7.0,6.0,2.0,1.0,4.0,3.0,8.0,,5.0,7.0,6.0,2.0,3.0,1.0,4.0,8.0,,5.0
abalone,Regression,8,1045,128,nn,sage,permutation,8.0,1.0,4.0,3.0,5.0,2.0,6.0,,7.0,4.0,8.0,6.0,7.0,5.0,2.0,1.0,,3.0,7.0,6.0,2.0,1.0,3.0,4.0,8.0,,5.0,7.0,6.0,4.0,1.0,3.0,2.0,8.0,,5.0,2.0,1.0,4.0,3.0,2.0,2.0,5.0,,1.0
abalone,Regression,8,1045,128,nn,shap,kernel,8.0,1.0,4.0,3.0,5.0,2.0,6.0,,7.0,1.0,7.0,8.0,5.0,6.0,3.0,4.0,,2.0,6.0,7.0,1.0,2.0,4.0,5.0,8.0,,3.0,7.0,6.0,4.0,1.0,3.0,2.0,8.0,,5.0,6.0,7.0,1.0,2.0,3.0,4.0,8.0,,5.0
abalone,Regression,8,1045,128,nn,shapiq,kernel,8.0,1.0,4.0,2.0,5.0,3.0,6.0,,7.0,2.0,5.0,6.0,8.0,7.0,3.0,4.0,,1.0,7.0,6.0,3.0,2.0,1.0,4.0,8.0,,5.0,7.0,6.0,4.0,1.0,3.0,2.0,8.0,,5.0,7.0,5.0,4.0,1.0,2.0,3.0,8.0,,6.0
abalone,Regression,8,1045,128,xgb,sage,permutation,8.0,1.0,4.0,3.0,5.0,2.0,6.0,,7.0,8.0,7.0,2.0,5.0,4.0,6.0,1.0,,3.0,7.0,6.0,3.0,2.0,1.0,4.0,8.0,,5.0,7.0,6.0,4.0,1.0,2.0,3.0,8.0,,5.0,2.0,1.0,1.0,1.0,1.0,1.0,1.0,,1.0
abalone,Regression,8,1045,128,xgb,shap,kernel,8.0,1.0,3.0,2.0,5.0,4.0,6.0,,7.0,5.0,6.0,4.0,2.0,3.0,8.0,1.0,,7.0,7.0,6.0,2.0,3.0,1.0,4.0,8.0,,5.0,7.0,6.0,4.0,1.0,2.0,3.0,8.0,,5.0,7.0,6.0,2.0,4.0,1.0,3.0,8.0,,5.0
abalone,Regression,8,1045,128,xgb,shapiq,kernel,8.0,1.0,3.0,2.0,5.0,4.0,6.0,,7.0,2.0,3.0,6.0,7.0,5.0,8.0,4.0,,1.0,7.0,6.0,4.0,2.0,1.0,3.0,8.0,,5.0,7.0,6.0,4.0,1.0,2.0,3.0,8.0,,5.0,7.0,5.0,3.0,4.0,1.0,2.0,8.0,,6.0
adult,Classification,14,12209,16,nn,sage,permutation,9.0,1.0,6.0,5.0,7.0,4.0,8.0,2.0,3.0,3.0,7.0,9.0,5.0,4.0,8.0,1.0,6.0,2.0,6.0,7.0,4.0,2.0,3.0,1.0,9.0,5.0,8.0,8.0,7.0,3.0,5.0,4.0,2.0,9.0,1.0,6.0,1.0,2.0,1.0,1.0,1.0,1.0,3.0,1.0,1.0
adult,Classification,14,12209,16,nn,shap,kernel,9.0,1.0,6.0,5.0,7.0,4.0,8.0,2.0,3.0,2.0,8.0,5.0,6.0,7.0,3.0,4.0,9.0,1.0,6.0,7.0,4.0,3.0,2.0,1.0,9.0,5.0,8.0,8.0,7.0,3.0,5.0,4.0,2.0,9.0,1.0,6.0,8.0,7.0,6.0,2.0,5.0,1.0,9.0,3.0,4.0
adult,Classification,14,12209,16,nn,shapiq,kernel,9.0,1.0,5.0,4.0,7.0,6.0,8.0,2.0,3.0,2.0,1.0,7.0,4.0,5.0,8.0,6.0,9.0,3.0,8.0,6.0,1.0,5.0,4.0,2.0,9.0,3.0,7.0,8.0,7.0,3.0,5.0,4.0,2.0,9.0,1.0,6.0,8.0,6.0,1.0,5.0,3.0,2.0,9.0,4.0,7.0
adult,Classification,14,12209,16,xgb,sage,permutation,9.0,1.0,5.0,4.0,7.0,6.0,8.0,2.0,3.0,5.0,3.0,8.0,4.0,7.0,9.0,1.0,6.0,2.0,8.0,6.0,4.0,3.0,1.0,2.0,9.0,5.0,7.0,8.0,7.0,3.0,5.0,4.0,1.0,9.0,2.0,6.0,2.0,3.0,1.0,1.0,1.0,1.0,4.0,1.0,1.0
adult,Classification,14,12209,16,xgb,shap,kernel,9.0,1.0,5.0,4.0,6.0,7.0,8.0,2.0,3.0,7.0,3.0,2.0,4.0,5.0,8.0,1.0,9.0,6.0,7.0,6.0,4.0,2.0,3.0,1.0,9.0,5.0,8.0,8.0,7.0,3.0,5.0,4.0,1.0,9.0,2.0,6.0,8.0,6.0,5.0,3.0,7.0,1.0,9.0,2.0,4.0
adult,Classification,14,12209,16,xgb,shapiq,kernel,9.0,1.0,5.0,4.0,7.0,6.0,8.0,2.0,3.0,1.0,2.0,6.0,7.0,5.0,8.0,4.0,9.0,3.0,8.0,6.0,4.0,2.0,3.0,5.0,9.0,1.0,7.0,8.0,7.0,3.0,5.0,4.0,1.0,9.0,2.0,6.0,8.0,6.0,3.0,1.0,4.0,5.0,9.0,2.0,7.0
adult,Classification,14,12209,32,nn,sage,permutation,9.0,1.0,6.0,5.0,7.0,4.0,8.0,2.0,3.0,5.0,7.0,6.0,8.0,9.0,4.0,1.0,3.0,2.0,7.0,5.0,1.0,4.0,3.0,2.0,9.0,6.0,8.0,7.0,8.0,2.0,1.0,3.0,4.0,9.0,5.0,6.0,1.0,2.0,1.0,1.0,1.0,1.0,3.0,1.0,1.0
adult,Classification,14,12209,32,nn,shap,kernel,9.0,1.0,5.0,6.0,7.0,4.0,8.0,2.0,3.0,3.0,8.0,5.0,6.0,7.0,1.0,4.0,9.0,2.0,6.0,7.0,3.0,2.0,1.0,4.0,9.0,5.0,8.0,7.0,8.0,2.0,1.0,3.0,4.0,9.0,5.0,6.0,6.0,8.0,2.0,3.0,1.0,4.0,9.0,5.0,7.0
adult,Classification,14,12209,32,nn,shapiq,kernel,9.0,1.0,5.0,4.0,7.0,6.0,8.0,2.0,3.0,2.0,1.0,7.0,5.0,4.0,8.0,6.0,9.0,3.0,7.0,8.0,3.0,4.0,1.0,2.0,9.0,5.0,6.0,7.0,8.0,2.0,1.0,3.0,4.0,9.0,5.0,6.0,6.0,7.0,3.0,4.0,1.0,2.0,9.0,5.0,8.0
adult,Classification,14,12209,32,xgb,sage,permutation,9.0,1.0,5.0,4.0,7.0,6.0,8.0,2.0,3.0,4.0,5.0,9.0,3.0,7.0,8.0,1.0,6.0,2.0,8.0,6.0,1.0,2.0,4.0,3.0,9.0,5.0,7.0,7.0,8.0,2.0,1.0,4.0,3.0,9.0,5.0,6.0,3.0,1.0,1.0,1.0,1.0,1.0,4.0,1.0,2.0
adult,Classification,14,12209,32,xgb,shap,kernel,9.0,1.0,5.0,4.0,7.0,6.0,8.0,2.0,3.0,7.0,4.0,3.0,5.0,2.0,8.0,1.0,9.0,6.0,7.0,6.0,2.0,4.0,1.0,3.0,9.0,5.0,8.0,7.0,8.0,2.0,1.0,4.0,3.0,9.0,5.0,6.0,8.0,7.0,5.0,3.0,1.0,2.0,9.0,4.0,6.0
adult,Classification,14,12209,32,xgb,shapiq,kernel,9.0,1.0,5.0,4.0,7.0,6.0,8.0,2.0,3.0,1.0,2.0,7.0,6.0,5.0,8.0,4.0,9.0,3.0,8.0,6.0,2.0,4.0,1.0,5.0,9.0,3.0,7.0,7.0,8.0,2.0,1.0,4.0,3.0,9.0,5.0,6.0,8.0,6.0,2.0,5.0,1.0,4.0,9.0,3.0,7.0
adult,Classification,14,12209,64,nn,sage,permutation,9.0,1.0,5.0,4.0,6.0,3.0,8.0,2.0,7.0,9.0,8.0,6.0,4.0,7.0,3.0,1.0,5.0,2.0,5.0,6.0,1.0,4.0,3.0,2.0,9.0,7.0,8.0,8.0,7.0,4.0,2.0,1.0,3.0,9.0,5.0,6.0,1.0,1.0,1.0,1.0,1.0,1.0,2.0,1.0,1.0
adult,Classification,14,12209,64,nn,shap,kernel,9.0,1.0,6.0,5.0,7.0,3.0,8.0,2.0,4.0,2.0,8.0,6.0,5.0,7.0,1.0,4.0,9.0,3.0,5.0,6.0,4.0,1.0,3.0,2.0,9.0,7.0,8.0,8.0,7.0,4.0,2.0,1.0,3.0,9.0,5.0,6.0,6.0,5.0,4.0,2.0,1.0,3.0,9.0,7.0,8.0
adult,Classification,14,12209,64,nn,shapiq,kernel,9.0,1.0,5.0,4.0,7.0,6.0,8.0,2.0,3.0,1.0,2.0,6.0,5.0,4.0,8.0,7.0,9.0,3.0,6.0,7.0,4.0,1.0,2.0,3.0,9.0,5.0,8.0,8.0,7.0,4.0,2.0,1.0,3.0,9.0,5.0,6.0,5.0,6.0,4.0,2.0,1.0,3.0,9.0,7.0,8.0
adult,Classification,14,12209,64,xgb,sage,permutation,9.0,1.0,4.0,3.0,6.0,5.0,8.0,2.0,7.0,3.0,4.0,8.0,7.0,5.0,9.0,1.0,6.0,2.0,8.0,5.0,1.0,4.0,3.0,2.0,9.0,6.0,7.0,8.0,7.0,3.0,2.0,1.0,4.0,9.0,5.0,6.0,2.0,1.0,1.0,1.0,1.0,1.0,3.0,1.0,1.0
adult,Classification,14,12209,64,xgb,shap,kernel,9.0,1.0,4.0,3.0,7.0,5.0,8.0,2.0,6.0,7.0,3.0,2.0,5.0,4.0,8.0,1.0,9.0,6.0,7.0,5.0,4.0,2.0,3.0,1.0,9.0,6.0,8.0,8.0,7.0,3.0,2.0,1.0,4.0,9.0,5.0,6.0,8.0,6.0,3.0,1.0,4.0,2.0,9.0,5.0,7.0
adult,Classification,14,12209,64,xgb,shapiq,kernel,9.0,1.0,4.0,3.0,7.0,6.0,8.0,2.0,5.0,1.0,2.0,6.0,7.0,4.0,8.0,5.0,9.0,3.0,8.0,6.0,3.0,2.0,1.0,4.0,9.0,5.0,7.0,8.0,7.0,3.0,2.0,1.0,4.0,9.0,5.0,6.0,8.0,6.0,3.0,2.0,1.0,4.0,9.0,5.0,7.0
adult,Classification,14,12209,128,nn,sage,permutation,9.0,1.0,5.0,3.0,6.0,4.0,7.0,2.0,8.0,4.0,5.0,7.0,8.0,6.0,3.0,1.0,9.0,2.0,5.0,6.0,3.0,4.0,2.0,1.0,9.0,7.0,8.0,7.0,6.0,2.0,3.0,1.0,4.0,9.0,5.0,8.0,1.0,1.0,1.0,1.0,1.0,1.0,2.0,1.0,1.0
adult,Classification,14,12209,128,nn,shap,kernel,9.0,1.0,5.0,4.0,6.0,3.0,8.0,2.0,7.0,4.0,8.0,6.0,7.0,5.0,1.0,3.0,9.0,2.0,6.0,5.0,4.0,1.0,2.0,3.0,9.0,7.0,8.0,7.0,6.0,2.0,3.0,1.0,4.0,9.0,5.0,8.0,6.0,5.0,2.0,1.0,4.0,3.0,9.0,7.0,8.0
adult,Classification,14,12209,128,nn,shapiq,kernel,9.0,1.0,4.0,3.0,6.0,5.0,8.0,2.0,7.0,2.0,1.0,7.0,5.0,4.0,8.0,6.0,9.0,3.0,6.0,5.0,3.0,2.0,1.0,4.0,9.0,7.0,8.0,7.0,6.0,2.0,3.0,1.0,4.0,9.0,5.0,8.0,6.0,5.0,3.0,2.0,1.0,4.0,9.0,7.0,8.0
adult,Classification,14,12209,128,xgb,sage,permutation,9.0,1.0,4.0,3.0,6.0,5.0,7.0,2.0,8.0,7.0,3.0,4.0,6.0,5.0,8.0,1.0,9.0,2.0,7.0,5.0,4.0,3.0,2.0,1.0,9.0,6.0,8.0,7.0,6.0,2.0,3.0,1.0,4.0,9.0,5.0,8.0,2.0,1.0,1.0,1.0,1.0,1.0,3.0,1.0,1.0
adult,Classification,14,12209,128,xgb,shap,kernel,9.0,1.0,4.0,3.0,6.0,5.0,7.0,2.0,8.0,7.0,4.0,2.0,5.0,3.0,8.0,1.0,9.0,6.0,7.0,5.0,3.0,2.0,4.0,1.0,9.0,6.0,8.0,7.0,6.0,2.0,3.0,1.0,4.0,9.0,5.0,8.0,7.0,5.0,2.0,3.0,4.0,1.0,9.0,6.0,8.0
adult,Classification,14,12209,128,xgb,shapiq,kernel,9.0,1.0,3.0,4.0,6.0,5.0,7.0,2.0,8.0,1.0,2.0,6.0,7.0,4.0,8.0,5.0,9.0,3.0,8.0,5.0,3.0,1.0,2.0,4.0,9.0,6.0,7.0,7.0,6.0,2.0,3.0,1.0,4.0,9.0,5.0,8.0,7.0,5.0,4.0,1.0,2.0,3.0,9.0,6.0,8.0
adult,Classification,14,12209,256,nn,sage,permutation,8.0,1.0,4.0,3.0,5.0,2.0,6.0,,7.0,4.0,6.0,8.0,5.0,7.0,3.0,1.0,,2.0,6.0,5.0,4.0,1.0,3.0,2.0,8.0,,7.0,6.0,5.0,3.0,2.0,1.0,4.0,8.0,,7.0,1.0,1.0,1.0,1.0,1.0,1.0,2.0,,1.0
adult,Classification,14,12209,256,nn,shap,kernel,8.0,1.0,4.0,3.0,5.0,2.0,6.0,,7.0,3.0,5.0,7.0,8.0,6.0,1.0,4.0,,2.0,6.0,5.0,4.0,1.0,3.0,2.0,8.0,,7.0,6.0,5.0,3.0,2.0,1.0,4.0,8.0,,7.0,5.0,6.0,4.0,1.0,3.0,2.0,8.0,,7.0
adult,Classification,14,12209,256,nn,shapiq,kernel,8.0,1.0,3.0,2.0,5.0,4.0,6.0,,7.0,2.0,3.0,7.0,5.0,4.0,8.0,6.0,,1.0,6.0,5.0,4.0,2.0,1.0,3.0,8.0,,7.0,6.0,5.0,3.0,2.0,1.0,4.0,8.0,,7.0,6.0,5.0,4.0,2.0,1.0,3.0,8.0,,7.0
adult,Classification,14,12209,256,xgb,sage,permutation,8.0,1.0,3.0,2.0,5.0,4.0,6.0,,7.0,4.0,3.0,5.0,7.0,6.0,8.0,1.0,,2.0,6.0,5.0,4.0,3.0,2.0,1.0,8.0,,7.0,6.0,5.0,3.0,2.0,1.0,4.0,8.0,,7.0,2.0,1.0,1.0,1.0,1.0,1.0,3.0,,1.0
adult,Classification,14,12209,256,xgb,shap,kernel,8.0,1.0,3.0,2.0,5.0,4.0,6.0,,7.0,7.0,4.0,5.0,3.0,2.0,8.0,1.0,,6.0,6.0,5.0,2.0,4.0,3.0,1.0,8.0,,7.0,6.0,5.0,3.0,2.0,1.0,4.0,8.0,,7.0,7.0,5.0,3.0,4.0,2.0,1.0,8.0,,6.0
adult,Classification,14,12209,256,xgb,shapiq,kernel,8.0,1.0,3.0,2.0,5.0,4.0,6.0,,7.0,1.0,2.0,4.0,5.0,6.0,8.0,7.0,,3.0,7.0,5.0,4.0,3.0,1.0,2.0,8.0,,6.0,6.0,5.0,3.0,2.0,1.0,4.0,8.0,,7.0,7.0,5.0,3.0,4.0,1.0,2.0,8.0,,6.0
bank-marketing,Classification,16,11303,16,nn,sage,permutation,9.0,1.0,6.0,4.0,7.0,5.0,8.0,2.0,3.0,2.0,7.0,9.0,8.0,6.0,3.0,1.0,4.0,5.0,6.0,7.0,5.0,1.0,2.0,4.0,9.0,8.0,3.0,7.0,5.0,1.0,2.0,3.0,1.0,8.0,4.0,6.0,2.0,3.0,1.0,1.0,1.0,1.0,4.0,2.0,1.0
bank-marketing,Classification,16,11303,16,nn,shap,kernel,9.0,1.0,5.0,6.0,7.0,4.0,8.0,2.0,3.0,2.0,7.0,9.0,8.0,6.0,4.0,1.0,5.0,3.0,7.0,8.0,2.0,4.0,3.0,1.0,9.0,6.0,5.0,7.0,5.0,1.0,2.0,3.0,1.0,8.0,4.0,6.0,7.0,8.0,4.0,5.0,2.0,3.0,9.0,1.0,6.0
bank-marketing,Classification,16,11303,16,nn,shapiq,kernel,9.0,1.0,5.0,4.0,7.0,6.0,8.0,2.0,3.0,1.0,4.0,6.0,8.0,5.0,3.0,7.0,9.0,2.0,8.0,6.0,1.0,3.0,5.0,2.0,9.0,4.0,7.0,7.0,5.0,1.0,2.0,3.0,1.0,8.0,4.0,6.0,8.0,7.0,2.0,5.0,4.0,3.0,9.0,6.0,1.0
bank-marketing,Classification,16,11303,16,xgb,sage,permutation,9.0,1.0,5.0,4.0,7.0,6.0,8.0,2.0,3.0,9.0,3.0,6.0,4.0,7.0,8.0,1.0,2.0,5.0,6.0,3.0,7.0,1.0,2.0,5.0,9.0,8.0,4.0,7.0,5.0,1.0,2.0,3.0,1.0,8.0,4.0,6.0,3.0,2.0,1.0,1.0,1.0,1.0,5.0,3.0,4.0
bank-marketing,Classification,16,11303,16,xgb,shap,kernel,9.0,1.0,5.0,4.0,7.0,6.0,8.0,2.0,3.0,7.0,4.0,5.0,2.0,3.0,8.0,1.0,9.0,6.0,6.0,5.0,2.0,4.0,1.0,3.0,9.0,8.0,7.0,7.0,5.0,1.0,2.0,3.0,1.0,8.0,4.0,6.0,8.0,2.0,3.0,7.0,1.0,4.0,9.0,5.0,6.0
bank-marketing,Classification,16,11303,16,xgb,shapiq,kernel,9.0,1.0,5.0,4.0,7.0,6.0,8.0,2.0,3.0,2.0,1.0,7.0,4.0,5.0,8.0,6.0,9.0,3.0,7.0,6.0,2.0,4.0,3.0,1.0,9.0,5.0,8.0,7.0,5.0,1.0,2.0,3.0,1.0,8.0,4.0,6.0,8.0,5.0,2.0,6.0,3.0,1.0,9.0,4.0,7.0
bank-marketing,Classification,16,11303,32,nn,sage,permutation,9.0,1.0,5.0,4.0,7.0,6.0,8.0,2.0,3.0,2.0,9.0,6.0,7.0,8.0,3.0,1.0,4.0,5.0,6.0,7.0,3.0,2.0,4.0,1.0,9.0,8.0,5.0,8.0,6.0,2.0,4.0,1.0,3.0,9.0,5.0,7.0,2.0,1.0,1.0,1.0,1.0,1.0,3.0,1.0,1.0
bank-marketing,Classification,16,11303,32,nn,shap,kernel,9.0,1.0,5.0,6.0,7.0,4.0,8.0,2.0,3.0,4.0,8.0,7.0,9.0,6.0,2.0,1.0,5.0,3.0,7.0,6.0,2.0,1.0,4.0,3.0,9.0,8.0,5.0,8.0,6.0,2.0,4.0,1.0,3.0,9.0,5.0,7.0,6.0,8.0,1.0,4.0,2.0,3.0,9.0,5.0,7.0
bank-marketing,Classification,16,11303,32,nn,shapiq,kernel,9.0,1.0,5.0,4.0,7.0,6.0,8.0,2.0,3.0,1.0,3.0,6.0,5.0,7.0,4.0,8.0,9.0,2.0,8.0,6.0,2.0,3.0,1.0,4.0,9.0,5.0,7.0,8.0,6.0,2.0,4.0,1.0,3.0,9.0,5.0,7.0,8.0,7.0,1.0,3.0,5.0,2.0,9.0,6.0,4.0
bank-marketing,Classification,16,11303,32,xgb,sage,permutation,9.0,1.0,5.0,4.0,7.0,6.0,8.0,2.0,3.0,3.0,5.0,4.0,6.0,7.0,9.0,1.0,2.0,8.0,7.0,6.0,3.0,5.0,1.0,2.0,9.0,8.0,4.0,8.0,6.0,2.0,4.0,1.0,3.0,9.0,5.0,7.0,4.0,2.0,3.0,1.0,1.0,2.0,6.0,3.0,5.0
bank-marketing,Classification,16,11303,32,xgb,shap,kernel,9.0,1.0,5.0,4.0,7.0,6.0,8.0,2.0,3.0,7.0,6.0,4.0,3.0,2.0,8.0,1.0,9.0,5.0,7.0,5.0,1.0,4.0,2.0,3.0,9.0,8.0,6.0,8.0,6.0,2.0,4.0,1.0,3.0,9.0,5.0,7.0,7.0,5.0,1.0,4.0,2.0,3.0,9.0,8.0,6.0
bank-marketing,Classification,16,11303,32,xgb,shapiq,kernel,9.0,1.0,5.0,4.0,7.0,6.0,8.0,2.0,3.0,2.0,1.0,7.0,4.0,5.0,8.0,6.0,9.0,3.0,8.0,5.0,3.0,1.0,2.0,4.0,9.0,6.0,7.0,8.0,6.0,2.0,4.0,1.0,3.0,9.0,5.0,7.0,8.0,5.0,3.0,1.0,2.0,4.0,9.0,7.0,6.0
bank-marketing,Classification,16,11303,64,nn,sage,permutation,9.0,1.0,5.0,4.0,7.0,6.0,8.0,2.0,3.0,2.0,7.0,6.0,9.0,8.0,3.0,1.0,5.0,4.0,7.0,6.0,1.0,2.0,5.0,3.0,9.0,8.0,4.0,8.0,6.0,3.0,4.0,1.0,2.0,9.0,5.0,7.0,1.0,1.0,1.0,1.0,1.0,1.0,2.0,1.0,1.0
bank-marketing,Classification,16,11303,64,nn,shap,kernel,9.0,1.0,6.0,5.0,7.0,4.0,8.0,2.0,3.0,4.0,5.0,6.0,8.0,7.0,2.0,1.0,9.0,3.0,7.0,6.0,2.0,1.0,4.0,3.0,9.0,8.0,5.0,8.0,6.0,3.0,4.0,1.0,2.0,9.0,5.0,7.0,5.0,7.0,2.0,1.0,4.0,3.0,9.0,6.0,8.0
bank-marketing,Classification,16,11303,64,nn,shapiq,kernel,9.0,1.0,4.0,3.0,7.0,5.0,8.0,2.0,6.0,1.0,4.0,5.0,6.0,7.0,3.0,8.0,9.0,2.0,8.0,6.0,4.0,2.0,1.0,3.0,9.0,5.0,7.0,8.0,6.0,3.0,4.0,1.0,2.0,9.0,5.0,7.0,7.0,6.0,4.0,2.0,1.0,3.0,9.0,8.0,5.0
bank-marketing,Classification,16,11303,64,xgb,sage,permutation,9.0,1.0,4.0,3.0,7.0,6.0,8.0,2.0,5.0,3.0,4.0,5.0,7.0,8.0,9.0,1.0,2.0,6.0,7.0,6.0,3.0,1.0,4.0,2.0,9.0,8.0,5.0,8.0,5.0,3.0,4.0,1.0,2.0,9.0,6.0,7.0,4.0,3.0,1.0,1.0,2.0,1.0,6.0,4.0,5.0
bank-marketing,Classification,16,11303,64,xgb,shap,kernel,9.0,1.0,4.0,3.0,7.0,5.0,8.0,2.0,6.0,7.0,5.0,2.0,4.0,3.0,8.0,1.0,9.0,6.0,7.0,5.0,3.0,2.0,4.0,1.0,9.0,8.0,6.0,8.0,5.0,3.0,4.0,1.0,2.0,9.0,6.0,7.0,7.0,5.0,4.0,3.0,2.0,1.0,9.0,8.0,6.0
bank-marketing,Classification,16,11303,64,xgb,shapiq,kernel,9.0,1.0,5.0,3.0,7.0,6.0,8.0,2.0,4.0,2.0,1.0,7.0,5.0,4.0,8.0,6.0,9.0,3.0,8.0,5.0,4.0,1.0,2.0,3.0,9.0,6.0,7.0,8.0,5.0,3.0,4.0,1.0,2.0,9.0,6.0,7.0,8.0,5.0,4.0,1.0,2.0,3.0,9.0,7.0,6.0
bank-marketing,Classification,16,11303,128,nn,sage,permutation,9.0,1.0,5.0,4.0,6.0,3.0,8.0,2.0,7.0,2.0,9.0,7.0,6.0,8.0,3.0,1.0,5.0,4.0,7.0,6.0,3.0,4.0,2.0,1.0,9.0,8.0,5.0,8.0,6.0,2.0,3.0,1.0,4.0,9.0,5.0,7.0,1.0,1.0,1.0,1.0,1.0,1.0,2.0,1.0,1.0
bank-marketing,Classification,16,11303,128,nn,shap,kernel,9.0,1.0,5.0,4.0,6.0,3.0,8.0,2.0,7.0,4.0,5.0,6.0,7.0,8.0,2.0,1.0,9.0,3.0,7.0,5.0,3.0,1.0,4.0,2.0,9.0,8.0,6.0,8.0,6.0,2.0,3.0,1.0,4.0,9.0,5.0,7.0,7.0,6.0,2.0,1.0,4.0,3.0,9.0,8.0,5.0
bank-marketing,Classification,16,11303,128,nn,shapiq,kernel,9.0,1.0,4.0,3.0,6.0,5.0,8.0,2.0,7.0,1.0,4.0,5.0,7.0,6.0,2.0,8.0,9.0,3.0,7.0,5.0,4.0,1.0,2.0,3.0,9.0,6.0,8.0,8.0,6.0,2.0,3.0,1.0,4.0,9.0,5.0,7.0,6.0,5.0,3.0,2.0,1.0,4.0,9.0,8.0,7.0
bank-marketing,Classification,16,11303,128,xgb,sage,permutation,9.0,1.0,4.0,3.0,6.0,5.0,8.0,2.0,7.0,6.0,4.0,8.0,5.0,7.0,9.0,1.0,2.0,3.0,5.0,6.0,4.0,1.0,3.0,2.0,9.0,8.0,7.0,8.0,5.0,2.0,4.0,1.0,3.0,9.0,7.0,6.0,3.0,2.0,1.0,1.0,1.0,1.0,5.0,3.0,4.0
bank-marketing,Classification,16,11303,128,xgb,shap,kernel,9.0,1.0,4.0,3.0,6.0,5.0,7.0,2.0,8.0,7.0,5.0,2.0,4.0,3.0,8.0,1.0,9.0,6.0,7.0,5.0,4.0,2.0,3.0,1.0,9.0,8.0,6.0,8.0,5.0,2.0,4.0,1.0,3.0,9.0,7.0,6.0,7.0,5.0,4.0,2.0,3.0,1.0,9.0,8.0,6.0
bank-marketing,Classification,16,11303,128,xgb,shapiq,kernel,9.0,1.0,4.0,3.0,6.0,5.0,8.0,2.0,7.0,2.0,1.0,7.0,6.0,4.0,8.0,5.0,9.0,3.0,8.0,5.0,4.0,3.0,2.0,1.0,9.0,6.0,7.0,8.0,5.0,2.0,4.0,1.0,3.0,9.0,7.0,6.0,8.0,5.0,4.0,3.0,2.0,1.0,9.0,7.0,6.0
bank-marketing,Classification,16,11303,256,nn,sage,permutation,8.0,1.0,3.0,2.0,5.0,4.0,6.0,,7.0,2.0,5.0,6.0,7.0,8.0,3.0,1.0,,4.0,7.0,4.0,2.0,3.0,1.0,5.0,8.0,,6.0,6.0,5.0,4.0,3.0,1.0,2.0,8.0,,7.0,1.0,1.0,1.0,1.0,1.0,1.0,2.0,,1.0
bank-marketing,Classification,16,11303,256,nn,shap,kernel,8.0,1.0,3.0,4.0,5.0,2.0,6.0,,7.0,4.0,5.0,6.0,7.0,8.0,2.0,1.0,,3.0,6.0,5.0,4.0,2.0,3.0,1.0,8.0,,7.0,6.0,5.0,4.0,3.0,1.0,2.0,8.0,,7.0,7.0,6.0,4.0,2.0,3.0,1.0,8.0,,5.0
bank-marketing,Classification,16,11303,256,nn,shapiq,kernel,8.0,1.0,3.0,2.0,5.0,4.0,6.0,,7.0,1.0,5.0,8.0,6.0,4.0,2.0,7.0,,3.0,6.0,5.0,4.0,3.0,1.0,2.0,8.0,,7.0,6.0,5.0,4.0,3.0,1.0,2.0,8.0,,7.0,6.0,5.0,4.0,3.0,1.0,2.0,8.0,,7.0
bank-marketing,Classification,16,11303,256,xgb,sage,permutation,8.0,1.0,3.0,2.0,5.0,4.0,6.0,,7.0,3.0,5.0,4.0,7.0,6.0,8.0,1.0,,2.0,6.0,5.0,2.0,3.0,4.0,1.0,8.0,,7.0,6.0,5.0,3.0,2.0,1.0,4.0,8.0,,7.0,2.0,3.0,3.0,3.0,2.0,1.0,5.0,,4.0
bank-marketing,Classification,16,11303,256,xgb,shap,kernel,8.0,1.0,3.0,2.0,5.0,4.0,6.0,,7.0,7.0,3.0,2.0,4.0,5.0,8.0,1.0,,6.0,7.0,5.0,3.0,4.0,2.0,1.0,8.0,,6.0,6.0,5.0,3.0,2.0,1.0,4.0,8.0,,7.0,7.0,5.0,3.0,4.0,2.0,1.0,8.0,,6.0
bank-marketing,Classification,16,11303,256,xgb,shapiq,kernel,8.0,1.0,3.0,2.0,5.0,4.0,6.0,,7.0,2.0,1.0,7.0,6.0,5.0,8.0,4.0,,3.0,7.0,5.0,4.0,3.0,2.0,1.0,8.0,,6.0,6.0,5.0,3.0,2.0,1.0,4.0,8.0,,7.0,7.0,5.0,3.0,4.0,2.0,1.0,8.0,,6.0
brazilian_houses,Regression,9,2635,8,nn,sage,permutation,8.0,1.0,5.0,3.0,6.0,4.0,7.0,,2.0,2.0,8.0,7.0,6.0,5.0,3.0,4.0,,1.0,6.0,5.0,2.0,4.0,3.0,1.0,8.0,,7.0,7.0,5.0,2.0,3.0,4.0,1.0,8.0,,6.0,3.0,2.0,1.0,1.0,1.0,1.0,4.0,,1.0
brazilian_houses,Regression,9,2635,8,nn,shap,kernel,8.0,1.0,4.0,3.0,6.0,5.0,7.0,,2.0,3.0,2.0,4.0,6.0,5.0,8.0,1.0,,7.0,6.0,5.0,1.0,4.0,2.0,3.0,8.0,,7.0,7.0,5.0,2.0,3.0,4.0,1.0,8.0,,6.0,6.0,5.0,1.0,4.0,3.0,2.0,8.0,,7.0
brazilian_houses,Regression,9,2635,8,nn,shapiq,kernel,8.0,1.0,3.0,4.0,6.0,5.0,7.0,,2.0,2.0,7.0,6.0,3.0,5.0,8.0,4.0,,1.0,7.0,5.0,1.0,3.0,4.0,2.0,8.0,,6.0,7.0,5.0,2.0,3.0,4.0,1.0,8.0,,6.0,7.0,6.0,2.0,1.0,4.0,3.0,8.0,,5.0
brazilian_houses,Regression,9,2635,8,xgb,sage,permutation,8.0,1.0,5.0,3.0,6.0,4.0,7.0,,2.0,6.0,7.0,5.0,2.0,8.0,4.0,1.0,,3.0,5.0,7.0,2.0,4.0,1.0,3.0,8.0,,6.0,7.0,5.0,2.0,3.0,4.0,1.0,8.0,,6.0,2.0,3.0,4.0,1.0,1.0,5.0,6.0,,1.0
brazilian_houses,Regression,9,2635,8,xgb,shap,kernel,8.0,1.0,4.0,3.0,6.0,5.0,7.0,,2.0,3.0,2.0,8.0,6.0,7.0,4.0,1.0,,5.0,5.0,6.0,2.0,4.0,3.0,1.0,8.0,,7.0,7.0,5.0,2.0,3.0,4.0,1.0,8.0,,6.0,4.0,5.0,2.0,3.0,7.0,1.0,8.0,,6.0
brazilian_houses,Regression,9,2635,8,xgb,shapiq,kernel,8.0,1.0,7.0,4.0,5.0,3.0,6.0,,2.0,1.0,4.0,5.0,7.0,8.0,2.0,6.0,,3.0,5.0,7.0,2.0,4.0,3.0,1.0,8.0,,6.0,7.0,5.0,2.0,3.0,4.0,1.0,8.0,,6.0,4.0,3.0,2.0,5.0,6.0,1.0,8.0,,7.0
brazilian_houses,Regression,9,2635,16,nn,sage,permutation,8.0,1.0,2.0,3.0,6.0,4.0,7.0,,5.0,2.0,7.0,8.0,6.0,5.0,4.0,3.0,,1.0,6.0,5.0,3.0,2.0,1.0,4.0,8.0,,7.0,6.0,7.0,4.0,1.0,3.0,2.0,8.0,,5.0,2.0,3.0,1.0,1.0,1.0,1.0,4.0,,1.0
brazilian_houses,Regression,9,2635,16,nn,shap,kernel,8.0,1.0,3.0,2.0,6.0,5.0,7.0,,4.0,2.0,4.0,6.0,5.0,7.0,8.0,1.0,,3.0,6.0,5.0,4.0,2.0,1.0,3.0,8.0,,7.0,6.0,7.0,4.0,1.0,3.0,2.0,8.0,,5.0,6.0,5.0,4.0,2.0,1.0,3.0,8.0,,7.0
brazilian_houses,Regression,9,2635,16,nn,shapiq,kernel,8.0,1.0,4.0,2.0,6.0,5.0,7.0,,3.0,2.0,7.0,6.0,4.0,5.0,8.0,3.0,,1.0,7.0,6.0,4.0,1.0,2.0,3.0,8.0,,5.0,6.0,7.0,4.0,1.0,3.0,2.0,8.0,,5.0,7.0,6.0,4.0,1.0,2.0,3.0,8.0,,5.0
brazilian_houses,Regression,9,2635,16,xgb,sage,permutation,8.0,1.0,3.0,2.0,5.0,4.0,7.0,,6.0,8.0,4.0,6.0,3.0,7.0,5.0,1.0,,2.0,7.0,6.0,2.0,1.0,4.0,3.0,8.0,,5.0,6.0,7.0,3.0,1.0,2.0,4.0,8.0,,5.0,3.0,2.0,1.0,1.0,1.0,1.0,4.0,,1.0
brazilian_houses,Regression,9,2635,16,xgb,shap,kernel,8.0,1.0,2.0,3.0,5.0,4.0,6.0,,7.0,2.0,6.0,8.0,5.0,7.0,3.0,1.0,,4.0,7.0,5.0,4.0,1.0,2.0,3.0,8.0,,6.0,6.0,7.0,3.0,1.0,2.0,4.0,8.0,,5.0,7.0,6.0,4.0,2.0,1.0,3.0,8.0,,5.0
brazilian_houses,Regression,9,2635,16,xgb,shapiq,kernel,8.0,1.0,2.0,3.0,6.0,4.0,7.0,,5.0,1.0,4.0,6.0,7.0,8.0,2.0,5.0,,3.0,7.0,6.0,2.0,3.0,1.0,4.0,8.0,,5.0,6.0,7.0,3.0,1.0,2.0,4.0,8.0,,5.0,7.0,6.0,3.0,2.0,1.0,4.0,8.0,,5.0
brazilian_houses,Regression,9,2635,32,nn,sage,permutation,8.0,1.0,3.0,2.0,5.0,4.0,7.0,,6.0,1.0,5.0,8.0,7.0,6.0,2.0,4.0,,3.0,7.0,5.0,2.0,4.0,3.0,1.0,8.0,,6.0,6.0,7.0,2.0,4.0,3.0,1.0,8.0,,5.0,3.0,2.0,1.0,1.0,1.0,1.0,4.0,,1.0
brazilian_houses,Regression,9,2635,32,nn,shap,kernel,8.0,1.0,3.0,2.0,5.0,4.0,7.0,,6.0,3.0,8.0,5.0,7.0,6.0,4.0,1.0,,2.0,7.0,5.0,3.0,4.0,1.0,2.0,8.0,,6.0,6.0,7.0,2.0,4.0,3.0,1.0,8.0,,5.0,7.0,6.0,3.0,4.0,1.0,2.0,8.0,,5.0
brazilian_houses,Regression,9,2635,32,nn,shapiq,kernel,8.0,1.0,4.0,2.0,5.0,3.0,7.0,,6.0,2.0,3.0,7.0,4.0,6.0,8.0,5.0,,1.0,7.0,6.0,2.0,4.0,3.0,1.0,8.0,,5.0,6.0,7.0,2.0,4.0,3.0,1.0,8.0,,5.0,7.0,6.0,2.0,4.0,3.0,1.0,8.0,,5.0
brazilian_houses,Regression,9,2635,32,xgb,sage,permutation,8.0,1.0,3.0,2.0,5.0,4.0,7.0,,6.0,8.0,7.0,5.0,6.0,3.0,4.0,1.0,,2.0,7.0,6.0,2.0,5.0,4.0,1.0,8.0,,3.0,6.0,7.0,1.0,4.0,3.0,2.0,8.0,,5.0,2.0,1.0,1.0,1.0,1.0,1.0,3.0,,1.0
brazilian_houses,Regression,9,2635,32,xgb,shap,kernel,8.0,1.0,4.0,3.0,5.0,2.0,7.0,,6.0,2.0,4.0,8.0,7.0,6.0,3.0,1.0,,5.0,7.0,6.0,2.0,4.0,1.0,3.0,8.0,,5.0,6.0,7.0,1.0,4.0,3.0,2.0,8.0,,5.0,7.0,6.0,2.0,4.0,1.0,3.0,8.0,,5.0
brazilian_houses,Regression,9,2635,32,xgb,shapiq,kernel,8.0,1.0,4.0,2.0,5.0,3.0,6.0,,7.0,1.0,4.0,5.0,7.0,8.0,2.0,6.0,,3.0,7.0,6.0,1.0,4.0,2.0,3.0,8.0,,5.0,6.0,7.0,1.0,4.0,3.0,2.0,8.0,,5.0,7.0,6.0,4.0,3.0,2.0,5.0,8.0,,1.0
brazilian_houses,Regression,9,2635,64,nn,sage,permutation,8.0,1.0,2.0,3.0,5.0,4.0,6.0,,7.0,3.0,5.0,8.0,7.0,6.0,1.0,4.0,,2.0,6.0,5.0,3.0,2.0,4.0,1.0,8.0,,7.0,6.0,5.0,3.0,2.0,4.0,1.0,8.0,,7.0,2.0,1.0,1.0,1.0,1.0,1.0,3.0,,1.0
brazilian_houses,Regression,9,2635,64,nn,shap,kernel,8.0,1.0,3.0,2.0,5.0,4.0,6.0,,7.0,3.0,8.0,6.0,7.0,5.0,2.0,1.0,,4.0,6.0,5.0,3.0,1.0,4.0,2.0,8.0,,7.0,6.0,5.0,3.0,2.0,4.0,1.0,8.0,,7.0,6.0,5.0,3.0,1.0,4.0,2.0,8.0,,7.0
brazilian_houses,Regression,9,2635,64,nn,shapiq,kernel,8.0,1.0,3.0,2.0,5.0,4.0,6.0,,7.0,2.0,3.0,5.0,6.0,4.0,8.0,7.0,,1.0,7.0,5.0,4.0,1.0,3.0,2.0,8.0,,6.0,6.0,5.0,3.0,2.0,4.0,1.0,8.0,,7.0,7.0,5.0,3.0,1.0,4.0,2.0,8.0,,6.0
brazilian_houses,Regression,9,2635,64,xgb,sage,permutation,8.0,1.0,2.0,3.0,5.0,4.0,6.0,,7.0,8.0,7.0,3.0,2.0,5.0,6.0,1.0,,4.0,6.0,5.0,2.0,1.0,3.0,4.0,8.0,,7.0,6.0,5.0,3.0,1.0,4.0,2.0,8.0,,7.0,2.0,1.0,1.0,1.0,1.0,1.0,4.0,,3.0
brazilian_houses,Regression,9,2635,64,xgb,shap,kernel,8.0,1.0,4.0,2.0,5.0,3.0,6.0,,7.0,2.0,5.0,8.0,6.0,7.0,3.0,1.0,,4.0,6.0,5.0,4.0,1.0,2.0,3.0,8.0,,7.0,6.0,5.0,3.0,1.0,4.0,2.0,8.0,,7.0,7.0,5.0,4.0,1.0,2.0,3.0,8.0,,6.0
brazilian_houses,Regression,9,2635,64,xgb,shapiq,kernel,8.0,1.0,3.0,2.0,4.0,5.0,6.0,,7.0,1.0,4.0,5.0,6.0,8.0,2.0,7.0,,3.0,6.0,5.0,2.0,1.0,3.0,4.0,8.0,,7.0,6.0,5.0,3.0,1.0,4.0,2.0,8.0,,7.0,7.0,5.0,2.0,4.0,3.0,1.0,8.0,,6.0
brazilian_houses,Regression,9,2635,128,nn,sage,permutation,8.0,1.0,3.0,2.0,5.0,4.0,6.0,,7.0,3.0,6.0,7.0,8.0,5.0,2.0,4.0,,1.0,6.0,4.0,3.0,1.0,5.0,2.0,8.0,,7.0,6.0,5.0,4.0,1.0,3.0,2.0,8.0,,7.0,1.0,1.0,1.0,1.0,1.0,1.0,2.0,,1.0
brazilian_houses,Regression,9,2635,128,nn,shap,kernel,8.0,1.0,2.0,3.0,5.0,4.0,6.0,,7.0,3.0,8.0,5.0,6.0,7.0,2.0,1.0,,4.0,6.0,5.0,1.0,2.0,3.0,4.0,8.0,,7.0,6.0,5.0,4.0,1.0,3.0,2.0,8.0,,7.0,6.0,5.0,1.0,2.0,3.0,4.0,8.0,,7.0
brazilian_houses,Regression,9,2635,128,nn,shapiq,kernel,8.0,1.0,3.0,2.0,5.0,4.0,6.0,,7.0,2.0,5.0,4.0,3.0,7.0,8.0,6.0,,1.0,6.0,5.0,3.0,2.0,1.0,4.0,8.0,,7.0,6.0,5.0,4.0,1.0,3.0,2.0,8.0,,7.0,6.0,5.0,3.0,2.0,1.0,4.0,8.0,,7.0
brazilian_houses,Regression,9,2635,128,xgb,sage,permutation,8.0,1.0,3.0,2.0,5.0,4.0,6.0,,7.0,8.0,7.0,6.0,5.0,4.0,3.0,1.0,,2.0,6.0,5.0,1.0,4.0,2.0,3.0,8.0,,7.0,6.0,5.0,3.0,1.0,2.0,4.0,8.0,,7.0,2.0,1.0,1.0,1.0,1.0,1.0,3.0,,1.0
brazilian_houses,Regression,9,2635,128,xgb,shap,kernel,8.0,1.0,3.0,2.0,5.0,4.0,6.0,,7.0,2.0,5.0,8.0,6.0,7.0,3.0,1.0,,4.0,6.0,5.0,4.0,3.0,1.0,2.0,8.0,,7.0,6.0,5.0,3.0,1.0,2.0,4.0,8.0,,7.0,7.0,5.0,4.0,2.0,1.0,3.0,8.0,,6.0
brazilian_houses,Regression,9,2635,128,xgb,shapiq,kernel,8.0,1.0,3.0,2.0,5.0,4.0,6.0,,7.0,1.0,4.0,6.0,8.0,5.0,2.0,7.0,,3.0,7.0,5.0,4.0,2.0,1.0,3.0,8.0,,6.0,6.0,5.0,3.0,1.0,2.0,4.0,8.0,,7.0,7.0,5.0,4.0,2.0,1.0,3.0,8.0,,6.0
california_housing,Regression,8,5160,16,nn,sage,permutation,8.0,1.0,4.0,3.0,6.0,5.0,7.0,,2.0,5.0,2.0,6.0,3.0,4.0,7.0,1.0,,8.0,7.0,6.0,4.0,3.0,1.0,2.0,8.0,,5.0,7.0,6.0,3.0,2.0,4.0,1.0,8.0,,5.0,4.0,5.0,4.0,1.0,2.0,3.0,7.0,,6.0
california_housing,Regression,8,5160,16,nn,shap,kernel,8.0,1.0,5.0,4.0,6.0,3.0,7.0,,2.0,7.0,2.0,5.0,6.0,4.0,8.0,3.0,,1.0,6.0,7.0,4.0,2.0,3.0,1.0,8.0,,5.0,7.0,6.0,3.0,2.0,4.0,1.0,8.0,,5.0,6.0,7.0,4.0,1.0,3.0,2.0,8.0,,5.0
california_housing,Regression,8,5160,16,nn,shapiq,kernel,8.0,1.0,4.0,3.0,6.0,5.0,7.0,,2.0,1.0,8.0,3.0,6.0,5.0,7.0,4.0,,2.0,7.0,6.0,3.0,1.0,4.0,2.0,8.0,,5.0,7.0,6.0,3.0,2.0,4.0,1.0,8.0,,5.0,7.0,6.0,2.0,1.0,4.0,3.0,8.0,,5.0
california_housing,Regression,8,5160,16,xgb,sage,permutation,8.0,1.0,4.0,3.0,6.0,5.0,7.0,,2.0,2.0,4.0,8.0,6.0,3.0,5.0,1.0,,7.0,7.0,6.0,2.0,4.0,1.0,3.0,8.0,,5.0,7.0,6.0,2.0,1.0,3.0,4.0,8.0,,5.0,6.0,5.0,6.0,2.0,4.0,1.0,7.0,,3.0
california_housing,Regression,8,5160,16,xgb,shap,kernel,8.0,1.0,4.0,3.0,6.0,5.0,7.0,,2.0,7.0,3.0,5.0,4.0,2.0,8.0,1.0,,6.0,7.0,6.0,4.0,1.0,5.0,2.0,8.0,,3.0,7.0,6.0,2.0,1.0,3.0,4.0,8.0,,5.0,7.0,6.0,4.0,1.0,5.0,2.0,8.0,,3.0
california_housing,Regression,8,5160,16,xgb,shapiq,kernel,8.0,1.0,5.0,3.0,6.0,4.0,7.0,,2.0,1.0,6.0,4.0,8.0,7.0,3.0,5.0,,2.0,7.0,6.0,4.0,1.0,2.0,3.0,8.0,,5.0,7.0,6.0,2.0,1.0,3.0,4.0,8.0,,5.0,7.0,6.0,5.0,4.0,1.0,3.0,8.0,,2.0
california_housing,Regression,8,5160,32,nn,sage,permutation,8.0,1.0,4.0,3.0,6.0,5.0,7.0,,2.0,3.0,2.0,5.0,6.0,4.0,7.0,1.0,,8.0,7.0,6.0,4.0,3.0,2.0,1.0,8.0,,5.0,7.0,6.0,2.0,3.0,1.0,4.0,8.0,,5.0,4.0,6.0,3.0,2.0,3.0,5.0,7.0,,1.0
california_housing,Regression,8,5160,32,nn,shap,kernel,8.0,1.0,5.0,3.0,6.0,4.0,7.0,,2.0,2.0,5.0,8.0,7.0,6.0,3.0,4.0,,1.0,7.0,6.0,1.0,2.0,4.0,3.0,8.0,,5.0,7.0,6.0,2.0,3.0,1.0,4.0,8.0,,5.0,6.0,7.0,2.0,4.0,3.0,1.0,8.0,,5.0
california_housing,Regression,8,5160,32,nn,shapiq,kernel,8.0,1.0,5.0,3.0,6.0,4.0,7.0,,2.0,1.0,8.0,5.0,6.0,3.0,7.0,4.0,,2.0,7.0,6.0,1.0,4.0,2.0,3.0,8.0,,5.0,7.0,6.0,2.0,3.0,1.0,4.0,8.0,,5.0,7.0,6.0,1.0,3.0,2.0,4.0,8.0,,5.0
california_housing,Regression,8,5160,32,xgb,sage,permutation,8.0,1.0,4.0,3.0,6.0,5.0,7.0,,2.0,3.0,2.0,5.0,4.0,6.0,8.0,1.0,,7.0,7.0,6.0,3.0,2.0,1.0,4.0,8.0,,5.0,7.0,6.0,2.0,3.0,1.0,4.0,8.0,,5.0,4.0,5.0,1.0,3.0,6.0,2.0,7.0,,1.0
california_housing,Regression,8,5160,32,xgb,shap,kernel,8.0,1.0,4.0,3.0,6.0,5.0,7.0,,2.0,7.0,5.0,4.0,3.0,2.0,8.0,1.0,,6.0,7.0,6.0,1.0,3.0,2.0,4.0,8.0,,5.0,7.0,6.0,2.0,3.0,1.0,4.0,8.0,,5.0,7.0,6.0,4.0,1.0,2.0,3.0,8.0,,5.0
california_housing,Regression,8,5160,32,xgb,shapiq,kernel,8.0,1.0,4.0,3.0,6.0,5.0,7.0,,2.0,1.0,5.0,4.0,6.0,8.0,3.0,7.0,,2.0,7.0,6.0,3.0,2.0,1.0,4.0,8.0,,5.0,7.0,6.0,2.0,3.0,1.0,4.0,8.0,,5.0,7.0,6.0,5.0,2.0,1.0,3.0,8.0,,4.0
california_housing,Regression,8,5160,64,nn,sage,permutation,8.0,1.0,4.0,3.0,6.0,5.0,7.0,,2.0,2.0,4.0,6.0,5.0,3.0,8.0,1.0,,7.0,6.0,7.0,2.0,1.0,4.0,3.0,8.0,,5.0,6.0,5.0,3.0,1.0,2.0,4.0,8.0,,7.0,3.0,3.0,4.0,2.0,2.0,3.0,5.0,,1.0
california_housing,Regression,8,5160,64,nn,shap,kernel,8.0,1.0,5.0,4.0,6.0,3.0,7.0,,2.0,2.0,4.0,7.0,8.0,6.0,3.0,5.0,,1.0,6.0,7.0,4.0,1.0,3.0,2.0,8.0,,5.0,6.0,5.0,3.0,1.0,2.0,4.0,8.0,,7.0,5.0,6.0,3.0,2.0,2.0,1.0,7.0,,4.0
california_housing,Regression,8,5160,64,nn,shapiq,kernel,8.0,1.0,4.0,3.0,6.0,5.0,7.0,,2.0,1.0,8.0,3.0,4.0,5.0,7.0,6.0,,2.0,5.0,6.0,4.0,1.0,2.0,3.0,8.0,,7.0,6.0,5.0,3.0,1.0,2.0,4.0,8.0,,7.0,7.0,6.0,4.0,1.0,2.0,3.0,8.0,,5.0
california_housing,Regression,8,5160,64,xgb,sage,permutation,8.0,1.0,4.0,3.0,6.0,5.0,7.0,,2.0,7.0,4.0,5.0,2.0,3.0,6.0,1.0,,8.0,7.0,6.0,2.0,4.0,3.0,1.0,8.0,,5.0,6.0,5.0,3.0,1.0,2.0,4.0,8.0,,7.0,6.0,5.0,3.0,2.0,4.0,3.0,7.0,,1.0
california_housing,Regression,8,5160,64,xgb,shap,kernel,8.0,1.0,4.0,3.0,6.0,5.0,7.0,,2.0,6.0,5.0,3.0,4.0,2.0,8.0,1.0,,7.0,6.0,7.0,4.0,3.0,2.0,1.0,8.0,,5.0,6.0,5.0,3.0,1.0,2.0,4.0,8.0,,7.0,5.0,6.0,4.0,1.0,2.0,3.0,8.0,,7.0
california_housing,Regression,8,5160,64,xgb,shapiq,kernel,8.0,1.0,4.0,3.0,6.0,5.0,7.0,,2.0,1.0,4.0,5.0,6.0,8.0,3.0,7.0,,2.0,7.0,5.0,4.0,1.0,2.0,3.0,8.0,,6.0,6.0,5.0,3.0,1.0,2.0,4.0,8.0,,7.0,7.0,5.0,3.0,1.0,4.0,2.0,8.0,,6.0
california_housing,Regression,8,5160,128,nn,sage,permutation,8.0,1.0,4.0,3.0,6.0,5.0,7.0,,2.0,3.0,2.0,5.0,7.0,6.0,8.0,1.0,,4.0,5.0,6.0,1.0,4.0,3.0,2.0,8.0,,7.0,6.0,5.0,3.0,2.0,1.0,4.0,8.0,,7.0,3.0,4.0,2.0,2.0,1.0,3.0,6.0,,5.0
california_housing,Regression,8,5160,128,nn,shap,kernel,8.0,1.0,5.0,4.0,6.0,3.0,7.0,,2.0,2.0,4.0,8.0,7.0,6.0,3.0,5.0,,1.0,7.0,5.0,4.0,2.0,1.0,3.0,8.0,,6.0,6.0,5.0,3.0,2.0,1.0,4.0,8.0,,7.0,6.0,5.0,4.0,3.0,1.0,2.0,8.0,,7.0
california_housing,Regression,8,5160,128,nn,shapiq,kernel,8.0,1.0,4.0,3.0,6.0,5.0,7.0,,2.0,1.0,8.0,5.0,4.0,3.0,7.0,6.0,,2.0,6.0,5.0,4.0,2.0,1.0,3.0,8.0,,7.0,6.0,5.0,3.0,2.0,1.0,4.0,8.0,,7.0,6.0,5.0,3.0,2.0,1.0,4.0,8.0,,7.0
california_housing,Regression,8,5160,128,xgb,sage,permutation,8.0,1.0,4.0,3.0,6.0,5.0,7.0,,2.0,6.0,3.0,5.0,4.0,2.0,7.0,1.0,,8.0,6.0,7.0,1.0,4.0,3.0,2.0,8.0,,5.0,6.0,5.0,3.0,2.0,1.0,4.0,8.0,,7.0,5.0,5.0,3.0,2.0,2.0,4.0,6.0,,1.0
california_housing,Regression,8,5160,128,xgb,shap,kernel,8.0,1.0,4.0,3.0,6.0,5.0,7.0,,2.0,6.0,5.0,2.0,4.0,3.0,8.0,1.0,,7.0,7.0,5.0,3.0,2.0,1.0,4.0,8.0,,6.0,6.0,5.0,3.0,2.0,1.0,4.0,8.0,,7.0,6.0,5.0,2.0,3.0,1.0,4.0,8.0,,7.0
california_housing,Regression,8,5160,128,xgb,shapiq,kernel,8.0,1.0,4.0,3.0,6.0,5.0,7.0,,2.0,1.0,5.0,4.0,6.0,8.0,3.0,7.0,,2.0,6.0,5.0,4.0,3.0,2.0,1.0,8.0,,7.0,6.0,5.0,3.0,2.0,1.0,4.0,8.0,,7.0,6.0,5.0,4.0,3.0,2.0,1.0,8.0,,7.0
california_housing,Regression,8,5160,256,nn,sage,permutation,8.0,1.0,3.0,2.0,5.0,4.0,7.0,,6.0,3.0,4.0,7.0,6.0,5.0,8.0,1.0,,2.0,6.0,5.0,3.0,4.0,2.0,1.0,8.0,,7.0,6.0,5.0,2.0,1.0,3.0,4.0,8.0,,7.0,4.0,3.0,1.0,2.0,1.0,1.0,6.0,,5.0
california_housing,Regression,8,5160,256,nn,shap,kernel,8.0,1.0,4.0,2.0,6.0,3.0,7.0,,5.0,3.0,4.0,7.0,6.0,8.0,2.0,5.0,,1.0,6.0,5.0,4.0,1.0,3.0,2.0,8.0,,7.0,6.0,5.0,2.0,1.0,3.0,4.0,8.0,,7.0,6.0,5.0,3.0,1.0,2.0,4.0,8.0,,7.0
california_housing,Regression,8,5160,256,nn,shapiq,kernel,8.0,1.0,3.0,2.0,5.0,4.0,6.0,,7.0,1.0,7.0,5.0,6.0,3.0,8.0,4.0,,2.0,6.0,5.0,4.0,2.0,1.0,3.0,8.0,,7.0,6.0,5.0,2.0,1.0,3.0,4.0,8.0,,7.0,6.0,5.0,4.0,2.0,1.0,3.0,8.0,,7.0
california_housing,Regression,8,5160,256,xgb,sage,permutation,8.0,1.0,3.0,2.0,5.0,4.0,7.0,,6.0,7.0,5.0,4.0,3.0,2.0,6.0,1.0,,8.0,6.0,5.0,1.0,2.0,3.0,4.0,8.0,,7.0,6.0,5.0,2.0,1.0,3.0,4.0,8.0,,7.0,5.0,5.0,2.0,4.0,1.0,3.0,6.0,,1.0
california_housing,Regression,8,5160,256,xgb,shap,kernel,8.0,1.0,3.0,2.0,5.0,4.0,7.0,,6.0,6.0,5.0,3.0,4.0,2.0,8.0,1.0,,7.0,6.0,5.0,4.0,3.0,1.0,2.0,8.0,,7.0,6.0,5.0,2.0,1.0,3.0,4.0,8.0,,7.0,6.0,5.0,3.0,2.0,1.0,4.0,8.0,,7.0
california_housing,Regression,8,5160,256,xgb,shapiq,kernel,8.0,1.0,3.0,2.0,5.0,4.0,7.0,,6.0,1.0,4.0,5.0,8.0,7.0,3.0,6.0,,2.0,6.0,5.0,4.0,2.0,1.0,3.0,8.0,,7.0,6.0,5.0,2.0,1.0,3.0,4.0,8.0,,7.0,6.0,5.0,4.0,2.0,1.0,3.0,8.0,,7.0
churn,Classification,20,1250,8,nn,sage,permutation,9.0,1.0,7.0,5.0,6.0,4.0,8.0,2.0,3.0,2.0,6.0,7.0,8.0,9.0,5.0,1.0,3.0,4.0,5.0,7.0,6.0,3.0,2.0,4.0,9.0,1.0,8.0,7.0,6.0,3.0,5.0,4.0,2.0,9.0,1.0,8.0,2.0,3.0,4.0,1.0,1.0,4.0,5.0,1.0,6.0
churn,Classification,20,1250,8,nn,shap,kernel,9.0,1.0,5.0,6.0,7.0,4.0,8.0,2.0,3.0,2.0,9.0,6.0,7.0,8.0,1.0,5.0,3.0,4.0,7.0,6.0,3.0,2.0,5.0,1.0,9.0,4.0,8.0,7.0,6.0,3.0,5.0,4.0,2.0,9.0,1.0,8.0,5.0,6.0,7.0,1.0,3.0,4.0,9.0,2.0,8.0
churn,Classification,20,1250,8,nn,shapiq,kernel,9.0,1.0,4.0,7.0,6.0,3.0,8.0,2.0,5.0,2.0,3.0,8.0,5.0,6.0,4.0,7.0,9.0,1.0,8.0,6.0,1.0,4.0,5.0,2.0,9.0,3.0,7.0,7.0,6.0,3.0,5.0,4.0,2.0,9.0,1.0,8.0,8.0,4.0,2.0,6.0,5.0,1.0,9.0,3.0,7.0
churn,Classification,20,1250,8,xgb,sage,permutation,9.0,1.0,6.0,5.0,7.0,4.0,8.0,2.0,3.0,6.0,8.0,1.0,4.0,7.0,2.0,3.0,9.0,5.0,7.0,4.0,6.0,3.0,2.0,5.0,9.0,1.0,8.0,7.0,6.0,3.0,5.0,4.0,2.0,9.0,1.0,8.0,4.0,3.0,2.0,5.0,7.0,1.0,6.0,3.0,4.0
churn,Classification,20,1250,8,xgb,shap,kernel,9.0,1.0,7.0,6.0,4.0,5.0,8.0,2.0,3.0,6.0,7.0,4.0,3.0,5.0,8.0,2.0,9.0,1.0,3.0,2.0,5.0,6.0,7.0,4.0,8.0,1.0,9.0,7.0,6.0,3.0,5.0,4.0,2.0,9.0,1.0,8.0,7.0,5.0,6.0,3.0,2.0,4.0,9.0,1.0,8.0
churn,Classification,20,1250,8,xgb,shapiq,kernel,9.0,1.0,6.0,5.0,7.0,4.0,8.0,2.0,3.0,2.0,3.0,6.0,5.0,4.0,9.0,7.0,8.0,1.0,5.0,7.0,1.0,3.0,6.0,2.0,9.0,4.0,8.0,7.0,6.0,3.0,5.0,4.0,2.0,9.0,1.0,8.0,4.0,2.0,6.0,8.0,7.0,5.0,9.0,1.0,3.0
churn,Classification,20,1250,16,nn,sage,permutation,9.0,1.0,6.0,4.0,7.0,3.0,8.0,2.0,5.0,2.0,8.0,9.0,6.0,7.0,4.0,1.0,3.0,5.0,5.0,3.0,6.0,2.0,8.0,7.0,9.0,1.0,4.0,6.0,5.0,4.0,2.0,3.0,4.0,8.0,1.0,7.0,1.0,2.0,1.0,1.0,1.0,1.0,3.0,1.0,3.0
churn,Classification,20,1250,16,nn,shap,kernel,9.0,1.0,5.0,3.0,6.0,4.0,8.0,2.0,7.0,2.0,9.0,8.0,6.0,7.0,1.0,4.0,3.0,5.0,8.0,6.0,5.0,1.0,2.0,4.0,9.0,3.0,7.0,6.0,5.0,4.0,2.0,3.0,4.0,8.0,1.0,7.0,7.0,6.0,5.0,2.0,3.0,4.0,9.0,1.0,8.0
churn,Classification,20,1250,16,nn,shapiq,kernel,9.0,1.0,4.0,5.0,6.0,3.0,8.0,2.0,7.0,2.0,3.0,8.0,5.0,6.0,4.0,7.0,9.0,1.0,8.0,6.0,3.0,5.0,1.0,2.0,9.0,4.0,7.0,6.0,5.0,4.0,2.0,3.0,4.0,8.0,1.0,7.0,8.0,6.0,4.0,2.0,1.0,3.0,9.0,5.0,7.0
churn,Classification,20,1250,16,xgb,sage,permutation,9.0,1.0,4.0,5.0,6.0,3.0,8.0,2.0,7.0,9.0,7.0,5.0,6.0,3.0,4.0,1.0,8.0,2.0,8.0,4.0,5.0,3.0,7.0,6.0,9.0,1.0,2.0,6.0,5.0,4.0,2.0,3.0,4.0,8.0,1.0,7.0,4.0,2.0,3.0,4.0,1.0,3.0,5.0,1.0,4.0
churn,Classification,20,1250,16,xgb,shap,kernel,9.0,1.0,4.0,3.0,6.0,5.0,8.0,2.0,7.0,2.0,7.0,4.0,6.0,5.0,8.0,3.0,9.0,1.0,7.0,6.0,3.0,1.0,4.0,2.0,9.0,5.0,8.0,6.0,5.0,4.0,2.0,3.0,4.0,8.0,1.0,7.0,8.0,2.0,5.0,4.0,7.0,6.0,9.0,1.0,3.0
churn,Classification,20,1250,16,xgb,shapiq,kernel,9.0,1.0,3.0,5.0,7.0,4.0,8.0,2.0,6.0,2.0,3.0,7.0,6.0,5.0,8.0,4.0,9.0,1.0,7.0,2.0,4.0,6.0,3.0,5.0,9.0,1.0,8.0,6.0,5.0,4.0,2.0,3.0,4.0,8.0,1.0,7.0,7.0,2.0,5.0,3.0,4.0,6.0,9.0,1.0,8.0
churn,Classification,20,1250,32,nn,sage,permutation,9.0,1.0,5.0,4.0,6.0,3.0,8.0,2.0,7.0,2.0,9.0,8.0,7.0,5.0,4.0,1.0,3.0,6.0,7.0,6.0,1.0,3.0,4.0,2.0,9.0,5.0,8.0,7.0,6.0,2.0,4.0,1.0,3.0,9.0,5.0,8.0,2.0,1.0,1.0,1.0,1.0,1.0,4.0,1.0,3.0
churn,Classification,20,1250,32,nn,shap,kernel,9.0,1.0,5.0,6.0,4.0,3.0,8.0,2.0,7.0,1.0,9.0,7.0,6.0,8.0,2.0,4.0,3.0,5.0,8.0,6.0,2.0,3.0,4.0,1.0,9.0,5.0,7.0,7.0,6.0,2.0,4.0,1.0,3.0,9.0,5.0,8.0,7.0,6.0,3.0,1.0,4.0,2.0,9.0,5.0,8.0
churn,Classification,20,1250,32,nn,shapiq,kernel,9.0,1.0,4.0,5.0,6.0,3.0,8.0,2.0,7.0,2.0,3.0,8.0,5.0,7.0,4.0,6.0,9.0,1.0,8.0,6.0,2.0,3.0,1.0,4.0,9.0,5.0,7.0,7.0,6.0,2.0,4.0,1.0,3.0,9.0,5.0,8.0,8.0,6.0,2.0,3.0,1.0,4.0,9.0,5.0,7.0
churn,Classification,20,1250,32,xgb,sage,permutation,9.0,1.0,4.0,5.0,6.0,3.0,8.0,2.0,7.0,8.0,3.0,5.0,6.0,9.0,7.0,1.0,4.0,2.0,8.0,6.0,3.0,2.0,4.0,5.0,9.0,1.0,7.0,7.0,6.0,3.0,4.0,1.0,2.0,9.0,5.0,8.0,5.0,4.0,2.0,3.0,2.0,2.0,6.0,2.0,1.0
churn,Classification,20,1250,32,xgb,shap,kernel,9.0,1.0,4.0,3.0,5.0,6.0,8.0,2.0,7.0,5.0,7.0,2.0,3.0,6.0,8.0,4.0,9.0,1.0,8.0,6.0,3.0,1.0,4.0,2.0,9.0,5.0,7.0,7.0,6.0,3.0,4.0,1.0,2.0,9.0,5.0,8.0,8.0,6.0,2.0,4.0,5.0,3.0,9.0,1.0,7.0
churn,Classification,20,1250,32,xgb,shapiq,kernel,9.0,1.0,4.0,5.0,6.0,3.0,8.0,2.0,7.0,2.0,3.0,7.0,5.0,4.0,8.0,6.0,9.0,1.0,7.0,6.0,1.0,5.0,3.0,2.0,9.0,4.0,8.0,7.0,6.0,3.0,4.0,1.0,2.0,9.0,5.0,8.0,7.0,6.0,1.0,5.0,3.0,4.0,9.0,2.0,8.0
churn,Classification,20,1250,64,nn,sage,permutation,9.0,1.0,6.0,4.0,5.0,3.0,8.0,2.0,7.0,2.0,6.0,7.0,8.0,5.0,4.0,1.0,3.0,9.0,7.0,5.0,3.0,2.0,4.0,1.0,9.0,6.0,8.0,7.0,6.0,2.0,4.0,1.0,3.0,9.0,5.0,8.0,1.0,1.0,1.0,1.0,1.0,1.0,3.0,1.0,2.0
churn,Classification,20,1250,64,nn,shap,kernel,9.0,1.0,5.0,3.0,6.0,4.0,8.0,2.0,7.0,1.0,9.0,6.0,7.0,8.0,2.0,4.0,3.0,5.0,7.0,5.0,3.0,1.0,4.0,2.0,9.0,6.0,8.0,7.0,6.0,2.0,4.0,1.0,3.0,9.0,5.0,8.0,7.0,6.0,3.0,1.0,4.0,2.0,9.0,5.0,8.0
churn,Classification,20,1250,64,nn,shapiq,kernel,9.0,1.0,4.0,5.0,6.0,3.0,7.0,2.0,8.0,2.0,3.0,8.0,7.0,6.0,4.0,5.0,9.0,1.0,8.0,6.0,1.0,4.0,2.0,3.0,9.0,5.0,7.0,7.0,6.0,2.0,4.0,1.0,3.0,9.0,5.0,8.0,8.0,6.0,1.0,4.0,2.0,3.0,9.0,5.0,7.0
churn,Classification,20,1250,64,xgb,sage,permutation,9.0,1.0,5.0,4.0,6.0,3.0,7.0,2.0,8.0,9.0,8.0,3.0,5.0,4.0,7.0,1.0,6.0,2.0,8.0,6.0,5.0,2.0,4.0,3.0,9.0,1.0,7.0,7.0,6.0,2.0,4.0,1.0,3.0,9.0,5.0,8.0,3.0,2.0,1.0,1.0,1.0,2.0,4.0,1.0,1.0
churn,Classification,20,1250,64,xgb,shap,kernel,9.0,1.0,3.0,4.0,5.0,6.0,7.0,2.0,8.0,2.0,7.0,3.0,6.0,5.0,8.0,4.0,9.0,1.0,8.0,5.0,3.0,1.0,4.0,2.0,9.0,6.0,7.0,7.0,6.0,2.0,4.0,1.0,3.0,9.0,5.0,8.0,8.0,6.0,4.0,2.0,5.0,3.0,9.0,1.0,7.0
churn,Classification,20,1250,64,xgb,shapiq,kernel,9.0,1.0,6.0,5.0,4.0,3.0,8.0,2.0,7.0,2.0,3.0,6.0,5.0,4.0,8.0,7.0,9.0,1.0,7.0,6.0,2.0,4.0,1.0,3.0,9.0,5.0,8.0,7.0,6.0,2.0,4.0,1.0,3.0,9.0,5.0,8.0,7.0,6.0,2.0,3.0,1.0,5.0,9.0,4.0,8.0
churn,Classification,20,1250,128,nn,sage,permutation,8.0,1.0,3.0,4.0,5.0,2.0,6.0,,7.0,2.0,6.0,4.0,7.0,5.0,3.0,1.0,,8.0,6.0,5.0,4.0,2.0,1.0,3.0,8.0,,7.0,6.0,5.0,2.0,4.0,1.0,3.0,8.0,,7.0,1.0,1.0,1.0,1.0,1.0,1.0,2.0,,1.0
churn,Classification,20,1250,128,nn,shap,kernel,8.0,1.0,4.0,2.0,5.0,3.0,6.0,,7.0,1.0,7.0,5.0,8.0,3.0,2.0,4.0,,6.0,7.0,5.0,4.0,3.0,2.0,1.0,8.0,,6.0,6.0,5.0,2.0,4.0,1.0,3.0,8.0,,7.0,6.0,5.0,3.0,4.0,1.0,2.0,8.0,,7.0
churn,Classification,20,1250,128,nn,shapiq,kernel,8.0,1.0,4.0,2.0,5.0,3.0,6.0,,7.0,2.0,3.0,8.0,6.0,5.0,4.0,7.0,,1.0,7.0,5.0,4.0,3.0,2.0,1.0,8.0,,6.0,6.0,5.0,2.0,4.0,1.0,3.0,8.0,,7.0,7.0,5.0,3.0,1.0,4.0,2.0,8.0,,6.0
churn,Classification,20,1250,128,xgb,sage,permutation,8.0,1.0,3.0,4.0,5.0,2.0,6.0,,7.0,8.0,4.0,5.0,6.0,3.0,7.0,1.0,,2.0,7.0,4.0,5.0,3.0,1.0,2.0,8.0,,6.0,6.0,5.0,2.0,4.0,1.0,3.0,8.0,,7.0,3.0,2.0,1.0,1.0,1.0,1.0,4.0,,1.0
churn,Classification,20,1250,128,xgb,shap,kernel,8.0,1.0,3.0,2.0,5.0,4.0,6.0,,7.0,2.0,7.0,5.0,6.0,4.0,8.0,3.0,,1.0,7.0,5.0,4.0,3.0,1.0,2.0,8.0,,6.0,6.0,5.0,2.0,4.0,1.0,3.0,8.0,,7.0,7.0,5.0,4.0,2.0,1.0,3.0,8.0,,6.0
churn,Classification,20,1250,128,xgb,shapiq,kernel,8.0,1.0,3.0,2.0,5.0,4.0,6.0,,7.0,2.0,3.0,6.0,5.0,4.0,8.0,7.0,,1.0,7.0,5.0,2.0,3.0,1.0,4.0,8.0,,6.0,6.0,5.0,2.0,4.0,1.0,3.0,8.0,,7.0,6.0,5.0,1.0,3.0,2.0,4.0,8.0,,7.0
connect-4,Classification,126,16890,32,nn,expected_gradients,na,8.0,1.0,4.0,3.0,6.0,5.0,7.0,,2.0,3.0,8.0,4.0,6.0,7.0,2.0,5.0,,1.0,5.0,6.0,4.0,1.0,2.0,3.0,8.0,,7.0,6.0,5.0,2.0,4.0,1.0,3.0,8.0,,7.0,5.0,6.0,2.0,1.0,4.0,3.0,8.0,,7.0
connect-4,Classification,126,16890,64,nn,expected_gradients,na,8.0,1.0,4.0,3.0,6.0,5.0,7.0,,2.0,2.0,8.0,4.0,6.0,7.0,3.0,5.0,,1.0,6.0,5.0,1.0,4.0,2.0,3.0,8.0,,7.0,6.0,5.0,4.0,2.0,1.0,3.0,8.0,,7.0,6.0,5.0,3.0,2.0,1.0,4.0,8.0,,7.0
connect-4,Classification,126,16890,128,nn,expected_gradients,na,8.0,1.0,4.0,3.0,6.0,5.0,7.0,,2.0,2.0,4.0,5.0,8.0,6.0,3.0,7.0,,1.0,6.0,5.0,4.0,3.0,1.0,2.0,8.0,,7.0,6.0,5.0,3.0,4.0,1.0,2.0,8.0,,7.0,6.0,5.0,4.0,2.0,1.0,3.0,8.0,,7.0
connect-4,Classification,126,16890,256,nn,expected_gradients,na,8.0,1.0,3.0,2.0,5.0,4.0,7.0,,6.0,2.0,4.0,7.0,6.0,5.0,3.0,8.0,,1.0,6.0,5.0,4.0,3.0,2.0,1.0,8.0,,7.0,6.0,5.0,2.0,4.0,1.0,3.0,8.0,,7.0,6.0,5.0,4.0,3.0,1.0,2.0,8.0,,7.0
connect-4,Classification,126,16890,512,nn,expected_gradients,na,8.0,1.0,3.0,2.0,5.0,4.0,7.0,,6.0,2.0,4.0,7.0,5.0,6.0,3.0,8.0,,1.0,6.0,5.0,2.0,1.0,4.0,3.0,8.0,,7.0,6.0,5.0,2.0,4.0,1.0,3.0,8.0,,7.0,6.0,5.0,1.0,2.0,4.0,3.0,8.0,,7.0
cps88wages,Regression,6,6872,16,nn,sage,permutation,8.0,1.0,4.0,5.0,7.0,3.0,6.0,,2.0,5.0,2.0,8.0,3.0,4.0,6.0,1.0,,7.0,6.0,7.0,4.0,1.0,5.0,2.0,8.0,,3.0,7.0,6.0,3.0,1.0,2.0,4.0,8.0,,5.0,2.0,3.0,1.0,1.0,1.0,1.0,1.0,,1.0
cps88wages,Regression,6,6872,16,nn,shap,kernel,8.0,1.0,5.0,4.0,7.0,3.0,6.0,,2.0,3.0,2.0,4.0,6.0,5.0,8.0,1.0,,7.0,6.0,7.0,3.0,2.0,1.0,5.0,8.0,,4.0,7.0,6.0,3.0,1.0,2.0,4.0,8.0,,5.0,6.0,7.0,3.0,2.0,5.0,4.0,8.0,,1.0
cps88wages,Regression,6,6872,16,nn,shapiq,kernel,8.0,1.0,4.0,3.0,6.0,5.0,7.0,,2.0,1.0,3.0,8.0,5.0,6.0,7.0,4.0,,2.0,6.0,7.0,2.0,4.0,1.0,5.0,8.0,,3.0,7.0,6.0,3.0,1.0,2.0,4.0,8.0,,5.0,6.0,7.0,2.0,5.0,1.0,4.0,8.0,,3.0
cps88wages,Regression,6,6872,16,xgb,sage,permutation,8.0,1.0,4.0,3.0,6.0,5.0,7.0,,2.0,6.0,2.0,5.0,7.0,3.0,8.0,1.0,,4.0,6.0,7.0,4.0,5.0,3.0,1.0,8.0,,2.0,7.0,6.0,3.0,1.0,2.0,4.0,8.0,,5.0,7.0,6.0,2.0,4.0,2.0,1.0,5.0,,3.0
cps88wages,Regression,6,6872,16,xgb,shap,kernel,8.0,1.0,4.0,3.0,6.0,5.0,7.0,,2.0,3.0,2.0,7.0,4.0,5.0,8.0,1.0,,6.0,7.0,6.0,5.0,4.0,2.0,1.0,8.0,,3.0,7.0,6.0,3.0,1.0,2.0,4.0,8.0,,5.0,7.0,6.0,3.0,2.0,4.0,1.0,8.0,,5.0
cps88wages,Regression,6,6872,16,xgb,shapiq,kernel,8.0,1.0,7.0,3.0,5.0,4.0,6.0,,2.0,3.0,8.0,7.0,6.0,2.0,4.0,5.0,,1.0,6.0,7.0,5.0,4.0,2.0,1.0,8.0,,3.0,7.0,6.0,3.0,1.0,2.0,4.0,8.0,,5.0,7.0,6.0,5.0,3.0,2.0,1.0,8.0,,4.0
cps88wages,Regression,6,6872,32,nn,sage,permutation,8.0,1.0,5.0,4.0,7.0,3.0,6.0,,2.0,2.0,5.0,8.0,6.0,7.0,4.0,1.0,,3.0,6.0,7.0,5.0,2.0,1.0,3.0,8.0,,4.0,6.0,7.0,4.0,1.0,2.0,3.0,8.0,,5.0,1.0,1.0,1.0,1.0,1.0,1.0,1.0,,1.0
cps88wages,Regression,6,6872,32,nn,shap,kernel,8.0,1.0,5.0,4.0,7.0,3.0,6.0,,2.0,7.0,2.0,5.0,4.0,3.0,8.0,1.0,,6.0,6.0,7.0,5.0,1.0,3.0,2.0,8.0,,4.0,6.0,7.0,4.0,1.0,2.0,3.0,8.0,,5.0,6.0,7.0,5.0,4.0,1.0,2.0,8.0,,3.0
cps88wages,Regression,6,6872,32,nn,shapiq,kernel,8.0,1.0,4.0,3.0,6.0,5.0,7.0,,2.0,1.0,4.0,7.0,8.0,3.0,6.0,5.0,,2.0,6.0,7.0,1.0,3.0,4.0,2.0,8.0,,5.0,6.0,7.0,4.0,1.0,2.0,3.0,8.0,,5.0,6.0,7.0,3.0,1.0,2.0,4.0,8.0,,5.0
cps88wages,Regression,6,6872,32,xgb,sage,permutation,8.0,1.0,4.0,3.0,5.0,7.0,6.0,,2.0,5.0,3.0,6.0,4.0,2.0,8.0,1.0,,7.0,7.0,6.0,5.0,1.0,2.0,3.0,8.0,,4.0,6.0,7.0,4.0,1.0,2.0,3.0,8.0,,5.0,3.0,4.0,1.0,6.0,1.0,2.0,5.0,,1.0
cps88wages,Regression,6,6872,32,xgb,shap,kernel,8.0,1.0,4.0,3.0,6.0,5.0,7.0,,2.0,6.0,2.0,3.0,4.0,5.0,8.0,1.0,,7.0,7.0,6.0,4.0,1.0,2.0,3.0,8.0,,5.0,6.0,7.0,4.0,1.0,2.0,3.0,8.0,,5.0,6.0,7.0,5.0,3.0,2.0,1.0,8.0,,4.0
cps88wages,Regression,6,6872,32,xgb,shapiq,kernel,8.0,1.0,3.0,5.0,7.0,4.0,6.0,,2.0,2.0,4.0,5.0,6.0,7.0,3.0,8.0,,1.0,7.0,5.0,4.0,2.0,1.0,3.0,8.0,,6.0,6.0,7.0,4.0,1.0,2.0,3.0,8.0,,5.0,7.0,6.0,4.0,3.0,2.0,1.0,8.0,,5.0
cps88wages,Regression,6,6872,64,nn,sage,permutation,8.0,1.0,5.0,4.0,7.0,3.0,6.0,,2.0,2.0,5.0,8.0,7.0,6.0,4.0,1.0,,3.0,4.0,7.0,6.0,5.0,3.0,1.0,8.0,,2.0,5.0,6.0,3.0,2.0,1.0,4.0,8.0,,7.0,1.0,1.0,1.0,1.0,1.0,1.0,2.0,,1.0
cps88wages,Regression,6,6872,64,nn,shap,kernel,8.0,1.0,5.0,4.0,6.0,3.0,7.0,,2.0,7.0,3.0,4.0,5.0,2.0,8.0,1.0,,6.0,6.0,7.0,4.0,3.0,1.0,2.0,8.0,,5.0,5.0,6.0,3.0,2.0,1.0,4.0,8.0,,7.0,7.0,6.0,3.0,1.0,2.0,4.0,8.0,,5.0
cps88wages,Regression,6,6872,64,nn,shapiq,kernel,8.0,1.0,4.0,3.0,6.0,5.0,7.0,,2.0,1.0,7.0,5.0,4.0,8.0,3.0,6.0,,2.0,6.0,7.0,3.0,1.0,2.0,4.0,8.0,,5.0,5.0,6.0,3.0,2.0,1.0,4.0,8.0,,7.0,6.0,7.0,3.0,1.0,2.0,4.0,8.0,,5.0
cps88wages,Regression,6,6872,64,xgb,sage,permutation,8.0,1.0,4.0,3.0,6.0,5.0,7.0,,2.0,7.0,6.0,4.0,2.0,3.0,8.0,1.0,,5.0,7.0,6.0,1.0,4.0,2.0,3.0,8.0,,5.0,5.0,6.0,4.0,2.0,1.0,3.0,8.0,,7.0,4.0,3.0,3.0,3.0,3.0,1.0,2.0,,1.0
cps88wages,Regression,6,6872,64,xgb,shap,kernel,8.0,1.0,4.0,3.0,6.0,5.0,7.0,,2.0,5.0,7.0,2.0,4.0,3.0,8.0,1.0,,6.0,7.0,6.0,4.0,3.0,2.0,1.0,8.0,,5.0,5.0,6.0,4.0,2.0,1.0,3.0,8.0,,7.0,6.0,7.0,3.0,4.0,1.0,2.0,8.0,,5.0
cps88wages,Regression,6,6872,64,xgb,shapiq,kernel,8.0,2.0,4.0,5.0,6.0,3.0,7.0,,1.0,2.0,8.0,7.0,5.0,6.0,3.0,4.0,,1.0,7.0,5.0,3.0,4.0,1.0,2.0,8.0,,6.0,5.0,6.0,4.0,2.0,1.0,3.0,8.0,,7.0,6.0,5.0,4.0,3.0,1.0,2.0,8.0,,7.0
cps88wages,Regression,6,6872,128,nn,sage,permutation,8.0,1.0,5.0,4.0,6.0,3.0,7.0,,2.0,2.0,5.0,6.0,7.0,8.0,4.0,1.0,,3.0,5.0,6.0,2.0,1.0,4.0,3.0,8.0,,7.0,6.0,5.0,3.0,2.0,1.0,4.0,8.0,,7.0,1.0,1.0,1.0,1.0,1.0,1.0,2.0,,1.0
cps88wages,Regression,6,6872,128,nn,shap,kernel,8.0,1.0,5.0,4.0,6.0,3.0,7.0,,2.0,2.0,3.0,4.0,6.0,5.0,7.0,1.0,,8.0,5.0,6.0,4.0,2.0,1.0,3.0,8.0,,7.0,6.0,5.0,3.0,2.0,1.0,4.0,8.0,,7.0,5.0,6.0,3.0,2.0,1.0,4.0,8.0,,7.0
cps88wages,Regression,6,6872,128,nn,shapiq,kernel,8.0,1.0,4.0,3.0,6.0,5.0,7.0,,2.0,1.0,7.0,8.0,4.0,5.0,3.0,6.0,,2.0,6.0,5.0,4.0,1.0,2.0,3.0,8.0,,7.0,6.0,5.0,3.0,2.0,1.0,4.0,8.0,,7.0,7.0,5.0,4.0,2.0,1.0,3.0,8.0,,6.0
cps88wages,Regression,6,6872,128,xgb,sage,permutation,8.0,1.0,4.0,3.0,5.0,7.0,6.0,,2.0,7.0,3.0,6.0,5.0,2.0,8.0,1.0,,4.0,7.0,5.0,2.0,3.0,4.0,1.0,8.0,,6.0,6.0,5.0,3.0,2.0,1.0,4.0,8.0,,7.0,5.0,3.0,3.0,1.0,1.0,2.0,2.0,,4.0
cps88wages,Regression,6,6872,128,xgb,shap,kernel,8.0,1.0,4.0,3.0,6.0,5.0,7.0,,2.0,6.0,5.0,3.0,4.0,2.0,8.0,1.0,,7.0,7.0,5.0,4.0,3.0,2.0,1.0,8.0,,6.0,6.0,5.0,3.0,2.0,1.0,4.0,8.0,,7.0,7.0,5.0,4.0,3.0,2.0,1.0,8.0,,6.0
cps88wages,Regression,6,6872,128,xgb,shapiq,kernel,8.0,1.0,6.0,5.0,4.0,3.0,7.0,,2.0,2.0,7.0,4.0,6.0,5.0,3.0,8.0,,1.0,6.0,5.0,4.0,3.0,1.0,2.0,8.0,,7.0,6.0,5.0,3.0,2.0,1.0,4.0,8.0,,7.0,6.0,5.0,4.0,3.0,2.0,1.0,8.0,,7.0
cps88wages,Regression,6,6872,256,nn,sage,permutation,8.0,1.0,5.0,2.0,6.0,3.0,7.0,,4.0,2.0,8.0,7.0,5.0,6.0,4.0,1.0,,3.0,2.0,5.0,1.0,6.0,3.0,4.0,8.0,,7.0,6.0,5.0,3.0,2.0,1.0,4.0,8.0,,7.0,1.0,1.0,1.0,1.0,1.0,1.0,2.0,,1.0
cps88wages,Regression,6,6872,256,nn,shap,kernel,8.0,1.0,5.0,3.0,6.0,2.0,7.0,,4.0,2.0,7.0,6.0,4.0,5.0,3.0,1.0,,8.0,6.0,5.0,3.0,2.0,1.0,4.0,8.0,,7.0,6.0,5.0,3.0,2.0,1.0,4.0,8.0,,7.0,6.0,5.0,3.0,2.0,1.0,4.0,8.0,,7.0
cps88wages,Regression,6,6872,256,nn,shapiq,kernel,8.0,1.0,3.0,2.0,6.0,4.0,7.0,,5.0,1.0,6.0,7.0,8.0,5.0,3.0,4.0,,2.0,6.0,5.0,3.0,2.0,1.0,4.0,8.0,,7.0,6.0,5.0,3.0,2.0,1.0,4.0,8.0,,7.0,6.0,5.0,3.0,1.0,2.0,4.0,8.0,,7.0
cps88wages,Regression,6,6872,256,xgb,sage,permutation,8.0,1.0,3.0,2.0,5.0,7.0,6.0,,4.0,7.0,5.0,4.0,3.0,2.0,8.0,1.0,,6.0,6.0,3.0,4.0,5.0,2.0,1.0,8.0,,7.0,6.0,5.0,3.0,2.0,1.0,4.0,8.0,,7.0,4.0,3.0,1.0,1.0,3.0,3.0,2.0,,2.0
cps88wages,Regression,6,6872,256,xgb,shap,kernel,8.0,1.0,2.0,4.0,6.0,3.0,7.0,,5.0,8.0,5.0,2.0,4.0,3.0,6.0,1.0,,7.0,6.0,5.0,3.0,4.0,1.0,2.0,8.0,,7.0,6.0,5.0,3.0,2.0,1.0,4.0,8.0,,7.0,6.0,5.0,4.0,3.0,2.0,1.0,8.0,,7.0
cps88wages,Regression,6,6872,256,xgb,shapiq,kernel,8.0,1.0,5.0,3.0,6.0,2.0,7.0,,4.0,2.0,4.0,6.0,5.0,7.0,3.0,8.0,,1.0,6.0,5.0,4.0,3.0,1.0,2.0,8.0,,7.0,6.0,5.0,3.0,2.0,1.0,4.0,8.0,,7.0,6.0,5.0,4.0,3.0,1.0,2.0,8.0,,7.0
cpu_activity,Regression,21,2048,8,nn,sage,permutation,8.0,1.0,3.0,4.0,5.0,2.0,7.0,,6.0,5.0,2.0,8.0,4.0,3.0,6.0,1.0,,7.0,7.0,6.0,1.0,3.0,2.0,4.0,8.0,,5.0,7.0,6.0,2.0,3.0,4.0,1.0,8.0,,5.0,3.0,2.0,1.0,1.0,1.0,1.0,4.0,,1.0
cpu_activity,Regression,21,2048,8,nn,shap,kernel,8.0,1.0,3.0,2.0,6.0,4.0,7.0,,5.0,2.0,8.0,1.0,5.0,4.0,7.0,3.0,,6.0,7.0,6.0,3.0,1.0,2.0,4.0,8.0,,5.0,7.0,6.0,2.0,3.0,4.0,1.0,8.0,,5.0,6.0,7.0,5.0,3.0,2.0,4.0,1.0,,8.0
cpu_activity,Regression,21,2048,8,nn,shapiq,kernel,8.0,1.0,5.0,4.0,6.0,3.0,7.0,,2.0,2.0,3.0,7.0,5.0,4.0,8.0,6.0,,1.0,7.0,6.0,4.0,2.0,3.0,1.0,8.0,,5.0,7.0,6.0,2.0,3.0,4.0,1.0,8.0,,5.0,7.0,6.0,2.0,4.0,3.0,1.0,8.0,,5.0
cpu_activity,Regression,21,2048,8,xgb,sage,permutation,8.0,1.0,4.0,3.0,5.0,6.0,7.0,,2.0,3.0,2.0,7.0,5.0,4.0,8.0,1.0,,6.0,7.0,5.0,1.0,4.0,3.0,2.0,8.0,,6.0,7.0,6.0,2.0,3.0,4.0,1.0,8.0,,5.0,5.0,4.0,6.0,2.0,7.0,3.0,7.0,,1.0
cpu_activity,Regression,21,2048,8,xgb,shap,kernel,8.0,1.0,5.0,6.0,3.0,4.0,7.0,,2.0,6.0,1.0,5.0,3.0,2.0,7.0,4.0,,8.0,7.0,6.0,3.0,1.0,2.0,4.0,8.0,,5.0,7.0,6.0,2.0,3.0,4.0,1.0,8.0,,5.0,6.0,5.0,3.0,1.0,2.0,4.0,7.0,,8.0
cpu_activity,Regression,21,2048,8,xgb,shapiq,kernel,8.0,1.0,3.0,4.0,6.0,5.0,7.0,,2.0,2.0,3.0,5.0,7.0,8.0,1.0,6.0,,4.0,7.0,6.0,2.0,3.0,5.0,4.0,8.0,,1.0,7.0,6.0,2.0,3.0,4.0,1.0,8.0,,5.0,7.0,6.0,3.0,4.0,2.0,5.0,8.0,,1.0
cpu_activity,Regression,21,2048,16,nn,sage,permutation,8.0,1.0,4.0,2.0,5.0,3.0,7.0,,6.0,8.0,4.0,5.0,3.0,2.0,6.0,1.0,,7.0,5.0,6.0,1.0,3.0,2.0,4.0,8.0,,7.0,7.0,6.0,1.0,3.0,2.0,4.0,8.0,,5.0,1.0,1.0,1.0,1.0,1.0,1.0,2.0,,1.0
cpu_activity,Regression,21,2048,16,nn,shap,kernel,8.0,1.0,2.0,3.0,5.0,4.0,7.0,,6.0,4.0,8.0,2.0,7.0,5.0,3.0,6.0,,1.0,5.0,6.0,2.0,3.0,1.0,4.0,8.0,,7.0,7.0,6.0,1.0,3.0,2.0,4.0,8.0,,5.0,5.0,6.0,3.0,1.0,2.0,4.0,7.0,,8.0
cpu_activity,Regression,21,2048,16,nn,shapiq,kernel,8.0,1.0,3.0,4.0,5.0,2.0,7.0,,6.0,1.0,3.0,7.0,4.0,5.0,8.0,6.0,,2.0,7.0,6.0,3.0,4.0,1.0,2.0,8.0,,5.0,7.0,6.0,1.0,3.0,2.0,4.0,8.0,,5.0,7.0,6.0,3.0,4.0,2.0,1.0,8.0,,5.0
cpu_activity,Regression,21,2048,16,xgb,sage,permutation,8.0,1.0,4.0,2.0,5.0,3.0,7.0,,6.0,5.0,6.0,4.0,2.0,3.0,8.0,1.0,,7.0,6.0,5.0,2.0,3.0,4.0,1.0,8.0,,7.0,7.0,6.0,1.0,4.0,2.0,3.0,8.0,,5.0,3.0,2.0,1.0,1.0,1.0,1.0,4.0,,1.0
cpu_activity,Regression,21,2048,16,xgb,shap,kernel,8.0,1.0,3.0,2.0,4.0,5.0,7.0,,6.0,6.0,1.0,5.0,3.0,2.0,7.0,4.0,,8.0,6.0,5.0,1.0,2.0,3.0,4.0,8.0,,7.0,7.0,6.0,1.0,4.0,2.0,3.0,8.0,,5.0,5.0,6.0,3.0,1.0,2.0,4.0,8.0,,7.0
cpu_activity,Regression,21,2048,16,xgb,shapiq,kernel,8.0,1.0,2.0,3.0,5.0,4.0,7.0,,6.0,2.0,3.0,5.0,7.0,8.0,1.0,6.0,,4.0,7.0,6.0,2.0,4.0,1.0,3.0,8.0,,5.0,7.0,6.0,1.0,4.0,2.0,3.0,8.0,,5.0,7.0,6.0,1.0,4.0,2.0,3.0,8.0,,5.0
cpu_activity,Regression,21,2048,32,nn,sage,permutation,8.0,1.0,2.0,4.0,5.0,3.0,6.0,,7.0,8.0,2.0,3.0,5.0,4.0,6.0,1.0,,7.0,5.0,6.0,1.0,4.0,2.0,3.0,8.0,,7.0,7.0,6.0,3.0,4.0,2.0,1.0,8.0,,5.0,1.0,1.0,1.0,1.0,1.0,1.0,2.0,,1.0
cpu_activity,Regression,21,2048,32,nn,shap,kernel,8.0,1.0,2.0,3.0,5.0,4.0,6.0,,7.0,3.0,8.0,4.0,6.0,7.0,2.0,5.0,,1.0,5.0,6.0,4.0,1.0,2.0,3.0,8.0,,7.0,7.0,6.0,3.0,4.0,2.0,1.0,8.0,,5.0,6.0,5.0,3.0,1.0,2.0,4.0,8.0,,7.0
cpu_activity,Regression,21,2048,32,nn,shapiq,kernel,8.0,1.0,3.0,5.0,4.0,2.0,7.0,,6.0,3.0,2.0,7.0,6.0,5.0,8.0,4.0,,1.0,7.0,6.0,4.0,1.0,2.0,3.0,8.0,,5.0,7.0,6.0,3.0,4.0,2.0,1.0,8.0,,5.0,7.0,6.0,4.0,3.0,2.0,1.0,8.0,,5.0
cpu_activity,Regression,21,2048,32,xgb,sage,permutation,8.0,1.0,3.0,2.0,5.0,4.0,7.0,,6.0,4.0,2.0,3.0,7.0,6.0,8.0,1.0,,5.0,6.0,5.0,3.0,4.0,2.0,1.0,8.0,,7.0,7.0,6.0,3.0,4.0,2.0,1.0,8.0,,5.0,3.0,2.0,1.0,1.0,1.0,1.0,4.0,,1.0
cpu_activity,Regression,21,2048,32,xgb,shap,kernel,8.0,1.0,3.0,2.0,4.0,5.0,7.0,,6.0,6.0,5.0,1.0,4.0,2.0,7.0,3.0,,8.0,6.0,5.0,4.0,1.0,2.0,3.0,8.0,,7.0,7.0,6.0,3.0,4.0,2.0,1.0,8.0,,5.0,6.0,5.0,4.0,1.0,2.0,3.0,8.0,,7.0
cpu_activity,Regression,21,2048,32,xgb,shapiq,kernel,8.0,1.0,4.0,2.0,5.0,3.0,6.0,,7.0,2.0,3.0,6.0,7.0,8.0,1.0,5.0,,4.0,7.0,6.0,4.0,1.0,3.0,2.0,8.0,,5.0,7.0,6.0,3.0,4.0,2.0,1.0,8.0,,5.0,7.0,6.0,4.0,2.0,1.0,3.0,8.0,,5.0
cpu_activity,Regression,21,2048,64,nn,sage,permutation,8.0,1.0,5.0,2.0,4.0,3.0,6.0,,7.0,8.0,3.0,5.0,4.0,2.0,7.0,1.0,,6.0,7.0,6.0,4.0,2.0,3.0,1.0,8.0,,5.0,6.0,5.0,1.0,3.0,4.0,2.0,8.0,,7.0,1.0,1.0,1.0,1.0,1.0,1.0,2.0,,1.0
cpu_activity,Regression,21,2048,64,nn,shap,kernel,8.0,1.0,3.0,2.0,5.0,4.0,6.0,,7.0,3.0,8.0,4.0,6.0,5.0,2.0,7.0,,1.0,7.0,5.0,1.0,2.0,4.0,3.0,8.0,,6.0,6.0,5.0,1.0,3.0,4.0,2.0,8.0,,7.0,5.0,6.0,3.0,1.0,4.0,2.0,8.0,,7.0
cpu_activity,Regression,21,2048,64,nn,shapiq,kernel,8.0,1.0,4.0,3.0,5.0,2.0,6.0,,7.0,3.0,1.0,7.0,6.0,5.0,8.0,4.0,,2.0,7.0,5.0,1.0,2.0,4.0,3.0,8.0,,6.0,6.0,5.0,1.0,3.0,4.0,2.0,8.0,,7.0,7.0,5.0,1.0,2.0,4.0,3.0,8.0,,6.0
cpu_activity,Regression,21,2048,64,xgb,sage,permutation,8.0,1.0,3.0,2.0,5.0,4.0,6.0,,7.0,3.0,6.0,4.0,5.0,2.0,8.0,1.0,,7.0,7.0,5.0,4.0,3.0,1.0,2.0,8.0,,6.0,6.0,5.0,1.0,3.0,4.0,2.0,8.0,,7.0,1.0,2.0,1.0,1.0,1.0,1.0,3.0,,1.0
cpu_activity,Regression,21,2048,64,xgb,shap,kernel,8.0,1.0,3.0,2.0,4.0,5.0,6.0,,7.0,5.0,6.0,2.0,1.0,3.0,7.0,4.0,,8.0,7.0,5.0,1.0,3.0,4.0,2.0,8.0,,6.0,6.0,5.0,1.0,3.0,4.0,2.0,8.0,,7.0,5.0,6.0,3.0,1.0,2.0,4.0,8.0,,7.0
cpu_activity,Regression,21,2048,64,xgb,shapiq,kernel,8.0,1.0,3.0,2.0,4.0,5.0,6.0,,7.0,2.0,3.0,6.0,5.0,8.0,1.0,7.0,,4.0,7.0,5.0,1.0,3.0,4.0,2.0,8.0,,6.0,6.0,5.0,1.0,3.0,4.0,2.0,8.0,,7.0,7.0,5.0,1.0,4.0,3.0,2.0,8.0,,6.0
cpu_activity,Regression,21,2048,128,nn,sage,permutation,8.0,1.0,4.0,2.0,5.0,3.0,6.0,,7.0,8.0,2.0,5.0,4.0,3.0,7.0,1.0,,6.0,7.0,6.0,3.0,1.0,2.0,4.0,8.0,,5.0,6.0,5.0,1.0,3.0,4.0,2.0,8.0,,7.0,1.0,1.0,1.0,1.0,1.0,1.0,2.0,,1.0
cpu_activity,Regression,21,2048,128,nn,shap,kernel,8.0,1.0,4.0,2.0,5.0,3.0,6.0,,7.0,3.0,8.0,4.0,7.0,5.0,2.0,6.0,,1.0,6.0,7.0,3.0,4.0,1.0,2.0,8.0,,5.0,6.0,5.0,1.0,3.0,4.0,2.0,8.0,,7.0,7.0,6.0,4.0,2.0,1.0,3.0,8.0,,5.0
cpu_activity,Regression,21,2048,128,nn,shapiq,kernel,8.0,1.0,3.0,4.0,5.0,2.0,6.0,,7.0,3.0,1.0,7.0,4.0,5.0,8.0,6.0,,2.0,7.0,5.0,3.0,4.0,2.0,1.0,8.0,,6.0,6.0,5.0,1.0,3.0,4.0,2.0,8.0,,7.0,7.0,5.0,3.0,4.0,2.0,1.0,8.0,,6.0
cpu_activity,Regression,21,2048,128,xgb,sage,permutation,8.0,1.0,3.0,2.0,5.0,4.0,6.0,,7.0,2.0,3.0,5.0,6.0,7.0,8.0,1.0,,4.0,7.0,6.0,1.0,2.0,3.0,4.0,8.0,,5.0,6.0,5.0,1.0,3.0,4.0,2.0,8.0,,7.0,1.0,1.0,1.0,1.0,1.0,1.0,2.0,,1.0
cpu_activity,Regression,21,2048,128,xgb,shap,kernel,8.0,1.0,3.0,2.0,5.0,4.0,6.0,,7.0,5.0,6.0,4.0,2.0,1.0,7.0,3.0,,8.0,7.0,6.0,3.0,4.0,1.0,2.0,8.0,,5.0,6.0,5.0,1.0,3.0,4.0,2.0,8.0,,7.0,6.0,5.0,2.0,4.0,3.0,1.0,8.0,,7.0
cpu_activity,Regression,21,2048,128,xgb,shapiq,kernel,8.0,1.0,3.0,2.0,4.0,5.0,6.0,,7.0,2.0,3.0,5.0,7.0,8.0,1.0,6.0,,4.0,6.0,5.0,1.0,4.0,3.0,2.0,8.0,,7.0,6.0,5.0,1.0,3.0,4.0,2.0,8.0,,7.0,6.0,5.0,3.0,4.0,2.0,1.0,8.0,,7.0
diamonds,Regression,9,13474,16,nn,sage,permutation,8.0,1.0,5.0,3.0,6.0,4.0,7.0,,2.0,7.0,4.0,6.0,3.0,1.0,5.0,2.0,,8.0,5.0,7.0,3.0,2.0,4.0,1.0,8.0,,6.0,6.0,7.0,3.0,2.0,1.0,4.0,8.0,,5.0,1.0,3.0,4.0,1.0,5.0,2.0,6.0,,4.0
diamonds,Regression,9,13474,16,nn,shap,kernel,8.0,1.0,4.0,5.0,6.0,3.0,7.0,,2.0,2.0,8.0,4.0,7.0,6.0,3.0,1.0,,5.0,5.0,7.0,3.0,2.0,4.0,1.0,8.0,,6.0,6.0,7.0,3.0,2.0,1.0,4.0,8.0,,5.0,7.0,5.0,4.0,2.0,3.0,1.0,8.0,,6.0
diamonds,Regression,9,13474,16,nn,shapiq,kernel,8.0,1.0,4.0,3.0,6.0,5.0,7.0,,2.0,2.0,3.0,6.0,5.0,7.0,4.0,8.0,,1.0,7.0,6.0,3.0,1.0,4.0,2.0,8.0,,5.0,6.0,7.0,3.0,2.0,1.0,4.0,8.0,,5.0,7.0,6.0,4.0,1.0,2.0,3.0,8.0,,5.0
diamonds,Regression,9,13474,16,xgb,sage,permutation,8.0,1.0,4.0,3.0,6.0,5.0,7.0,,2.0,7.0,5.0,4.0,3.0,1.0,6.0,2.0,,8.0,6.0,7.0,1.0,4.0,2.0,3.0,8.0,,5.0,6.0,7.0,4.0,3.0,1.0,2.0,8.0,,5.0,3.0,5.0,1.0,2.0,1.0,4.0,6.0,,4.0
diamonds,Regression,9,13474,16,xgb,shap,kernel,8.0,1.0,4.0,3.0,6.0,5.0,7.0,,2.0,8.0,3.0,7.0,5.0,4.0,2.0,1.0,,6.0,5.0,7.0,2.0,1.0,3.0,4.0,8.0,,6.0,6.0,7.0,4.0,3.0,1.0,2.0,8.0,,5.0,7.0,5.0,3.0,1.0,2.0,6.0,8.0,,4.0
diamonds,Regression,9,13474,16,xgb,shapiq,kernel,8.0,1.0,5.0,3.0,6.0,4.0,7.0,,2.0,2.0,8.0,7.0,5.0,6.0,1.0,4.0,,3.0,7.0,6.0,1.0,3.0,2.0,4.0,8.0,,5.0,6.0,7.0,4.0,3.0,1.0,2.0,8.0,,5.0,7.0,6.0,1.0,4.0,2.0,3.0,8.0,,5.0
diamonds,Regression,9,13474,32,nn,sage,permutation,8.0,1.0,5.0,4.0,6.0,3.0,7.0,,2.0,2.0,8.0,4.0,6.0,3.0,1.0,5.0,,7.0,7.0,6.0,3.0,4.0,2.0,5.0,8.0,,1.0,6.0,7.0,4.0,2.0,1.0,3.0,8.0,,5.0,3.0,5.0,6.0,7.0,4.0,1.0,8.0,,2.0
diamonds,Regression,9,13474,32,nn,shap,kernel,8.0,1.0,5.0,4.0,6.0,3.0,7.0,,2.0,3.0,8.0,5.0,7.0,6.0,2.0,1.0,,4.0,7.0,6.0,2.0,3.0,1.0,4.0,8.0,,5.0,6.0,7.0,4.0,2.0,1.0,3.0,8.0,,5.0,7.0,5.0,3.0,4.0,1.0,2.0,8.0,,6.0
diamonds,Regression,9,13474,32,nn,shapiq,kernel,8.0,1.0,4.0,3.0,6.0,5.0,7.0,,2.0,2.0,4.0,8.0,6.0,5.0,3.0,7.0,,1.0,7.0,6.0,3.0,1.0,2.0,4.0,8.0,,5.0,6.0,7.0,4.0,2.0,1.0,3.0,8.0,,5.0,7.0,6.0,2.0,3.0,1.0,4.0,8.0,,5.0
diamonds,Regression,9,13474,32,xgb,sage,permutation,8.0,1.0,5.0,3.0,6.0,4.0,7.0,,2.0,7.0,8.0,2.0,1.0,4.0,6.0,3.0,,5.0,7.0,6.0,1.0,5.0,3.0,4.0,8.0,,2.0,6.0,7.0,4.0,2.0,1.0,3.0,8.0,,5.0,5.0,2.0,1.0,2.0,3.0,1.0,6.0,,4.0
diamonds,Regression,9,13474,32,xgb,shap,kernel,8.0,1.0,4.0,3.0,6.0,5.0,7.0,,2.0,7.0,3.0,8.0,5.0,4.0,2.0,1.0,,6.0,7.0,6.0,2.0,4.0,1.0,3.0,8.0,,5.0,6.0,7.0,4.0,2.0,1.0,3.0,8.0,,5.0,7.0,5.0,1.0,4.0,2.0,3.0,8.0,,6.0
diamonds,Regression,9,13474,32,xgb,shapiq,kernel,8.0,1.0,5.0,3.0,6.0,4.0,7.0,,2.0,2.0,8.0,4.0,6.0,5.0,1.0,7.0,,3.0,7.0,5.0,1.0,4.0,2.0,3.0,8.0,,6.0,6.0,7.0,4.0,2.0,1.0,3.0,8.0,,5.0,7.0,6.0,1.0,2.0,3.0,5.0,8.0,,4.0
diamonds,Regression,9,13474,64,nn,sage,permutation,8.0,1.0,5.0,4.0,6.0,3.0,7.0,,2.0,3.0,8.0,5.0,4.0,2.0,1.0,6.0,,7.0,7.0,5.0,2.0,3.0,4.0,6.0,8.0,,1.0,6.0,5.0,4.0,2.0,1.0,3.0,8.0,,7.0,4.0,2.0,3.0,1.0,3.0,2.0,6.0,,5.0
diamonds,Regression,9,13474,64,nn,shap,kernel,8.0,1.0,4.0,5.0,6.0,3.0,7.0,,2.0,3.0,8.0,6.0,7.0,5.0,2.0,1.0,,4.0,7.0,6.0,1.0,4.0,3.0,2.0,8.0,,5.0,6.0,5.0,4.0,2.0,1.0,3.0,8.0,,7.0,7.0,5.0,1.0,4.0,2.0,3.0,8.0,,6.0
diamonds,Regression,9,13474,64,nn,shapiq,kernel,8.0,1.0,4.0,3.0,6.0,5.0,7.0,,2.0,2.0,4.0,8.0,5.0,6.0,3.0,7.0,,1.0,7.0,5.0,2.0,4.0,3.0,1.0,8.0,,6.0,6.0,5.0,4.0,2.0,1.0,3.0,8.0,,7.0,7.0,5.0,2.0,3.0,1.0,4.0,8.0,,6.0
diamonds,Regression,9,13474,64,xgb,sage,permutation,8.0,1.0,5.0,3.0,6.0,4.0,7.0,,2.0,7.0,8.0,3.0,1.0,4.0,6.0,2.0,,5.0,6.0,5.0,1.0,2.0,4.0,3.0,8.0,,7.0,6.0,5.0,4.0,2.0,1.0,3.0,8.0,,7.0,4.0,2.0,4.0,1.0,5.0,3.0,7.0,,6.0
diamonds,Regression,9,13474,64,xgb,shap,kernel,8.0,1.0,3.0,2.0,6.0,4.0,7.0,,5.0,8.0,3.0,7.0,5.0,4.0,2.0,1.0,,6.0,7.0,5.0,2.0,1.0,4.0,3.0,8.0,,6.0,6.0,5.0,4.0,2.0,1.0,3.0,8.0,,7.0,6.0,5.0,4.0,3.0,2.0,1.0,8.0,,7.0
diamonds,Regression,9,13474,64,xgb,shapiq,kernel,8.0,1.0,4.0,2.0,6.0,3.0,7.0,,5.0,2.0,8.0,4.0,6.0,5.0,1.0,7.0,,3.0,6.0,5.0,2.0,4.0,1.0,3.0,8.0,,7.0,6.0,5.0,4.0,2.0,1.0,3.0,8.0,,7.0,7.0,5.0,4.0,2.0,1.0,3.0,8.0,,6.0
diamonds,Regression,9,13474,128,nn,sage,permutation,8.0,1.0,4.0,3.0,5.0,2.0,7.0,,6.0,2.0,6.0,4.0,3.0,5.0,1.0,8.0,,7.0,7.0,5.0,4.0,6.0,3.0,2.0,8.0,,1.0,6.0,5.0,3.0,2.0,1.0,4.0,8.0,,7.0,1.0,3.0,2.0,2.0,4.0,1.0,5.0,,3.0
diamonds,Regression,9,13474,128,nn,shap,kernel,8.0,1.0,4.0,3.0,5.0,2.0,6.0,,7.0,3.0,8.0,5.0,7.0,6.0,1.0,2.0,,4.0,7.0,6.0,3.0,4.0,2.0,1.0,8.0,,5.0,6.0,5.0,3.0,2.0,1.0,4.0,8.0,,7.0,7.0,5.0,3.0,4.0,1.0,2.0,8.0,,6.0
diamonds,Regression,9,13474,128,nn,shapiq,kernel,8.0,1.0,4.0,2.0,5.0,3.0,7.0,,6.0,2.0,3.0,8.0,5.0,7.0,4.0,6.0,,1.0,7.0,5.0,3.0,4.0,1.0,2.0,8.0,,6.0,6.0,5.0,3.0,2.0,1.0,4.0,8.0,,7.0,7.0,5.0,3.0,4.0,1.0,2.0,8.0,,6.0
diamonds,Regression,9,13474,128,xgb,sage,permutation,8.0,1.0,4.0,2.0,5.0,3.0,7.0,,6.0,7.0,4.0,1.0,3.0,2.0,6.0,8.0,,5.0,7.0,5.0,1.0,3.0,2.0,4.0,8.0,,6.0,6.0,5.0,3.0,2.0,1.0,4.0,8.0,,7.0,6.0,2.0,3.0,2.0,4.0,1.0,7.0,,5.0
diamonds,Regression,9,13474,128,xgb,shap,kernel,8.0,1.0,4.0,2.0,5.0,3.0,6.0,,7.0,7.0,6.0,8.0,5.0,4.0,2.0,1.0,,3.0,7.0,5.0,3.0,4.0,1.0,2.0,8.0,,6.0,6.0,5.0,3.0,2.0,1.0,4.0,8.0,,7.0,6.0,5.0,3.0,4.0,2.0,1.0,8.0,,7.0
diamonds,Regression,9,13474,128,xgb,shapiq,kernel,8.0,1.0,4.0,2.0,5.0,3.0,6.0,,7.0,2.0,8.0,4.0,5.0,7.0,1.0,6.0,,3.0,6.0,5.0,3.0,4.0,1.0,2.0,8.0,,7.0,6.0,5.0,3.0,2.0,1.0,4.0,8.0,,7.0,7.0,5.0,2.0,4.0,1.0,3.0,8.0,,6.0
diamonds,Regression,9,13474,256,nn,sage,permutation,8.0,1.0,4.0,3.0,5.0,2.0,6.0,,7.0,7.0,4.0,2.0,3.0,5.0,1.0,8.0,,6.0,7.0,6.0,1.0,5.0,3.0,4.0,8.0,,2.0,5.0,6.0,3.0,2.0,1.0,4.0,8.0,,7.0,3.0,2.0,1.0,1.0,2.0,2.0,4.0,,2.0
diamonds,Regression,9,13474,256,nn,shap,kernel,8.0,1.0,4.0,3.0,5.0,2.0,6.0,,7.0,3.0,8.0,5.0,7.0,6.0,2.0,1.0,,4.0,7.0,6.0,3.0,4.0,2.0,1.0,8.0,,5.0,5.0,6.0,3.0,2.0,1.0,4.0,8.0,,7.0,7.0,5.0,4.0,3.0,2.0,1.0,8.0,,6.0
diamonds,Regression,9,13474,256,nn,shapiq,kernel,8.0,1.0,4.0,2.0,5.0,3.0,6.0,,7.0,2.0,3.0,6.0,8.0,7.0,4.0,5.0,,1.0,7.0,5.0,4.0,3.0,2.0,1.0,8.0,,6.0,5.0,6.0,3.0,2.0,1.0,4.0,8.0,,7.0,7.0,5.0,4.0,3.0,2.0,1.0,8.0,,6.0
diamonds,Regression,9,13474,256,xgb,sage,permutation,8.0,1.0,4.0,2.0,5.0,3.0,6.0,,7.0,4.0,5.0,3.0,1.0,2.0,7.0,8.0,,6.0,7.0,5.0,2.0,6.0,1.0,3.0,8.0,,4.0,5.0,6.0,3.0,2.0,1.0,4.0,8.0,,7.0,6.0,1.0,2.0,6.0,5.0,3.0,7.0,,4.0
diamonds,Regression,9,13474,256,xgb,shap,kernel,8.0,1.0,3.0,2.0,5.0,4.0,6.0,,7.0,8.0,3.0,6.0,4.0,7.0,2.0,1.0,,5.0,7.0,5.0,2.0,3.0,4.0,1.0,8.0,,6.0,5.0,6.0,3.0,2.0,1.0,4.0,8.0,,7.0,6.0,5.0,2.0,4.0,3.0,1.0,8.0,,7.0
diamonds,Regression,9,13474,256,xgb,shapiq,kernel,8.0,1.0,4.0,2.0,5.0,3.0,6.0,,7.0,2.0,8.0,6.0,5.0,7.0,1.0,4.0,,3.0,6.0,5.0,3.0,4.0,1.0,2.0,8.0,,7.0,5.0,6.0,3.0,2.0,1.0,4.0,8.0,,7.0,7.0,5.0,3.0,4.0,1.0,2.0,8.0,,6.0
electricity,Classification,8,11328,16,nn,sage,permutation,9.0,1.0,6.0,4.0,7.0,5.0,8.0,2.0,3.0,9.0,4.0,7.0,2.0,5.0,8.0,1.0,3.0,6.0,5.0,7.0,3.0,2.0,1.0,4.0,9.0,6.0,8.0,7.0,8.0,2.0,3.0,1.0,4.0,9.0,5.0,6.0,3.0,4.0,1.0,2.0,1.0,2.0,6.0,4.0,5.0
electricity,Classification,8,11328,16,nn,shap,kernel,9.0,1.0,6.0,4.0,7.0,5.0,8.0,2.0,3.0,3.0,9.0,7.0,6.0,8.0,2.0,1.0,4.0,5.0,7.0,8.0,4.0,2.0,1.0,3.0,9.0,5.0,6.0,7.0,8.0,2.0,3.0,1.0,4.0,9.0,5.0,6.0,7.0,6.0,4.0,2.0,1.0,3.0,9.0,5.0,8.0
electricity,Classification,8,11328,16,nn,shapiq,kernel,9.0,1.0,5.0,4.0,7.0,6.0,8.0,2.0,3.0,3.0,5.0,7.0,9.0,8.0,4.0,6.0,1.0,2.0,7.0,6.0,5.0,4.0,1.0,3.0,9.0,2.0,8.0,7.0,8.0,2.0,3.0,1.0,4.0,9.0,5.0,6.0,8.0,7.0,5.0,3.0,1.0,4.0,9.0,2.0,6.0
electricity,Classification,8,11328,16,xgb,sage,permutation,9.0,1.0,5.0,4.0,7.0,6.0,8.0,2.0,3.0,8.0,5.0,9.0,4.0,6.0,7.0,1.0,2.0,3.0,7.0,3.0,8.0,2.0,4.0,1.0,9.0,5.0,6.0,7.0,8.0,3.0,4.0,1.0,2.0,9.0,5.0,6.0,3.0,4.0,6.0,1.0,3.0,2.0,5.0,3.0,3.0
electricity,Classification,8,11328,16,xgb,shap,kernel,9.0,1.0,5.0,6.0,7.0,4.0,8.0,2.0,3.0,3.0,8.0,7.0,5.0,6.0,9.0,2.0,1.0,4.0,8.0,7.0,5.0,3.0,2.0,1.0,9.0,4.0,6.0,7.0,8.0,3.0,4.0,1.0,2.0,9.0,5.0,6.0,8.0,6.0,2.0,1.0,4.0,5.0,9.0,3.0,7.0
electricity,Classification,8,11328,16,xgb,shapiq,kernel,9.0,1.0,5.0,4.0,7.0,6.0,8.0,2.0,3.0,2.0,9.0,5.0,7.0,8.0,4.0,6.0,3.0,1.0,7.0,6.0,2.0,8.0,5.0,4.0,9.0,1.0,3.0,7.0,8.0,3.0,4.0,1.0,2.0,9.0,5.0,6.0,7.0,6.0,2.0,8.0,3.0,5.0,9.0,1.0,4.0
electricity,Classification,8,11328,32,nn,sage,permutation,9.0,1.0,6.0,4.0,7.0,5.0,8.0,2.0,3.0,5.0,9.0,8.0,6.0,7.0,2.0,1.0,4.0,3.0,7.0,8.0,2.0,1.0,4.0,3.0,9.0,5.0,6.0,8.0,6.0,2.0,1.0,4.0,3.0,9.0,5.0,7.0,3.0,5.0,7.0,1.0,6.0,5.0,8.0,4.0,2.0
electricity,Classification,8,11328,32,nn,shap,kernel,9.0,1.0,5.0,6.0,7.0,4.0,8.0,2.0,3.0,5.0,9.0,7.0,6.0,8.0,2.0,4.0,1.0,3.0,8.0,6.0,2.0,1.0,4.0,3.0,9.0,5.0,7.0,8.0,6.0,2.0,1.0,4.0,3.0,9.0,5.0,7.0,8.0,6.0,4.0,3.0,1.0,2.0,9.0,5.0,7.0
electricity,Classification,8,11328,32,nn,shapiq,kernel,9.0,1.0,5.0,4.0,7.0,6.0,8.0,2.0,3.0,3.0,7.0,6.0,9.0,8.0,4.0,5.0,1.0,2.0,7.0,6.0,1.0,3.0,5.0,2.0,9.0,4.0,8.0,8.0,6.0,2.0,1.0,4.0,3.0,9.0,5.0,7.0,8.0,6.0,1.0,4.0,5.0,2.0,9.0,3.0,7.0
electricity,Classification,8,11328,32,xgb,sage,permutation,9.0,1.0,5.0,4.0,7.0,6.0,8.0,2.0,3.0,7.0,4.0,8.0,6.0,5.0,2.0,1.0,3.0,9.0,7.0,6.0,5.0,4.0,1.0,2.0,9.0,3.0,8.0,8.0,6.0,2.0,1.0,3.0,4.0,9.0,5.0,7.0,4.0,3.0,2.0,1.0,1.0,2.0,4.0,2.0,5.0
electricity,Classification,8,11328,32,xgb,shap,kernel,9.0,1.0,6.0,4.0,7.0,5.0,8.0,2.0,3.0,3.0,8.0,5.0,6.0,7.0,9.0,2.0,1.0,4.0,8.0,7.0,2.0,3.0,5.0,1.0,9.0,4.0,6.0,8.0,6.0,2.0,1.0,3.0,4.0,9.0,5.0,7.0,8.0,6.0,2.0,4.0,3.0,1.0,9.0,5.0,7.0
electricity,Classification,8,11328,32,xgb,shapiq,kernel,9.0,1.0,5.0,4.0,7.0,6.0,8.0,2.0,3.0,2.0,5.0,6.0,8.0,9.0,4.0,7.0,3.0,1.0,7.0,5.0,1.0,4.0,8.0,2.0,9.0,3.0,6.0,8.0,6.0,2.0,1.0,3.0,4.0,9.0,5.0,7.0,7.0,6.0,1.0,5.0,4.0,2.0,9.0,3.0,8.0
electricity,Classification,8,11328,64,nn,sage,permutation,9.0,1.0,6.0,4.0,7.0,5.0,8.0,2.0,3.0,5.0,9.0,8.0,4.0,7.0,2.0,1.0,6.0,3.0,6.0,4.0,3.0,5.0,2.0,1.0,9.0,7.0,8.0,6.0,7.0,3.0,2.0,1.0,4.0,9.0,5.0,8.0,2.0,3.0,1.0,4.0,3.0,3.0,5.0,3.0,3.0
electricity,Classification,8,11328,64,nn,shap,kernel,9.0,1.0,6.0,4.0,7.0,5.0,8.0,2.0,3.0,9.0,8.0,6.0,5.0,7.0,1.0,4.0,2.0,3.0,7.0,5.0,2.0,3.0,4.0,1.0,9.0,6.0,8.0,6.0,7.0,3.0,2.0,1.0,4.0,9.0,5.0,8.0,7.0,6.0,2.0,3.0,4.0,1.0,9.0,5.0,8.0
electricity,Classification,8,11328,64,nn,shapiq,kernel,9.0,1.0,5.0,4.0,7.0,6.0,8.0,2.0,3.0,3.0,6.0,9.0,7.0,8.0,4.0,5.0,1.0,2.0,7.0,6.0,2.0,4.0,1.0,3.0,9.0,5.0,8.0,6.0,7.0,3.0,2.0,1.0,4.0,9.0,5.0,8.0,7.0,6.0,1.0,4.0,2.0,3.0,9.0,5.0,8.0
electricity,Classification,8,11328,64,xgb,sage,permutation,9.0,1.0,5.0,4.0,7.0,6.0,8.0,2.0,3.0,9.0,5.0,3.0,7.0,6.0,8.0,1.0,2.0,4.0,7.0,6.0,2.0,5.0,1.0,3.0,9.0,4.0,8.0,6.0,7.0,3.0,2.0,1.0,4.0,9.0,5.0,8.0,3.0,1.0,2.0,1.0,1.0,1.0,5.0,3.0,4.0
electricity,Classification,8,11328,64,xgb,shap,kernel,9.0,1.0,6.0,4.0,7.0,5.0,8.0,2.0,3.0,3.0,9.0,6.0,5.0,7.0,8.0,2.0,1.0,4.0,7.0,6.0,3.0,2.0,4.0,1.0,9.0,5.0,8.0,6.0,7.0,3.0,2.0,1.0,4.0,9.0,5.0,8.0,7.0,6.0,3.0,2.0,5.0,1.0,9.0,4.0,8.0
electricity,Classification,8,11328,64,xgb,shapiq,kernel,9.0,1.0,6.0,4.0,7.0,5.0,8.0,2.0,3.0,2.0,4.0,7.0,6.0,9.0,5.0,8.0,3.0,1.0,7.0,6.0,4.0,5.0,2.0,1.0,9.0,3.0,8.0,6.0,7.0,3.0,2.0,1.0,4.0,9.0,5.0,8.0,7.0,6.0,5.0,3.0,1.0,2.0,9.0,4.0,8.0
electricity,Classification,8,11328,128,nn,sage,permutation,9.0,1.0,5.0,3.0,6.0,4.0,8.0,2.0,7.0,6.0,9.0,8.0,4.0,7.0,2.0,1.0,5.0,3.0,6.0,5.0,4.0,1.0,3.0,2.0,9.0,7.0,8.0,7.0,6.0,3.0,2.0,1.0,4.0,9.0,5.0,8.0,5.0,5.0,1.0,5.0,3.0,1.0,6.0,4.0,2.0
electricity,Classification,8,11328,128,nn,shap,kernel,9.0,1.0,6.0,3.0,7.0,4.0,8.0,2.0,5.0,9.0,8.0,5.0,6.0,7.0,1.0,4.0,2.0,3.0,6.0,5.0,4.0,3.0,2.0,1.0,9.0,7.0,8.0,7.0,6.0,3.0,2.0,1.0,4.0,9.0,5.0,8.0,7.0,5.0,4.0,3.0,1.0,2.0,9.0,6.0,8.0
electricity,Classification,8,11328,128,nn,shapiq,kernel,9.0,1.0,4.0,3.0,7.0,5.0,8.0,2.0,6.0,3.0,6.0,7.0,8.0,9.0,4.0,5.0,2.0,1.0,7.0,6.0,4.0,3.0,1.0,2.0,9.0,5.0,8.0,7.0,6.0,3.0,2.0,1.0,4.0,9.0,5.0,8.0,7.0,6.0,4.0,3.0,1.0,2.0,9.0,5.0,8.0
electricity,Classification,8,11328,128,xgb,sage,permutation,9.0,1.0,4.0,3.0,7.0,5.0,8.0,2.0,6.0,9.0,5.0,3.0,4.0,8.0,7.0,1.0,6.0,2.0,7.0,6.0,2.0,3.0,1.0,5.0,9.0,4.0,8.0,7.0,6.0,4.0,2.0,1.0,3.0,9.0,5.0,8.0,2.0,1.0,1.0,2.0,1.0,1.0,3.0,1.0,4.0
electricity,Classification,8,11328,128,xgb,shap,kernel,9.0,1.0,5.0,3.0,7.0,4.0,8.0,2.0,6.0,3.0,9.0,5.0,6.0,7.0,8.0,2.0,1.0,4.0,7.0,6.0,4.0,3.0,2.0,1.0,9.0,5.0,8.0,7.0,6.0,4.0,2.0,1.0,3.0,9.0,5.0,8.0,7.0,6.0,4.0,3.0,1.0,2.0,9.0,5.0,8.0
electricity,Classification,8,11328,128,xgb,shapiq,kernel,9.0,1.0,4.0,3.0,7.0,6.0,8.0,2.0,5.0,2.0,4.0,6.0,5.0,9.0,7.0,8.0,3.0,1.0,7.0,6.0,4.0,3.0,1.0,2.0,9.0,5.0,8.0,7.0,6.0,4.0,2.0,1.0,3.0,9.0,5.0,8.0,7.0,6.0,4.0,3.0,1.0,2.0,9.0,5.0,8.0
electricity,Classification,8,11328,256,nn,sage,permutation,9.0,1.0,5.0,3.0,6.0,4.0,7.0,2.0,8.0,8.0,5.0,4.0,7.0,9.0,2.0,1.0,6.0,3.0,7.0,5.0,2.0,3.0,1.0,4.0,9.0,6.0,8.0,6.0,7.0,4.0,2.0,1.0,3.0,9.0,5.0,8.0,4.0,2.0,4.0,3.0,6.0,4.0,7.0,5.0,1.0
electricity,Classification,8,11328,256,nn,shap,kernel,9.0,1.0,5.0,4.0,6.0,3.0,7.0,2.0,8.0,9.0,8.0,5.0,6.0,7.0,1.0,4.0,2.0,3.0,6.0,5.0,3.0,4.0,1.0,2.0,9.0,7.0,8.0,6.0,7.0,4.0,2.0,1.0,3.0,9.0,5.0,8.0,7.0,5.0,3.0,4.0,1.0,2.0,9.0,6.0,8.0
electricity,Classification,8,11328,256,nn,shapiq,kernel,9.0,1.0,4.0,3.0,6.0,5.0,7.0,2.0,8.0,3.0,5.0,8.0,9.0,7.0,4.0,6.0,2.0,1.0,7.0,5.0,4.0,2.0,1.0,3.0,9.0,6.0,8.0,6.0,7.0,4.0,2.0,1.0,3.0,9.0,5.0,8.0,7.0,5.0,4.0,2.0,1.0,3.0,9.0,6.0,8.0
electricity,Classification,8,11328,256,xgb,sage,permutation,9.0,1.0,4.0,3.0,6.0,5.0,7.0,2.0,8.0,9.0,7.0,4.0,6.0,5.0,8.0,1.0,3.0,2.0,7.0,4.0,3.0,5.0,2.0,1.0,9.0,6.0,8.0,6.0,7.0,3.0,2.0,1.0,4.0,9.0,5.0,8.0,2.0,1.0,1.0,1.0,1.0,1.0,4.0,1.0,3.0
electricity,Classification,8,11328,256,xgb,shap,kernel,9.0,1.0,5.0,3.0,6.0,4.0,7.0,2.0,8.0,3.0,8.0,5.0,6.0,7.0,9.0,2.0,1.0,4.0,7.0,5.0,3.0,4.0,2.0,1.0,9.0,6.0,8.0,6.0,7.0,3.0,2.0,1.0,4.0,9.0,5.0,8.0,7.0,5.0,3.0,4.0,1.0,2.0,9.0,6.0,8.0
electricity,Classification,8,11328,256,xgb,shapiq,kernel,9.0,1.0,4.0,3.0,6.0,5.0,7.0,2.0,8.0,2.0,4.0,6.0,9.0,8.0,5.0,7.0,3.0,1.0,7.0,5.0,4.0,3.0,1.0,2.0,9.0,6.0,8.0,6.0,7.0,3.0,2.0,1.0,4.0,9.0,5.0,8.0,7.0,5.0,3.0,4.0,1.0,2.0,9.0,6.0,8.0
fifa,Regression,28,4795,16,nn,sage,permutation,8.0,1.0,5.0,3.0,6.0,4.0,7.0,,2.0,3.0,4.0,7.0,5.0,6.0,2.0,1.0,,8.0,7.0,6.0,1.0,2.0,4.0,3.0,8.0,,5.0,6.0,5.0,4.0,3.0,2.0,1.0,8.0,,7.0,4.0,3.0,6.0,7.0,7.0,5.0,2.0,,1.0
fifa,Regression,28,4795,16,nn,shap,kernel,8.0,1.0,4.0,3.0,6.0,5.0,7.0,,2.0,1.0,2.0,7.0,6.0,4.0,3.0,5.0,,8.0,7.0,6.0,3.0,2.0,5.0,1.0,8.0,,4.0,6.0,5.0,4.0,3.0,2.0,1.0,8.0,,7.0,7.0,6.0,2.0,4.0,5.0,1.0,8.0,,3.0
fifa,Regression,28,4795,16,nn,shapiq,kernel,8.0,1.0,4.0,3.0,6.0,5.0,7.0,,2.0,7.0,1.0,3.0,5.0,4.0,8.0,6.0,,2.0,7.0,5.0,3.0,2.0,4.0,1.0,8.0,,6.0,6.0,5.0,4.0,3.0,2.0,1.0,8.0,,7.0,8.0,6.0,4.0,3.0,5.0,1.0,7.0,,2.0
fifa,Regression,28,4795,16,xgb,sage,permutation,8.0,1.0,5.0,3.0,6.0,4.0,7.0,,2.0,2.0,3.0,6.0,7.0,8.0,5.0,1.0,,4.0,7.0,5.0,2.0,3.0,1.0,4.0,8.0,,6.0,6.0,5.0,4.0,3.0,1.0,2.0,8.0,,7.0,3.0,3.0,2.0,1.0,3.0,1.0,4.0,,3.0
fifa,Regression,28,4795,16,xgb,shap,kernel,8.0,1.0,5.0,3.0,6.0,4.0,7.0,,2.0,7.0,5.0,4.0,2.0,1.0,6.0,3.0,,8.0,7.0,6.0,2.0,1.0,4.0,3.0,8.0,,5.0,6.0,5.0,4.0,3.0,1.0,2.0,8.0,,7.0,7.0,5.0,2.0,3.0,1.0,4.0,8.0,,6.0
fifa,Regression,28,4795,16,xgb,shapiq,kernel,8.0,1.0,5.0,3.0,6.0,4.0,7.0,,2.0,7.0,1.0,5.0,6.0,3.0,2.0,4.0,,8.0,7.0,5.0,2.0,3.0,1.0,4.0,8.0,,6.0,6.0,5.0,4.0,3.0,1.0,2.0,8.0,,7.0,7.0,5.0,2.0,3.0,1.0,4.0,8.0,,6.0
fifa,Regression,28,4795,32,nn,sage,permutation,8.0,1.0,3.0,4.0,6.0,5.0,7.0,,2.0,3.0,4.0,7.0,6.0,5.0,2.0,1.0,,8.0,6.0,7.0,1.0,2.0,4.0,3.0,8.0,,5.0,7.0,5.0,3.0,2.0,1.0,4.0,8.0,,6.0,2.0,4.0,1.0,1.0,3.0,1.0,3.0,,2.0
fifa,Regression,28,4795,32,nn,shap,kernel,8.0,1.0,4.0,3.0,6.0,5.0,7.0,,2.0,2.0,3.0,5.0,7.0,6.0,1.0,4.0,,8.0,6.0,7.0,3.0,2.0,1.0,4.0,8.0,,5.0,7.0,5.0,3.0,2.0,1.0,4.0,8.0,,6.0,7.0,6.0,3.0,2.0,1.0,4.0,8.0,,5.0
fifa,Regression,28,4795,32,nn,shapiq,kernel,8.0,1.0,5.0,4.0,6.0,3.0,7.0,,2.0,7.0,1.0,3.0,5.0,4.0,8.0,6.0,,2.0,6.0,7.0,3.0,1.0,4.0,2.0,8.0,,5.0,7.0,5.0,3.0,2.0,1.0,4.0,8.0,,6.0,7.0,6.0,4.0,2.0,1.0,3.0,8.0,,5.0
fifa,Regression,28,4795,32,xgb,sage,permutation,8.0,1.0,4.0,3.0,6.0,5.0,7.0,,2.0,3.0,2.0,8.0,6.0,4.0,5.0,1.0,,7.0,6.0,7.0,1.0,4.0,3.0,2.0,8.0,,5.0,7.0,5.0,4.0,3.0,2.0,1.0,8.0,,6.0,2.0,4.0,3.0,1.0,1.0,3.0,5.0,,3.0
fifa,Regression,28,4795,32,xgb,shap,kernel,8.0,1.0,5.0,3.0,6.0,4.0,7.0,,2.0,6.0,1.0,3.0,4.0,2.0,7.0,5.0,,8.0,6.0,7.0,4.0,3.0,2.0,1.0,8.0,,5.0,7.0,5.0,4.0,3.0,2.0,1.0,8.0,,6.0,7.0,6.0,3.0,4.0,2.0,1.0,8.0,,5.0
fifa,Regression,28,4795,32,xgb,shapiq,kernel,8.0,1.0,5.0,4.0,6.0,3.0,7.0,,2.0,7.0,1.0,5.0,6.0,3.0,2.0,4.0,,8.0,6.0,7.0,3.0,4.0,2.0,1.0,8.0,,5.0,7.0,5.0,4.0,3.0,2.0,1.0,8.0,,6.0,6.0,7.0,3.0,4.0,2.0,1.0,8.0,,5.0
fifa,Regression,28,4795,64,nn,sage,permutation,8.0,1.0,4.0,3.0,6.0,5.0,7.0,,2.0,3.0,4.0,7.0,6.0,5.0,2.0,1.0,,8.0,5.0,6.0,2.0,3.0,4.0,1.0,8.0,,7.0,7.0,6.0,3.0,4.0,1.0,2.0,8.0,,5.0,4.0,4.0,1.0,3.0,3.0,2.0,2.0,,4.0
fifa,Regression,28,4795,64,nn,shap,kernel,8.0,1.0,4.0,3.0,6.0,5.0,7.0,,2.0,2.0,3.0,7.0,6.0,4.0,1.0,5.0,,8.0,5.0,6.0,1.0,2.0,3.0,4.0,8.0,,7.0,7.0,6.0,3.0,4.0,1.0,2.0,8.0,,5.0,6.0,5.0,1.0,2.0,3.0,4.0,8.0,,7.0
fifa,Regression,28,4795,64,nn,shapiq,kernel,8.0,1.0,3.0,4.0,6.0,5.0,7.0,,2.0,7.0,2.0,4.0,5.0,3.0,8.0,6.0,,1.0,5.0,6.0,1.0,3.0,4.0,2.0,8.0,,7.0,7.0,6.0,3.0,4.0,1.0,2.0,8.0,,5.0,6.0,5.0,1.0,3.0,2.0,4.0,8.0,,7.0
fifa,Regression,28,4795,64,xgb,sage,permutation,8.0,1.0,4.0,3.0,6.0,5.0,7.0,,2.0,3.0,2.0,8.0,5.0,6.0,4.0,1.0,,7.0,6.0,7.0,2.0,4.0,3.0,1.0,8.0,,5.0,7.0,6.0,3.0,4.0,1.0,2.0,8.0,,5.0,2.0,3.0,2.0,3.0,2.0,1.0,5.0,,4.0
fifa,Regression,28,4795,64,xgb,shap,kernel,8.0,1.0,4.0,3.0,6.0,5.0,7.0,,2.0,6.0,4.0,5.0,3.0,1.0,7.0,2.0,,8.0,6.0,5.0,1.0,4.0,2.0,3.0,8.0,,7.0,7.0,6.0,3.0,4.0,1.0,2.0,8.0,,5.0,7.0,5.0,3.0,4.0,2.0,1.0,8.0,,6.0
fifa,Regression,28,4795,64,xgb,shapiq,kernel,8.0,1.0,3.0,5.0,6.0,4.0,7.0,,2.0,7.0,1.0,4.0,5.0,3.0,2.0,6.0,,8.0,7.0,6.0,3.0,1.0,4.0,2.0,8.0,,5.0,7.0,6.0,3.0,4.0,1.0,2.0,8.0,,5.0,7.0,5.0,3.0,1.0,4.0,2.0,8.0,,6.0
fifa,Regression,28,4795,128,nn,sage,permutation,8.0,1.0,4.0,3.0,5.0,2.0,7.0,,6.0,3.0,4.0,7.0,5.0,6.0,2.0,1.0,,8.0,7.0,5.0,4.0,1.0,2.0,3.0,8.0,,6.0,7.0,5.0,2.0,4.0,1.0,3.0,8.0,,6.0,3.0,2.0,2.0,1.0,2.0,2.0,2.0,,2.0
fifa,Regression,28,4795,128,nn,shap,kernel,8.0,1.0,3.0,2.0,5.0,4.0,7.0,,6.0,1.0,3.0,5.0,6.0,4.0,2.0,7.0,,8.0,7.0,5.0,2.0,4.0,1.0,3.0,8.0,,6.0,7.0,5.0,2.0,4.0,1.0,3.0,8.0,,6.0,7.0,5.0,2.0,4.0,1.0,3.0,8.0,,6.0
fifa,Regression,28,4795,128,nn,shapiq,kernel,8.0,1.0,2.0,4.0,5.0,3.0,7.0,,6.0,7.0,2.0,4.0,5.0,3.0,8.0,6.0,,1.0,6.0,7.0,4.0,2.0,3.0,1.0,8.0,,5.0,7.0,5.0,2.0,4.0,1.0,3.0,8.0,,6.0,7.0,5.0,3.0,4.0,1.0,2.0,8.0,,6.0
fifa,Regression,28,4795,128,xgb,sage,permutation,8.0,1.0,3.0,2.0,6.0,4.0,7.0,,5.0,2.0,3.0,5.0,6.0,8.0,4.0,1.0,,7.0,7.0,6.0,2.0,3.0,1.0,4.0,8.0,,5.0,7.0,5.0,2.0,3.0,1.0,4.0,8.0,,6.0,1.0,2.0,3.0,2.0,3.0,2.0,4.0,,3.0
fifa,Regression,28,4795,128,xgb,shap,kernel,8.0,1.0,3.0,2.0,5.0,4.0,7.0,,6.0,7.0,2.0,4.0,3.0,1.0,6.0,5.0,,8.0,7.0,5.0,3.0,4.0,1.0,2.0,8.0,,6.0,7.0,5.0,2.0,3.0,1.0,4.0,8.0,,6.0,7.0,5.0,3.0,2.0,4.0,1.0,8.0,,6.0
fifa,Regression,28,4795,128,xgb,shapiq,kernel,8.0,1.0,4.0,3.0,5.0,2.0,7.0,,6.0,7.0,1.0,5.0,4.0,3.0,2.0,6.0,,8.0,7.0,6.0,4.0,2.0,1.0,3.0,8.0,,5.0,7.0,5.0,2.0,3.0,1.0,4.0,8.0,,6.0,7.0,6.0,2.0,3.0,1.0,4.0,8.0,,5.0
fifa,Regression,28,4795,256,nn,sage,permutation,8.0,1.0,4.0,2.0,5.0,3.0,7.0,,6.0,3.0,4.0,6.0,5.0,7.0,2.0,1.0,,8.0,7.0,5.0,1.0,4.0,2.0,3.0,8.0,,6.0,6.0,5.0,3.0,2.0,1.0,4.0,8.0,,7.0,6.0,2.0,4.0,3.0,3.0,1.0,4.0,,5.0
fifa,Regression,28,4795,256,nn,shap,kernel,8.0,1.0,3.0,2.0,5.0,4.0,7.0,,6.0,2.0,3.0,6.0,5.0,4.0,1.0,7.0,,8.0,7.0,6.0,3.0,2.0,1.0,4.0,8.0,,5.0,6.0,5.0,3.0,2.0,1.0,4.0,8.0,,7.0,7.0,6.0,3.0,2.0,1.0,4.0,8.0,,5.0
fifa,Regression,28,4795,256,nn,shapiq,kernel,8.0,1.0,3.0,4.0,5.0,2.0,7.0,,6.0,7.0,2.0,6.0,4.0,1.0,8.0,5.0,,3.0,6.0,5.0,2.0,4.0,3.0,1.0,8.0,,7.0,6.0,5.0,3.0,2.0,1.0,4.0,8.0,,7.0,7.0,6.0,4.0,3.0,1.0,2.0,8.0,,5.0
fifa,Regression,28,4795,256,xgb,sage,permutation,8.0,1.0,3.0,2.0,5.0,4.0,7.0,,6.0,2.0,4.0,3.0,7.0,8.0,5.0,1.0,,6.0,7.0,5.0,4.0,6.0,2.0,1.0,8.0,,3.0,6.0,5.0,4.0,2.0,1.0,3.0,8.0,,7.0,1.0,3.0,4.0,2.0,5.0,4.0,6.0,,3.0
fifa,Regression,28,4795,256,xgb,shap,kernel,8.0,1.0,4.0,2.0,5.0,3.0,7.0,,6.0,8.0,1.0,5.0,3.0,4.0,6.0,2.0,,7.0,7.0,5.0,4.0,2.0,3.0,1.0,8.0,,6.0,6.0,5.0,4.0,2.0,1.0,3.0,8.0,,7.0,7.0,5.0,1.0,4.0,2.0,3.0,8.0,,6.0
fifa,Regression,28,4795,256,xgb,shapiq,kernel,8.0,1.0,3.0,2.0,5.0,4.0,7.0,,6.0,7.0,1.0,5.0,4.0,3.0,2.0,6.0,,8.0,7.0,5.0,4.0,2.0,3.0,1.0,8.0,,6.0,6.0,5.0,4.0,2.0,1.0,3.0,8.0,,7.0,7.0,5.0,3.0,2.0,4.0,1.0,8.0,,6.0
first-order-theorem-proving,Classification,51,1488,8,nn,expected_gradients,na,9.0,1.0,4.0,3.0,6.0,5.0,8.0,2.0,7.0,1.0,9.0,8.0,6.0,7.0,3.0,5.0,4.0,2.0,7.0,6.0,1.0,2.0,3.0,1.0,8.0,4.0,5.0,6.0,5.0,3.0,2.0,1.0,3.0,8.0,4.0,7.0,7.0,6.0,2.0,3.0,1.0,2.0,8.0,4.0,5.0
first-order-theorem-proving,Classification,51,1488,16,nn,expected_gradients,na,9.0,1.0,4.0,5.0,6.0,3.0,8.0,2.0,7.0,1.0,9.0,7.0,6.0,5.0,3.0,4.0,8.0,2.0,6.0,5.0,3.0,1.0,2.0,3.0,8.0,4.0,7.0,6.0,5.0,3.0,1.0,2.0,3.0,8.0,4.0,7.0,6.0,5.0,3.0,1.0,2.0,3.0,8.0,4.0,7.0
first-order-theorem-proving,Classification,51,1488,32,nn,expected_gradients,na,9.0,1.0,5.0,3.0,6.0,4.0,8.0,2.0,7.0,1.0,8.0,4.0,7.0,5.0,3.0,6.0,9.0,2.0,7.0,6.0,1.0,4.0,2.0,3.0,9.0,5.0,8.0,7.0,6.0,3.0,4.0,1.0,2.0,9.0,5.0,8.0,8.0,6.0,3.0,4.0,1.0,2.0,9.0,5.0,7.0
first-order-theorem-proving,Classification,51,1488,64,nn,expected_gradients,na,9.0,1.0,6.0,3.0,5.0,4.0,7.0,2.0,8.0,1.0,8.0,4.0,7.0,5.0,3.0,6.0,9.0,2.0,6.0,7.0,4.0,1.0,2.0,3.0,9.0,5.0,8.0,7.0,6.0,1.0,3.0,4.0,2.0,9.0,5.0,8.0,6.0,7.0,4.0,1.0,2.0,3.0,9.0,5.0,8.0
first-order-theorem-proving,Classification,51,1488,128,nn,expected_gradients,na,8.0,1.0,3.0,2.0,5.0,4.0,6.0,,7.0,1.0,8.0,5.0,6.0,7.0,3.0,4.0,,2.0,6.0,5.0,4.0,2.0,1.0,3.0,8.0,,7.0,6.0,5.0,2.0,4.0,3.0,1.0,8.0,,7.0,6.0,5.0,4.0,1.0,3.0,2.0,8.0,,7.0
fps_benchmark,Regression,39,6156,16,nn,expected_gradients,na,8.0,1.0,4.0,3.0,6.0,5.0,7.0,,2.0,1.0,8.0,4.0,6.0,7.0,2.0,5.0,,3.0,5.0,6.0,3.0,1.0,4.0,2.0,8.0,,7.0,5.0,6.0,2.0,4.0,3.0,1.0,7.0,,8.0,5.0,6.0,3.0,1.0,4.0,2.0,7.0,,8.0
fps_benchmark,Regression,39,6156,32,nn,expected_gradients,na,8.0,1.0,4.0,3.0,6.0,5.0,7.0,,2.0,1.0,8.0,4.0,6.0,7.0,2.0,5.0,,3.0,6.0,5.0,4.0,3.0,1.0,2.0,7.0,,8.0,6.0,5.0,4.0,3.0,2.0,1.0,7.0,,8.0,6.0,5.0,3.0,4.0,2.0,1.0,7.0,,8.0
fps_benchmark,Regression,39,6156,64,nn,expected_gradients,na,8.0,1.0,4.0,2.0,6.0,5.0,7.0,,3.0,1.0,8.0,3.0,4.0,7.0,2.0,5.0,,6.0,6.0,5.0,1.0,4.0,2.0,3.0,7.0,,8.0,6.0,5.0,4.0,2.0,1.0,3.0,7.0,,8.0,6.0,5.0,1.0,4.0,2.0,3.0,7.0,,8.0
fps_benchmark,Regression,39,6156,128,nn,expected_gradients,na,8.0,1.0,3.0,2.0,5.0,4.0,7.0,,6.0,1.0,8.0,4.0,3.0,6.0,2.0,5.0,,7.0,6.0,5.0,1.0,4.0,3.0,2.0,7.0,,8.0,6.0,5.0,4.0,2.0,1.0,3.0,7.0,,8.0,5.0,4.0,2.0,3.0,2.0,1.0,6.0,,7.0
fps_benchmark,Regression,39,6156,256,nn,expected_gradients,na,8.0,1.0,3.0,2.0,5.0,4.0,6.0,,7.0,1.0,8.0,4.0,3.0,6.0,2.0,5.0,,7.0,6.0,5.0,2.0,1.0,4.0,3.0,7.0,,8.0,6.0,5.0,3.0,2.0,1.0,4.0,7.0,,8.0,6.0,5.0,3.0,1.0,4.0,2.0,8.0,,7.0
grid_stability,Regression,12,2500,8,nn,sage,permutation,8.0,1.0,5.0,3.0,6.0,4.0,7.0,,2.0,6.0,1.0,8.0,3.0,2.0,7.0,4.0,,5.0,7.0,6.0,3.0,1.0,2.0,4.0,5.0,,8.0,5.0,4.0,1.0,2.0,2.0,3.0,7.0,,6.0,2.0,3.0,1.0,1.0,1.0,4.0,5.0,,1.0
grid_stability,Regression,12,2500,8,nn,shap,kernel,8.0,1.0,6.0,4.0,5.0,3.0,7.0,,2.0,1.0,7.0,6.0,5.0,4.0,8.0,3.0,,2.0,6.0,5.0,3.0,1.0,2.0,4.0,8.0,,7.0,5.0,4.0,1.0,2.0,2.0,3.0,7.0,,6.0,6.0,5.0,3.0,1.0,2.0,4.0,8.0,,7.0
grid_stability,Regression,12,2500,8,nn,shapiq,kernel,8.0,1.0,3.0,5.0,6.0,4.0,7.0,,2.0,1.0,3.0,5.0,7.0,4.0,8.0,6.0,,2.0,5.0,6.0,1.0,2.0,2.0,3.0,7.0,,4.0,5.0,4.0,1.0,2.0,2.0,3.0,7.0,,6.0,5.0,4.0,1.0,2.0,2.0,3.0,7.0,,6.0
grid_stability,Regression,12,2500,8,xgb,sage,permutation,8.0,1.0,3.0,2.0,4.0,5.0,7.0,,6.0,2.0,3.0,7.0,5.0,4.0,6.0,8.0,,1.0,7.0,5.0,3.0,1.0,2.0,4.0,6.0,,8.0,5.0,4.0,2.0,3.0,3.0,1.0,7.0,,6.0,3.0,2.0,1.0,1.0,1.0,1.0,4.0,,1.0
grid_stability,Regression,12,2500,8,xgb,shap,kernel,8.0,1.0,5.0,4.0,6.0,3.0,7.0,,2.0,7.0,1.0,2.0,5.0,3.0,8.0,4.0,,6.0,6.0,5.0,3.0,2.0,1.0,4.0,8.0,,7.0,5.0,4.0,2.0,3.0,3.0,1.0,7.0,,6.0,6.0,5.0,3.0,1.0,2.0,4.0,8.0,,7.0
grid_stability,Regression,12,2500,8,xgb,shapiq,kernel,8.0,1.0,4.0,2.0,5.0,3.0,7.0,,6.0,1.0,3.0,7.0,4.0,5.0,8.0,6.0,,2.0,4.0,6.0,1.0,2.0,2.0,3.0,7.0,,5.0,5.0,4.0,2.0,3.0,3.0,1.0,7.0,,6.0,4.0,5.0,1.0,2.0,2.0,3.0,7.0,,6.0
grid_stability,Regression,12,2500,16,nn,sage,permutation,8.0,1.0,3.0,2.0,5.0,4.0,7.0,,6.0,2.0,7.0,5.0,4.0,3.0,6.0,8.0,,1.0,6.0,5.0,1.0,3.0,4.0,2.0,7.0,,8.0,5.0,6.0,1.0,4.0,3.0,2.0,8.0,,7.0,3.0,3.0,2.0,1.0,1.0,1.0,4.0,,1.0
grid_stability,Regression,12,2500,16,nn,shap,kernel,8.0,1.0,3.0,2.0,5.0,4.0,7.0,,6.0,2.0,3.0,6.0,7.0,5.0,8.0,4.0,,1.0,5.0,6.0,2.0,4.0,3.0,1.0,8.0,,7.0,5.0,6.0,1.0,4.0,3.0,2.0,8.0,,7.0,5.0,6.0,2.0,4.0,3.0,1.0,8.0,,7.0
grid_stability,Regression,12,2500,16,nn,shapiq,kernel,8.0,1.0,4.0,2.0,5.0,3.0,7.0,,6.0,1.0,3.0,4.0,7.0,5.0,8.0,6.0,,2.0,5.0,6.0,1.0,4.0,3.0,2.0,8.0,,7.0,5.0,6.0,1.0,4.0,3.0,2.0,8.0,,7.0,6.0,5.0,1.0,4.0,3.0,2.0,8.0,,7.0
grid_stability,Regression,12,2500,16,xgb,sage,permutation,8.0,1.0,3.0,2.0,5.0,4.0,7.0,,6.0,6.0,7.0,5.0,4.0,2.0,3.0,8.0,,1.0,5.0,6.0,2.0,3.0,4.0,1.0,7.0,,8.0,5.0,6.0,1.0,4.0,3.0,2.0,8.0,,7.0,2.0,3.0,1.0,1.0,1.0,1.0,4.0,,1.0
grid_stability,Regression,12,2500,16,xgb,shap,kernel,8.0,1.0,3.0,2.0,5.0,4.0,7.0,,6.0,7.0,1.0,2.0,5.0,3.0,8.0,4.0,,6.0,5.0,6.0,3.0,4.0,2.0,1.0,8.0,,7.0,5.0,6.0,1.0,4.0,3.0,2.0,8.0,,7.0,5.0,6.0,3.0,4.0,2.0,1.0,8.0,,7.0
grid_stability,Regression,12,2500,16,xgb,shapiq,kernel,8.0,1.0,4.0,3.0,5.0,2.0,7.0,,6.0,1.0,3.0,7.0,4.0,5.0,8.0,6.0,,2.0,5.0,6.0,1.0,4.0,2.0,3.0,8.0,,7.0,5.0,6.0,1.0,4.0,3.0,2.0,8.0,,7.0,5.0,6.0,1.0,4.0,2.0,3.0,8.0,,7.0
grid_stability,Regression,12,2500,32,nn,sage,permutation,8.0,1.0,3.0,2.0,5.0,4.0,7.0,,6.0,1.0,7.0,4.0,5.0,6.0,3.0,8.0,,2.0,6.0,5.0,4.0,2.0,3.0,1.0,8.0,,7.0,5.0,6.0,2.0,4.0,1.0,3.0,8.0,,7.0,4.0,3.0,1.0,1.0,1.0,1.0,5.0,,2.0
grid_stability,Regression,12,2500,32,nn,shap,kernel,8.0,1.0,4.0,2.0,5.0,3.0,7.0,,6.0,6.0,7.0,2.0,4.0,5.0,8.0,3.0,,1.0,6.0,5.0,4.0,2.0,3.0,1.0,8.0,,7.0,5.0,6.0,2.0,4.0,1.0,3.0,8.0,,7.0,6.0,5.0,1.0,4.0,3.0,2.0,8.0,,7.0
grid_stability,Regression,12,2500,32,nn,shapiq,kernel,8.0,1.0,4.0,2.0,5.0,3.0,7.0,,6.0,1.0,3.0,4.0,5.0,6.0,8.0,7.0,,2.0,6.0,5.0,4.0,2.0,1.0,3.0,8.0,,7.0,5.0,6.0,2.0,4.0,1.0,3.0,8.0,,7.0,5.0,6.0,4.0,2.0,1.0,3.0,8.0,,7.0
grid_stability,Regression,12,2500,32,xgb,sage,permutation,8.0,1.0,3.0,2.0,5.0,4.0,6.0,,7.0,5.0,6.0,4.0,1.0,7.0,3.0,8.0,,2.0,5.0,6.0,2.0,4.0,3.0,1.0,8.0,,7.0,5.0,6.0,2.0,3.0,1.0,4.0,8.0,,7.0,2.0,3.0,1.0,1.0,1.0,1.0,4.0,,1.0
grid_stability,Regression,12,2500,32,xgb,shap,kernel,8.0,1.0,3.0,2.0,5.0,4.0,7.0,,6.0,7.0,1.0,2.0,5.0,3.0,8.0,4.0,,6.0,5.0,6.0,1.0,3.0,2.0,4.0,8.0,,7.0,5.0,6.0,2.0,3.0,1.0,4.0,8.0,,7.0,5.0,6.0,1.0,3.0,2.0,4.0,8.0,,7.0
grid_stability,Regression,12,2500,32,xgb,shapiq,kernel,8.0,1.0,2.0,5.0,3.0,4.0,7.0,,6.0,1.0,3.0,6.0,4.0,5.0,8.0,7.0,,2.0,5.0,6.0,4.0,3.0,1.0,2.0,8.0,,7.0,5.0,6.0,2.0,3.0,1.0,4.0,8.0,,7.0,5.0,6.0,4.0,3.0,1.0,2.0,8.0,,7.0
grid_stability,Regression,12,2500,64,nn,sage,permutation,8.0,1.0,4.0,2.0,5.0,3.0,6.0,,7.0,1.0,7.0,5.0,6.0,4.0,3.0,8.0,,2.0,6.0,5.0,3.0,4.0,2.0,1.0,7.0,,8.0,6.0,5.0,3.0,4.0,1.0,2.0,8.0,,7.0,2.0,1.0,1.0,1.0,1.0,1.0,3.0,,1.0
grid_stability,Regression,12,2500,64,nn,shap,kernel,8.0,1.0,4.0,3.0,5.0,2.0,6.0,,7.0,7.0,2.0,3.0,6.0,4.0,8.0,5.0,,1.0,6.0,5.0,4.0,2.0,1.0,3.0,8.0,,7.0,6.0,5.0,3.0,4.0,1.0,2.0,8.0,,7.0,6.0,5.0,4.0,1.0,2.0,3.0,8.0,,7.0
grid_stability,Regression,12,2500,64,nn,shapiq,kernel,8.0,1.0,4.0,3.0,5.0,2.0,6.0,,7.0,1.0,3.0,4.0,6.0,7.0,8.0,5.0,,2.0,6.0,5.0,2.0,4.0,3.0,1.0,8.0,,7.0,6.0,5.0,3.0,4.0,1.0,2.0,8.0,,7.0,6.0,5.0,2.0,4.0,3.0,1.0,8.0,,7.0
grid_stability,Regression,12,2500,64,xgb,sage,permutation,8.0,1.0,3.0,2.0,5.0,4.0,6.0,,7.0,1.0,5.0,6.0,3.0,7.0,2.0,8.0,,4.0,6.0,5.0,2.0,3.0,4.0,1.0,8.0,,7.0,6.0,5.0,2.0,3.0,1.0,4.0,8.0,,7.0,2.0,1.0,1.0,1.0,1.0,1.0,3.0,,1.0
grid_stability,Regression,12,2500,64,xgb,shap,kernel,8.0,1.0,3.0,2.0,4.0,5.0,6.0,,7.0,7.0,1.0,4.0,5.0,2.0,8.0,3.0,,6.0,6.0,5.0,2.0,3.0,4.0,1.0,8.0,,7.0,6.0,5.0,2.0,3.0,1.0,4.0,8.0,,7.0,6.0,5.0,3.0,2.0,4.0,1.0,8.0,,7.0
grid_stability,Regression,12,2500,64,xgb,shapiq,kernel,8.0,1.0,3.0,2.0,4.0,5.0,6.0,,7.0,1.0,3.0,7.0,4.0,5.0,8.0,6.0,,2.0,6.0,5.0,1.0,2.0,3.0,4.0,8.0,,7.0,6.0,5.0,2.0,3.0,1.0,4.0,8.0,,7.0,6.0,5.0,1.0,2.0,3.0,4.0,8.0,,7.0
grid_stability,Regression,12,2500,128,nn,sage,permutation,8.0,1.0,4.0,2.0,5.0,3.0,6.0,,7.0,1.0,4.0,6.0,5.0,7.0,3.0,8.0,,2.0,6.0,5.0,4.0,1.0,3.0,2.0,8.0,,7.0,6.0,5.0,4.0,2.0,1.0,3.0,8.0,,7.0,1.0,1.0,1.0,1.0,1.0,1.0,2.0,,1.0
grid_stability,Regression,12,2500,128,nn,shap,kernel,8.0,1.0,4.0,3.0,5.0,2.0,6.0,,7.0,7.0,6.0,5.0,2.0,4.0,8.0,3.0,,1.0,6.0,5.0,2.0,3.0,4.0,1.0,8.0,,7.0,6.0,5.0,4.0,2.0,1.0,3.0,8.0,,7.0,6.0,5.0,3.0,2.0,4.0,1.0,8.0,,7.0
grid_stability,Regression,12,2500,128,nn,shapiq,kernel,8.0,1.0,3.0,4.0,5.0,2.0,6.0,,7.0,1.0,3.0,4.0,7.0,6.0,8.0,5.0,,2.0,6.0,5.0,3.0,4.0,1.0,2.0,8.0,,7.0,6.0,5.0,4.0,2.0,1.0,3.0,8.0,,7.0,6.0,5.0,3.0,4.0,1.0,2.0,8.0,,7.0
grid_stability,Regression,12,2500,128,xgb,sage,permutation,8.0,1.0,3.0,2.0,5.0,4.0,6.0,,7.0,2.0,1.0,3.0,6.0,5.0,4.0,8.0,,7.0,6.0,4.0,5.0,2.0,3.0,1.0,8.0,,7.0,6.0,5.0,4.0,2.0,1.0,3.0,8.0,,7.0,1.0,1.0,1.0,1.0,1.0,1.0,2.0,,1.0
grid_stability,Regression,12,2500,128,xgb,shap,kernel,8.0,1.0,3.0,2.0,5.0,4.0,6.0,,7.0,7.0,1.0,5.0,3.0,2.0,8.0,4.0,,6.0,6.0,5.0,4.0,3.0,2.0,1.0,8.0,,7.0,6.0,5.0,4.0,2.0,1.0,3.0,8.0,,7.0,6.0,5.0,4.0,3.0,2.0,1.0,8.0,,7.0
grid_stability,Regression,12,2500,128,xgb,shapiq,kernel,8.0,1.0,3.0,4.0,2.0,5.0,6.0,,7.0,1.0,3.0,6.0,4.0,5.0,8.0,7.0,,2.0,6.0,5.0,4.0,3.0,2.0,1.0,8.0,,7.0,6.0,5.0,4.0,2.0,1.0,3.0,8.0,,7.0,6.0,5.0,3.0,4.0,1.0,2.0,8.0,,7.0
har,Classification,561,2575,8,nn,expected_gradients,na,8.0,1.0,3.0,2.0,4.0,5.0,6.0,,7.0,6.0,7.0,1.0,4.0,5.0,8.0,3.0,,2.0,5.0,4.0,3.0,1.0,2.0,3.0,7.0,,6.0,5.0,4.0,3.0,2.0,1.0,3.0,7.0,,6.0,5.0,4.0,3.0,1.0,2.0,3.0,7.0,,6.0
har,Classification,561,2575,16,nn,expected_gradients,na,8.0,1.0,3.0,2.0,4.0,5.0,6.0,,7.0,7.0,6.0,1.0,3.0,4.0,8.0,2.0,,5.0,6.0,5.0,3.0,1.0,2.0,4.0,8.0,,7.0,6.0,5.0,1.0,2.0,4.0,3.0,8.0,,7.0,6.0,5.0,3.0,1.0,2.0,4.0,8.0,,7.0
har,Classification,561,2575,32,nn,expected_gradients,na,8.0,1.0,3.0,2.0,4.0,5.0,6.0,,7.0,7.0,5.0,2.0,3.0,4.0,8.0,1.0,,6.0,6.0,5.0,2.0,4.0,1.0,3.0,8.0,,7.0,6.0,5.0,3.0,4.0,2.0,1.0,8.0,,7.0,6.0,5.0,2.0,3.0,4.0,1.0,8.0,,7.0
har,Classification,561,2575,64,nn,expected_gradients,na,8.0,1.0,3.0,2.0,4.0,5.0,6.0,,7.0,7.0,5.0,1.0,4.0,3.0,8.0,2.0,,6.0,6.0,5.0,1.0,2.0,3.0,4.0,8.0,,7.0,6.0,5.0,2.0,1.0,4.0,3.0,8.0,,7.0,6.0,5.0,3.0,2.0,1.0,4.0,8.0,,7.0
har,Classification,561,2575,128,nn,expected_gradients,na,8.0,1.0,5.0,2.0,3.0,4.0,6.0,,7.0,7.0,5.0,1.0,4.0,2.0,8.0,3.0,,6.0,6.0,5.0,3.0,1.0,2.0,4.0,8.0,,7.0,6.0,5.0,2.0,3.0,4.0,1.0,8.0,,7.0,6.0,5.0,1.0,3.0,2.0,4.0,8.0,,7.0
health_insurance,Regression,11,5486,16,nn,sage,permutation,8.0,1.0,5.0,3.0,6.0,4.0,7.0,,2.0,5.0,2.0,8.0,4.0,3.0,7.0,1.0,,6.0,6.0,5.0,1.0,4.0,2.0,3.0,8.0,,7.0,7.0,6.0,4.0,3.0,1.0,2.0,8.0,,5.0,2.0,2.0,1.0,1.0,1.0,1.0,3.0,,1.0
health_insurance,Regression,11,5486,16,nn,shap,kernel,8.0,1.0,4.0,5.0,6.0,3.0,7.0,,2.0,8.0,5.0,4.0,7.0,3.0,2.0,1.0,,6.0,6.0,5.0,2.0,3.0,1.0,4.0,8.0,,7.0,7.0,6.0,4.0,3.0,1.0,2.0,8.0,,5.0,6.0,7.0,1.0,4.0,2.0,3.0,8.0,,5.0
health_insurance,Regression,11,5486,16,nn,shapiq,kernel,8.0,1.0,4.0,3.0,6.0,5.0,7.0,,2.0,1.0,3.0,7.0,5.0,4.0,8.0,6.0,,2.0,6.0,5.0,2.0,4.0,3.0,1.0,8.0,,7.0,7.0,6.0,4.0,3.0,1.0,2.0,8.0,,5.0,6.0,5.0,1.0,4.0,2.0,3.0,8.0,,7.0
health_insurance,Regression,11,5486,16,xgb,sage,permutation,8.0,1.0,5.0,3.0,6.0,4.0,7.0,,2.0,7.0,2.0,6.0,3.0,4.0,5.0,1.0,,8.0,6.0,5.0,2.0,4.0,3.0,1.0,8.0,,7.0,7.0,6.0,4.0,3.0,1.0,2.0,8.0,,5.0,3.0,2.0,2.0,3.0,4.0,3.0,5.0,,1.0
health_insurance,Regression,11,5486,16,xgb,shap,kernel,8.0,1.0,4.0,3.0,6.0,5.0,7.0,,2.0,5.0,4.0,3.0,6.0,2.0,7.0,1.0,,8.0,6.0,5.0,1.0,2.0,4.0,3.0,8.0,,7.0,7.0,6.0,4.0,3.0,1.0,2.0,8.0,,5.0,7.0,5.0,1.0,2.0,4.0,3.0,8.0,,6.0
health_insurance,Regression,11,5486,16,xgb,shapiq,kernel,8.0,1.0,4.0,3.0,6.0,5.0,7.0,,2.0,1.0,3.0,6.0,5.0,4.0,2.0,7.0,,8.0,7.0,5.0,2.0,1.0,3.0,4.0,8.0,,6.0,7.0,6.0,4.0,3.0,1.0,2.0,8.0,,5.0,7.0,5.0,1.0,2.0,4.0,3.0,8.0,,6.0
health_insurance,Regression,11,5486,32,nn,sage,permutation,8.0,1.0,5.0,4.0,6.0,3.0,7.0,,2.0,3.0,5.0,7.0,8.0,6.0,1.0,2.0,,4.0,5.0,6.0,2.0,4.0,1.0,3.0,8.0,,7.0,7.0,6.0,3.0,2.0,4.0,1.0,8.0,,5.0,1.0,1.0,1.0,1.0,1.0,1.0,2.0,,1.0
health_insurance,Regression,11,5486,32,nn,shap,kernel,8.0,1.0,5.0,4.0,6.0,3.0,7.0,,2.0,8.0,3.0,5.0,6.0,7.0,2.0,1.0,,4.0,6.0,5.0,4.0,2.0,3.0,1.0,8.0,,7.0,7.0,6.0,3.0,2.0,4.0,1.0,8.0,,5.0,7.0,5.0,4.0,2.0,3.0,1.0,8.0,,6.0
health_insurance,Regression,11,5486,32,nn,shapiq,kernel,8.0,1.0,4.0,3.0,6.0,5.0,7.0,,2.0,1.0,3.0,7.0,5.0,4.0,8.0,6.0,,2.0,6.0,5.0,4.0,3.0,2.0,1.0,8.0,,7.0,7.0,6.0,3.0,2.0,4.0,1.0,8.0,,5.0,7.0,5.0,4.0,3.0,2.0,1.0,8.0,,6.0
health_insurance,Regression,11,5486,32,xgb,sage,permutation,8.0,1.0,5.0,3.0,6.0,4.0,7.0,,2.0,8.0,5.0,3.0,6.0,4.0,2.0,1.0,,7.0,6.0,5.0,4.0,1.0,2.0,3.0,8.0,,7.0,7.0,6.0,3.0,2.0,4.0,1.0,8.0,,5.0,2.0,4.0,3.0,1.0,5.0,2.0,6.0,,4.0
health_insurance,Regression,11,5486,32,xgb,shap,kernel,8.0,1.0,4.0,3.0,6.0,5.0,7.0,,2.0,3.0,2.0,6.0,5.0,4.0,7.0,1.0,,8.0,6.0,5.0,4.0,2.0,3.0,1.0,8.0,,7.0,7.0,6.0,3.0,2.0,4.0,1.0,8.0,,5.0,7.0,5.0,1.0,2.0,4.0,3.0,8.0,,6.0
health_insurance,Regression,11,5486,32,xgb,shapiq,kernel,8.0,1.0,4.0,3.0,6.0,5.0,7.0,,2.0,1.0,3.0,6.0,7.0,4.0,2.0,5.0,,8.0,7.0,5.0,4.0,1.0,3.0,2.0,8.0,,6.0,7.0,6.0,3.0,2.0,4.0,1.0,8.0,,5.0,7.0,5.0,2.0,1.0,3.0,4.0,8.0,,6.0
health_insurance,Regression,11,5486,64,nn,sage,permutation,8.0,1.0,4.0,3.0,6.0,5.0,7.0,,2.0,4.0,5.0,6.0,8.0,7.0,2.0,1.0,,3.0,7.0,5.0,2.0,4.0,1.0,3.0,8.0,,6.0,7.0,6.0,4.0,2.0,1.0,3.0,8.0,,5.0,1.0,1.0,1.0,1.0,1.0,1.0,2.0,,1.0
health_insurance,Regression,11,5486,64,nn,shap,kernel,8.0,1.0,4.0,5.0,6.0,3.0,7.0,,2.0,8.0,5.0,4.0,7.0,6.0,2.0,1.0,,3.0,6.0,5.0,1.0,3.0,4.0,2.0,8.0,,7.0,7.0,6.0,4.0,2.0,1.0,3.0,8.0,,5.0,7.0,6.0,2.0,3.0,4.0,1.0,8.0,,5.0
health_insurance,Regression,11,5486,64,nn,shapiq,kernel,8.0,1.0,4.0,3.0,6.0,5.0,7.0,,2.0,1.0,3.0,7.0,4.0,6.0,8.0,5.0,,2.0,7.0,6.0,1.0,4.0,2.0,3.0,8.0,,5.0,7.0,6.0,4.0,2.0,1.0,3.0,8.0,,5.0,7.0,6.0,1.0,4.0,2.0,3.0,8.0,,5.0
health_insurance,Regression,11,5486,64,xgb,sage,permutation,8.0,1.0,5.0,3.0,6.0,4.0,7.0,,2.0,4.0,3.0,7.0,5.0,6.0,2.0,1.0,,8.0,6.0,5.0,4.0,3.0,1.0,2.0,8.0,,7.0,7.0,6.0,3.0,2.0,1.0,4.0,8.0,,5.0,1.0,4.0,2.0,4.0,3.0,4.0,5.0,,4.0
health_insurance,Regression,11,5486,64,xgb,shap,kernel,8.0,1.0,5.0,3.0,6.0,4.0,7.0,,2.0,2.0,3.0,5.0,4.0,6.0,7.0,1.0,,8.0,7.0,5.0,2.0,3.0,4.0,1.0,8.0,,6.0,7.0,6.0,3.0,2.0,1.0,4.0,8.0,,5.0,7.0,5.0,3.0,2.0,4.0,1.0,8.0,,6.0
health_insurance,Regression,11,5486,64,xgb,shapiq,kernel,8.0,1.0,4.0,3.0,6.0,5.0,7.0,,2.0,1.0,3.0,6.0,7.0,4.0,2.0,5.0,,8.0,7.0,5.0,4.0,3.0,1.0,2.0,8.0,,6.0,7.0,6.0,3.0,2.0,1.0,4.0,8.0,,5.0,7.0,5.0,4.0,1.0,2.0,3.0,8.0,,6.0
health_insurance,Regression,11,5486,128,nn,sage,permutation,8.0,1.0,3.0,4.0,6.0,5.0,7.0,,2.0,4.0,5.0,6.0,8.0,7.0,1.0,2.0,,3.0,7.0,5.0,3.0,1.0,2.0,4.0,8.0,,6.0,7.0,6.0,3.0,2.0,1.0,4.0,8.0,,5.0,1.0,1.0,1.0,1.0,1.0,1.0,2.0,,1.0
health_insurance,Regression,11,5486,128,nn,shap,kernel,8.0,1.0,4.0,5.0,6.0,3.0,7.0,,2.0,8.0,7.0,4.0,5.0,6.0,2.0,1.0,,3.0,6.0,5.0,2.0,1.0,4.0,3.0,8.0,,7.0,7.0,6.0,3.0,2.0,1.0,4.0,8.0,,5.0,7.0,6.0,2.0,1.0,4.0,3.0,8.0,,5.0
health_insurance,Regression,11,5486,128,nn,shapiq,kernel,8.0,1.0,4.0,3.0,6.0,5.0,7.0,,2.0,1.0,3.0,7.0,4.0,6.0,8.0,5.0,,2.0,7.0,5.0,2.0,1.0,3.0,4.0,8.0,,6.0,7.0,6.0,3.0,2.0,1.0,4.0,8.0,,5.0,7.0,6.0,2.0,1.0,4.0,3.0,8.0,,5.0
health_insurance,Regression,11,5486,128,xgb,sage,permutation,8.0,1.0,5.0,3.0,6.0,4.0,7.0,,2.0,7.0,4.0,6.0,3.0,5.0,2.0,1.0,,8.0,7.0,3.0,5.0,1.0,2.0,4.0,8.0,,6.0,7.0,6.0,3.0,2.0,1.0,4.0,8.0,,5.0,3.0,2.0,4.0,1.0,2.0,1.0,5.0,,3.0
health_insurance,Regression,11,5486,128,xgb,shap,kernel,8.0,1.0,5.0,3.0,6.0,4.0,7.0,,2.0,3.0,2.0,6.0,5.0,4.0,7.0,1.0,,8.0,7.0,5.0,3.0,2.0,4.0,1.0,8.0,,6.0,7.0,6.0,3.0,2.0,1.0,4.0,8.0,,5.0,7.0,5.0,2.0,3.0,4.0,1.0,8.0,,6.0
health_insurance,Regression,11,5486,128,xgb,shapiq,kernel,8.0,1.0,4.0,3.0,6.0,5.0,7.0,,2.0,2.0,3.0,5.0,7.0,4.0,1.0,6.0,,8.0,7.0,5.0,1.0,4.0,2.0,3.0,8.0,,6.0,7.0,6.0,3.0,2.0,1.0,4.0,8.0,,5.0,7.0,5.0,1.0,4.0,2.0,3.0,8.0,,6.0
health_insurance,Regression,11,5486,256,nn,sage,permutation,8.0,1.0,4.0,2.0,5.0,3.0,6.0,,7.0,4.0,8.0,6.0,7.0,5.0,2.0,1.0,,3.0,6.0,5.0,1.0,2.0,7.0,3.0,8.0,,4.0,6.0,5.0,4.0,2.0,1.0,3.0,8.0,,7.0,1.0,1.0,1.0,1.0,1.0,1.0,2.0,,1.0
health_insurance,Regression,11,5486,256,nn,shap,kernel,8.0,1.0,3.0,4.0,5.0,2.0,7.0,,6.0,8.0,4.0,5.0,6.0,7.0,2.0,1.0,,3.0,6.0,5.0,2.0,1.0,4.0,3.0,8.0,,7.0,6.0,5.0,4.0,2.0,1.0,3.0,8.0,,7.0,7.0,6.0,1.0,2.0,4.0,3.0,8.0,,5.0
health_insurance,Regression,11,5486,256,nn,shapiq,kernel,8.0,1.0,3.0,2.0,5.0,4.0,7.0,,6.0,1.0,3.0,5.0,4.0,7.0,8.0,6.0,,2.0,7.0,5.0,4.0,2.0,1.0,3.0,8.0,,6.0,6.0,5.0,4.0,2.0,1.0,3.0,8.0,,7.0,7.0,6.0,4.0,1.0,3.0,2.0,8.0,,5.0
health_insurance,Regression,11,5486,256,xgb,sage,permutation,8.0,1.0,4.0,2.0,5.0,3.0,7.0,,6.0,7.0,4.0,6.0,5.0,3.0,2.0,1.0,,8.0,7.0,4.0,1.0,2.0,5.0,3.0,8.0,,6.0,6.0,5.0,3.0,2.0,1.0,4.0,8.0,,7.0,1.0,5.0,4.0,2.0,3.0,6.0,6.0,,4.0
health_insurance,Regression,11,5486,256,xgb,shap,kernel,8.0,1.0,3.0,2.0,5.0,4.0,7.0,,6.0,3.0,2.0,6.0,5.0,4.0,7.0,1.0,,8.0,7.0,5.0,2.0,3.0,4.0,1.0,8.0,,6.0,6.0,5.0,3.0,2.0,1.0,4.0,8.0,,7.0,7.0,5.0,3.0,2.0,4.0,1.0,8.0,,6.0
health_insurance,Regression,11,5486,256,xgb,shapiq,kernel,8.0,1.0,3.0,2.0,5.0,4.0,7.0,,6.0,1.0,3.0,6.0,5.0,4.0,2.0,7.0,,8.0,7.0,5.0,4.0,3.0,1.0,2.0,8.0,,6.0,6.0,5.0,3.0,2.0,1.0,4.0,8.0,,7.0,7.0,5.0,4.0,3.0,2.0,1.0,8.0,,6.0
isolet,Classification,617,1950,8,nn,expected_gradients,na,8.0,1.0,3.0,2.0,4.0,5.0,7.0,,6.0,8.0,6.0,2.0,4.0,5.0,1.0,3.0,,7.0,4.0,3.0,2.0,1.0,1.0,2.0,6.0,,5.0,4.0,3.0,1.0,2.0,2.0,1.0,6.0,,5.0,4.0,3.0,1.0,2.0,2.0,1.0,6.0,,5.0
isolet,Classification,617,1950,16,nn,expected_gradients,na,8.0,1.0,3.0,2.0,5.0,4.0,7.0,,6.0,8.0,6.0,2.0,4.0,5.0,1.0,3.0,,7.0,4.0,3.0,2.0,1.0,2.0,2.0,6.0,,5.0,4.0,3.0,1.0,2.0,1.0,1.0,6.0,,5.0,4.0,3.0,1.0,2.0,1.0,1.0,6.0,,5.0
isolet,Classification,617,1950,32,nn,expected_gradients,na,8.0,1.0,3.0,2.0,4.0,5.0,6.0,,7.0,8.0,6.0,2.0,4.0,5.0,1.0,3.0,,7.0,6.0,5.0,4.0,1.0,3.0,2.0,8.0,,7.0,6.0,5.0,4.0,3.0,1.0,2.0,8.0,,7.0,6.0,5.0,4.0,3.0,1.0,2.0,8.0,,7.0
isolet,Classification,617,1950,64,nn,expected_gradients,na,8.0,1.0,3.0,2.0,4.0,5.0,6.0,,7.0,8.0,6.0,2.0,4.0,5.0,1.0,3.0,,7.0,6.0,5.0,2.0,1.0,4.0,3.0,8.0,,7.0,6.0,5.0,2.0,1.0,4.0,3.0,8.0,,7.0,6.0,5.0,3.0,1.0,4.0,2.0,8.0,,7.0
isolet,Classification,617,1950,128,nn,expected_gradients,na,8.0,1.0,3.0,2.0,4.0,5.0,6.0,,7.0,8.0,6.0,2.0,4.0,5.0,1.0,3.0,,7.0,6.0,5.0,3.0,4.0,2.0,1.0,8.0,,7.0,6.0,5.0,3.0,2.0,4.0,1.0,8.0,,7.0,6.0,5.0,1.0,4.0,3.0,2.0,8.0,,7.0
jm1,Classification,21,2420,8,nn,sage,permutation,9.0,1.0,5.0,3.0,7.0,4.0,8.0,2.0,6.0,4.0,7.0,9.0,2.0,6.0,8.0,1.0,3.0,5.0,8.0,4.0,1.0,2.0,5.0,6.0,9.0,3.0,7.0,6.0,7.0,4.0,1.0,2.0,3.0,9.0,5.0,8.0,5.0,6.0,1.0,4.0,3.0,2.0,9.0,7.0,8.0
jm1,Classification,21,2420,8,nn,shap,kernel,9.0,1.0,5.0,3.0,7.0,4.0,8.0,2.0,6.0,1.0,9.0,6.0,7.0,8.0,4.0,5.0,3.0,2.0,8.0,7.0,3.0,1.0,4.0,2.0,9.0,5.0,6.0,6.0,7.0,4.0,1.0,2.0,3.0,9.0,5.0,8.0,8.0,6.0,2.0,3.0,4.0,1.0,9.0,5.0,7.0
jm1,Classification,21,2420,8,nn,shapiq,kernel,9.0,1.0,5.0,4.0,6.0,3.0,8.0,2.0,7.0,1.0,3.0,7.0,6.0,8.0,4.0,5.0,9.0,2.0,7.0,8.0,4.0,2.0,1.0,3.0,9.0,6.0,5.0,6.0,7.0,4.0,1.0,2.0,3.0,9.0,5.0,8.0,7.0,8.0,3.0,4.0,1.0,2.0,9.0,6.0,5.0
jm1,Classification,21,2420,8,xgb,sage,permutation,9.0,1.0,5.0,3.0,4.0,6.0,8.0,2.0,7.0,2.0,8.0,5.0,6.0,4.0,3.0,1.0,9.0,7.0,8.0,4.0,3.0,2.0,7.0,6.0,9.0,1.0,5.0,6.0,7.0,3.0,1.0,2.0,4.0,9.0,5.0,8.0,5.0,1.0,2.0,2.0,2.0,2.0,5.0,4.0,3.0
jm1,Classification,21,2420,8,xgb,shap,kernel,9.0,1.0,4.0,3.0,7.0,5.0,8.0,2.0,6.0,6.0,3.0,5.0,4.0,1.0,8.0,2.0,9.0,7.0,7.0,5.0,6.0,4.0,2.0,1.0,9.0,3.0,8.0,6.0,7.0,3.0,1.0,2.0,4.0,9.0,5.0,8.0,7.0,6.0,5.0,4.0,1.0,3.0,9.0,2.0,8.0
jm1,Classification,21,2420,8,xgb,shapiq,kernel,9.0,1.0,6.0,3.0,7.0,5.0,8.0,2.0,4.0,1.0,8.0,4.0,5.0,3.0,7.0,6.0,9.0,2.0,7.0,6.0,5.0,3.0,1.0,4.0,9.0,2.0,8.0,6.0,7.0,3.0,1.0,2.0,4.0,9.0,5.0,8.0,7.0,8.0,4.0,2.0,1.0,5.0,9.0,3.0,6.0
jm1,Classification,21,2420,16,nn,sage,permutation,9.0,1.0,5.0,3.0,6.0,4.0,8.0,2.0,7.0,2.0,9.0,7.0,8.0,5.0,4.0,1.0,6.0,3.0,8.0,3.0,6.0,2.0,4.0,7.0,9.0,5.0,1.0,7.0,5.0,3.0,1.0,2.0,3.0,8.0,4.0,6.0,6.0,5.0,2.0,4.0,3.0,1.0,9.0,8.0,7.0
jm1,Classification,21,2420,16,nn,shap,kernel,9.0,1.0,4.0,3.0,6.0,5.0,8.0,2.0,7.0,8.0,9.0,3.0,5.0,6.0,1.0,4.0,7.0,2.0,8.0,5.0,3.0,1.0,2.0,4.0,9.0,7.0,6.0,7.0,5.0,3.0,1.0,2.0,3.0,8.0,4.0,6.0,8.0,5.0,3.0,1.0,2.0,4.0,9.0,6.0,7.0
jm1,Classification,21,2420,16,nn,shapiq,kernel,9.0,1.0,6.0,4.0,5.0,3.0,8.0,2.0,7.0,1.0,4.0,7.0,5.0,8.0,3.0,6.0,9.0,2.0,8.0,5.0,3.0,1.0,2.0,4.0,9.0,7.0,6.0,7.0,5.0,3.0,1.0,2.0,3.0,8.0,4.0,6.0,8.0,5.0,2.0,4.0,1.0,3.0,9.0,7.0,6.0
jm1,Classification,21,2420,16,xgb,sage,permutation,9.0,1.0,3.0,4.0,6.0,5.0,7.0,2.0,8.0,6.0,7.0,5.0,3.0,2.0,9.0,1.0,8.0,4.0,8.0,2.0,6.0,5.0,7.0,1.0,9.0,3.0,4.0,8.0,6.0,4.0,1.0,2.0,3.0,9.0,5.0,7.0,3.0,2.0,4.0,4.0,6.0,1.0,5.0,3.0,4.0
jm1,Classification,21,2420,16,xgb,shap,kernel,9.0,1.0,4.0,3.0,6.0,5.0,8.0,2.0,7.0,6.0,1.0,2.0,4.0,5.0,8.0,3.0,9.0,7.0,7.0,5.0,4.0,3.0,2.0,1.0,9.0,6.0,8.0,8.0,6.0,4.0,1.0,2.0,3.0,9.0,5.0,7.0,7.0,5.0,4.0,3.0,2.0,1.0,9.0,6.0,8.0
jm1,Classification,21,2420,16,xgb,shapiq,kernel,9.0,1.0,4.0,3.0,6.0,5.0,8.0,2.0,7.0,1.0,8.0,5.0,4.0,3.0,6.0,7.0,9.0,2.0,8.0,6.0,3.0,2.0,1.0,5.0,9.0,4.0,7.0,8.0,6.0,4.0,1.0,2.0,3.0,9.0,5.0,7.0,8.0,6.0,3.0,2.0,1.0,5.0,9.0,4.0,7.0
jm1,Classification,21,2420,32,nn,sage,permutation,9.0,1.0,5.0,3.0,6.0,4.0,7.0,2.0,8.0,2.0,9.0,5.0,7.0,6.0,8.0,1.0,4.0,3.0,2.0,3.0,5.0,4.0,1.0,6.0,9.0,8.0,7.0,6.0,5.0,4.0,1.0,2.0,3.0,9.0,7.0,8.0,6.0,4.0,1.0,1.0,3.0,2.0,8.0,7.0,5.0
jm1,Classification,21,2420,32,nn,shap,kernel,9.0,1.0,4.0,3.0,6.0,5.0,7.0,2.0,8.0,9.0,8.0,4.0,6.0,7.0,2.0,3.0,5.0,1.0,6.0,5.0,4.0,2.0,1.0,3.0,9.0,8.0,7.0,6.0,5.0,4.0,1.0,2.0,3.0,9.0,7.0,8.0,6.0,5.0,4.0,2.0,1.0,3.0,9.0,8.0,7.0
jm1,Classification,21,2420,32,nn,shapiq,kernel,9.0,1.0,5.0,4.0,6.0,3.0,7.0,2.0,8.0,1.0,3.0,7.0,6.0,8.0,4.0,5.0,9.0,2.0,7.0,6.0,4.0,1.0,2.0,3.0,9.0,8.0,5.0,6.0,5.0,4.0,1.0,2.0,3.0,9.0,7.0,8.0,7.0,6.0,4.0,2.0,1.0,3.0,9.0,8.0,5.0
jm1,Classification,21,2420,32,xgb,sage,permutation,9.0,1.0,4.0,3.0,5.0,6.0,7.0,2.0,8.0,3.0,4.0,5.0,9.0,8.0,6.0,1.0,7.0,2.0,7.0,4.0,5.0,1.0,2.0,3.0,9.0,6.0,8.0,7.0,6.0,4.0,1.0,2.0,3.0,9.0,5.0,8.0,5.0,4.0,2.0,1.0,2.0,3.0,7.0,6.0,6.0
jm1,Classification,21,2420,32,xgb,shap,kernel,9.0,1.0,4.0,3.0,6.0,5.0,7.0,2.0,8.0,6.0,1.0,3.0,4.0,5.0,8.0,2.0,9.0,7.0,6.0,5.0,4.0,2.0,1.0,3.0,9.0,7.0,8.0,7.0,6.0,4.0,1.0,2.0,3.0,9.0,5.0,8.0,6.0,5.0,4.0,2.0,1.0,3.0,9.0,7.0,8.0
jm1,Classification,21,2420,32,xgb,shapiq,kernel,9.0,1.0,3.0,5.0,6.0,4.0,7.0,2.0,8.0,1.0,8.0,3.0,4.0,5.0,6.0,7.0,9.0,2.0,7.0,6.0,3.0,1.0,4.0,2.0,9.0,5.0,8.0,7.0,6.0,4.0,1.0,2.0,3.0,9.0,5.0,8.0,7.0,5.0,2.0,1.0,4.0,3.0,9.0,6.0,8.0
jm1,Classification,21,2420,64,nn,sage,permutation,9.0,1.0,3.0,6.0,5.0,4.0,7.0,2.0,8.0,3.0,5.0,6.0,7.0,8.0,9.0,1.0,4.0,2.0,1.0,4.0,6.0,3.0,2.0,5.0,9.0,7.0,8.0,6.0,5.0,3.0,1.0,2.0,4.0,9.0,7.0,8.0,6.0,5.0,2.0,4.0,3.0,1.0,9.0,8.0,7.0
jm1,Classification,21,2420,64,nn,shap,kernel,9.0,1.0,5.0,3.0,6.0,4.0,7.0,2.0,8.0,8.0,9.0,4.0,5.0,6.0,2.0,3.0,7.0,1.0,6.0,5.0,3.0,1.0,2.0,4.0,9.0,8.0,7.0,6.0,5.0,3.0,1.0,2.0,4.0,9.0,7.0,8.0,6.0,5.0,3.0,1.0,2.0,4.0,9.0,8.0,7.0
jm1,Classification,21,2420,64,nn,shapiq,kernel,9.0,1.0,5.0,4.0,6.0,3.0,7.0,2.0,8.0,1.0,8.0,6.0,5.0,7.0,3.0,4.0,9.0,2.0,6.0,5.0,3.0,1.0,2.0,4.0,9.0,8.0,7.0,6.0,5.0,3.0,1.0,2.0,4.0,9.0,7.0,8.0,6.0,5.0,3.0,1.0,2.0,4.0,9.0,8.0,7.0
jm1,Classification,21,2420,64,xgb,sage,permutation,9.0,1.0,4.0,3.0,6.0,5.0,7.0,2.0,8.0,4.0,9.0,5.0,8.0,7.0,6.0,1.0,3.0,2.0,6.0,3.0,5.0,2.0,1.0,4.0,9.0,7.0,8.0,6.0,5.0,4.0,1.0,2.0,3.0,9.0,7.0,8.0,4.0,2.0,3.0,1.0,2.0,2.0,6.0,5.0,5.0
jm1,Classification,21,2420,64,xgb,shap,kernel,9.0,1.0,4.0,3.0,6.0,5.0,7.0,2.0,8.0,6.0,1.0,3.0,4.0,5.0,8.0,2.0,9.0,7.0,6.0,5.0,3.0,1.0,2.0,4.0,9.0,7.0,8.0,6.0,5.0,4.0,1.0,2.0,3.0,9.0,7.0,8.0,6.0,5.0,4.0,2.0,1.0,3.0,9.0,7.0,8.0
jm1,Classification,21,2420,64,xgb,shapiq,kernel,9.0,1.0,3.0,5.0,4.0,6.0,7.0,2.0,8.0,1.0,8.0,4.0,3.0,5.0,7.0,6.0,9.0,2.0,6.0,5.0,3.0,4.0,1.0,2.0,9.0,7.0,8.0,6.0,5.0,4.0,1.0,2.0,3.0,9.0,7.0,8.0,7.0,5.0,3.0,4.0,1.0,2.0,9.0,6.0,8.0
jm1,Classification,21,2420,128,nn,sage,permutation,8.0,1.0,3.0,2.0,5.0,4.0,6.0,,7.0,3.0,4.0,7.0,5.0,6.0,8.0,1.0,,2.0,3.0,5.0,6.0,1.0,2.0,4.0,8.0,,7.0,6.0,5.0,3.0,1.0,2.0,4.0,8.0,,7.0,5.0,6.0,1.0,3.0,3.0,2.0,7.0,,4.0
jm1,Classification,21,2420,128,nn,shap,kernel,8.0,1.0,3.0,2.0,5.0,4.0,6.0,,7.0,8.0,7.0,4.0,5.0,6.0,3.0,2.0,,1.0,6.0,5.0,3.0,1.0,2.0,4.0,8.0,,7.0,6.0,5.0,3.0,1.0,2.0,4.0,8.0,,7.0,6.0,5.0,3.0,1.0,2.0,4.0,8.0,,7.0
jm1,Classification,21,2420,128,nn,shapiq,kernel,8.0,1.0,5.0,3.0,4.0,2.0,6.0,,7.0,1.0,8.0,5.0,6.0,7.0,3.0,4.0,,2.0,6.0,5.0,3.0,4.0,1.0,2.0,8.0,,7.0,6.0,5.0,3.0,1.0,2.0,4.0,8.0,,7.0,6.0,5.0,3.0,1.0,2.0,4.0,8.0,,7.0
jm1,Classification,21,2420,128,xgb,sage,permutation,8.0,1.0,2.0,3.0,4.0,5.0,6.0,,7.0,3.0,4.0,8.0,7.0,5.0,6.0,1.0,,2.0,6.0,5.0,3.0,1.0,4.0,2.0,8.0,,7.0,6.0,5.0,3.0,1.0,2.0,4.0,8.0,,7.0,4.0,1.0,4.0,3.0,2.0,1.0,6.0,,5.0
jm1,Classification,21,2420,128,xgb,shap,kernel,8.0,1.0,3.0,2.0,4.0,5.0,6.0,,7.0,6.0,2.0,3.0,4.0,5.0,8.0,1.0,,7.0,6.0,5.0,2.0,3.0,1.0,4.0,8.0,,7.0,6.0,5.0,3.0,1.0,2.0,4.0,8.0,,7.0,6.0,5.0,2.0,3.0,1.0,4.0,8.0,,7.0
jm1,Classification,21,2420,128,xgb,shapiq,kernel,8.0,1.0,5.0,3.0,4.0,2.0,6.0,,7.0,1.0,8.0,6.0,3.0,7.0,4.0,5.0,,2.0,6.0,5.0,3.0,4.0,2.0,1.0,8.0,,7.0,6.0,5.0,3.0,1.0,2.0,4.0,8.0,,7.0,6.0,5.0,3.0,4.0,1.0,2.0,8.0,,7.0
jungle_chess_2pcs_raw_endgame_complete,Classification,6,,16,nn,sage,permutation,9.0,1.0,5.0,6.0,7.0,4.0,8.0,2.0,3.0,7.0,5.0,9.0,3.0,2.0,6.0,1.0,4.0,8.0,5.0,4.0,3.0,1.0,6.0,7.0,9.0,2.0,8.0,6.0,7.0,1.0,2.0,3.0,4.0,9.0,5.0,8.0,3.0,5.0,1.0,1.0,1.0,1.0,2.0,4.0,3.0
jungle_chess_2pcs_raw_endgame_complete,Classification,6,,16,nn,shap,kernel,9.0,1.0,5.0,6.0,7.0,4.0,8.0,2.0,3.0,2.0,9.0,8.0,7.0,6.0,4.0,1.0,5.0,3.0,7.0,6.0,2.0,1.0,5.0,4.0,9.0,3.0,8.0,6.0,7.0,1.0,2.0,3.0,4.0,9.0,5.0,8.0,6.0,5.0,1.0,1.0,3.0,4.0,8.0,2.0,7.0
jungle_chess_2pcs_raw_endgame_complete,Classification,6,,16,nn,shapiq,kernel,9.0,1.0,6.0,5.0,7.0,4.0,8.0,2.0,3.0,2.0,6.0,5.0,7.0,4.0,3.0,8.0,9.0,1.0,7.0,6.0,3.0,5.0,4.0,1.0,9.0,2.0,8.0,6.0,7.0,1.0,2.0,3.0,4.0,9.0,5.0,8.0,7.0,6.0,4.0,5.0,3.0,2.0,9.0,1.0,8.0
jungle_chess_2pcs_raw_endgame_complete,Classification,6,,16,xgb,sage,permutation,9.0,1.0,5.0,4.0,7.0,6.0,8.0,2.0,3.0,3.0,7.0,2.0,5.0,4.0,9.0,1.0,8.0,6.0,6.0,5.0,3.0,1.0,7.0,4.0,9.0,2.0,8.0,6.0,7.0,1.0,2.0,4.0,3.0,9.0,5.0,8.0,3.0,2.0,4.0,6.0,4.0,6.0,5.0,1.0,4.0
jungle_chess_2pcs_raw_endgame_complete,Classification,6,,16,xgb,shap,kernel,9.0,1.0,5.0,4.0,7.0,6.0,8.0,2.0,3.0,6.0,5.0,2.0,4.0,3.0,8.0,1.0,9.0,7.0,7.0,6.0,3.0,1.0,5.0,2.0,9.0,4.0,8.0,6.0,7.0,1.0,2.0,4.0,3.0,9.0,5.0,8.0,7.0,6.0,3.0,1.0,5.0,2.0,9.0,4.0,8.0
jungle_chess_2pcs_raw_endgame_complete,Classification,6,,16,xgb,shapiq,kernel,9.0,1.0,5.0,4.0,7.0,6.0,8.0,2.0,3.0,2.0,3.0,7.0,4.0,5.0,8.0,6.0,9.0,1.0,7.0,6.0,1.0,2.0,5.0,3.0,9.0,4.0,8.0,6.0,7.0,1.0,2.0,4.0,3.0,9.0,5.0,8.0,6.0,7.0,1.0,2.0,4.0,5.0,9.0,3.0,8.0
jungle_chess_2pcs_raw_endgame_complete,Classification,6,,32,nn,sage,permutation,9.0,1.0,6.0,5.0,7.0,4.0,8.0,2.0,3.0,3.0,8.0,7.0,5.0,6.0,2.0,1.0,9.0,4.0,7.0,6.0,2.0,5.0,3.0,1.0,9.0,4.0,8.0,6.0,7.0,4.0,3.0,1.0,2.0,9.0,5.0,8.0,2.0,2.0,1.0,4.0,4.0,5.0,5.0,3.0,1.0
jungle_chess_2pcs_raw_endgame_complete,Classification,6,,32,nn,shap,kernel,9.0,1.0,6.0,5.0,8.0,4.0,7.0,2.0,3.0,3.0,9.0,5.0,8.0,6.0,4.0,1.0,7.0,2.0,6.0,7.0,2.0,3.0,4.0,1.0,9.0,5.0,8.0,6.0,7.0,4.0,3.0,1.0,2.0,9.0,5.0,8.0,6.0,7.0,1.0,5.0,3.0,2.0,9.0,4.0,8.0
jungle_chess_2pcs_raw_endgame_complete,Classification,6,,32,nn,shapiq,kernel,9.0,1.0,6.0,5.0,7.0,4.0,8.0,2.0,3.0,2.0,6.0,7.0,8.0,4.0,3.0,5.0,9.0,1.0,7.0,6.0,1.0,4.0,5.0,2.0,9.0,3.0,8.0,6.0,7.0,4.0,3.0,1.0,2.0,9.0,5.0,8.0,7.0,6.0,1.0,4.0,5.0,3.0,9.0,2.0,8.0
jungle_chess_2pcs_raw_endgame_complete,Classification,6,,32,xgb,sage,permutation,9.0,1.0,5.0,4.0,7.0,6.0,8.0,2.0,3.0,6.0,8.0,5.0,3.0,4.0,7.0,1.0,9.0,2.0,6.0,7.0,2.0,5.0,3.0,1.0,9.0,4.0,8.0,6.0,7.0,4.0,2.0,1.0,3.0,9.0,5.0,8.0,4.0,2.0,5.0,1.0,1.0,5.0,1.0,3.0,5.0
jungle_chess_2pcs_raw_endgame_complete,Classification,6,,32,xgb,shap,kernel,9.0,1.0,5.0,4.0,7.0,6.0,8.0,2.0,3.0,6.0,5.0,4.0,2.0,3.0,8.0,1.0,9.0,7.0,6.0,7.0,2.0,3.0,4.0,1.0,9.0,5.0,8.0,6.0,7.0,4.0,2.0,1.0,3.0,9.0,5.0,8.0,6.0,7.0,2.0,4.0,5.0,1.0,9.0,3.0,8.0
jungle_chess_2pcs_raw_endgame_complete,Classification,6,,32,xgb,shapiq,kernel,9.0,1.0,5.0,4.0,7.0,6.0,8.0,2.0,3.0,2.0,3.0,7.0,4.0,5.0,8.0,6.0,9.0,1.0,7.0,6.0,2.0,5.0,3.0,1.0,9.0,4.0,8.0,6.0,7.0,4.0,2.0,1.0,3.0,9.0,5.0,8.0,7.0,6.0,1.0,5.0,4.0,2.0,9.0,3.0,8.0
jungle_chess_2pcs_raw_endgame_complete,Classification,6,,64,nn,sage,permutation,9.0,1.0,6.0,5.0,7.0,4.0,8.0,2.0,3.0,3.0,8.0,6.0,7.0,4.0,2.0,1.0,9.0,5.0,7.0,6.0,1.0,2.0,5.0,3.0,9.0,4.0,8.0,6.0,7.0,3.0,2.0,1.0,4.0,9.0,5.0,8.0,1.0,3.0,1.0,4.0,5.0,2.0,3.0,1.0,1.0
jungle_chess_2pcs_raw_endgame_complete,Classification,6,,64,nn,shap,kernel,9.0,1.0,5.0,6.0,7.0,4.0,8.0,2.0,3.0,3.0,9.0,7.0,6.0,5.0,4.0,1.0,8.0,2.0,6.0,7.0,3.0,2.0,4.0,1.0,9.0,5.0,8.0,6.0,7.0,3.0,2.0,1.0,4.0,9.0,5.0,8.0,7.0,6.0,4.0,2.0,3.0,1.0,9.0,5.0,8.0
jungle_chess_2pcs_raw_endgame_complete,Classification,6,,64,nn,shapiq,kernel,9.0,1.0,6.0,5.0,7.0,4.0,8.0,2.0,3.0,2.0,4.0,6.0,8.0,7.0,3.0,5.0,9.0,1.0,7.0,6.0,2.0,4.0,5.0,1.0,9.0,3.0,8.0,6.0,7.0,3.0,2.0,1.0,4.0,9.0,5.0,8.0,7.0,6.0,3.0,4.0,5.0,2.0,9.0,1.0,8.0
jungle_chess_2pcs_raw_endgame_complete,Classification,6,,64,xgb,sage,permutation,9.0,1.0,5.0,4.0,7.0,6.0,8.0,2.0,3.0,7.0,4.0,5.0,6.0,3.0,8.0,1.0,9.0,2.0,7.0,6.0,2.0,3.0,5.0,1.0,9.0,4.0,8.0,6.0,7.0,3.0,2.0,1.0,4.0,9.0,5.0,8.0,4.0,3.0,3.0,3.0,1.0,2.0,4.0,5.0,6.0
jungle_chess_2pcs_raw_endgame_complete,Classification,6,,64,xgb,shap,kernel,9.0,1.0,5.0,4.0,7.0,6.0,8.0,2.0,3.0,6.0,5.0,4.0,3.0,2.0,8.0,1.0,9.0,7.0,7.0,6.0,4.0,2.0,3.0,1.0,9.0,5.0,8.0,6.0,7.0,3.0,2.0,1.0,4.0,9.0,5.0,8.0,7.0,6.0,4.0,2.0,3.0,1.0,9.0,5.0,8.0
jungle_chess_2pcs_raw_endgame_complete,Classification,6,,64,xgb,shapiq,kernel,9.0,1.0,5.0,4.0,7.0,6.0,8.0,2.0,3.0,2.0,3.0,7.0,6.0,4.0,8.0,5.0,9.0,1.0,7.0,6.0,5.0,3.0,4.0,1.0,9.0,2.0,8.0,6.0,7.0,3.0,2.0,1.0,4.0,9.0,5.0,8.0,7.0,6.0,5.0,4.0,3.0,2.0,9.0,1.0,8.0
jungle_chess_2pcs_raw_endgame_complete,Classification,6,,128,nn,sage,permutation,9.0,1.0,5.0,3.0,6.0,4.0,7.0,2.0,8.0,3.0,7.0,6.0,4.0,5.0,2.0,1.0,9.0,8.0,8.0,3.0,6.0,2.0,4.0,1.0,9.0,5.0,7.0,7.0,6.0,3.0,2.0,1.0,4.0,9.0,5.0,8.0,1.0,7.0,3.0,4.0,6.0,3.0,5.0,2.0,1.0
jungle_chess_2pcs_raw_endgame_complete,Classification,6,,128,nn,shap,kernel,9.0,1.0,5.0,6.0,7.0,4.0,8.0,2.0,3.0,2.0,9.0,7.0,6.0,5.0,3.0,1.0,8.0,4.0,7.0,5.0,4.0,3.0,2.0,1.0,9.0,6.0,8.0,7.0,6.0,3.0,2.0,1.0,4.0,9.0,5.0,8.0,7.0,5.0,3.0,2.0,4.0,1.0,9.0,6.0,8.0
jungle_chess_2pcs_raw_endgame_complete,Classification,6,,128,nn,shapiq,kernel,9.0,1.0,5.0,6.0,7.0,4.0,8.0,2.0,3.0,2.0,4.0,6.0,5.0,7.0,3.0,8.0,9.0,1.0,7.0,6.0,3.0,4.0,1.0,2.0,9.0,5.0,8.0,7.0,6.0,3.0,2.0,1.0,4.0,9.0,5.0,8.0,7.0,6.0,3.0,4.0,2.0,1.0,9.0,5.0,8.0
jungle_chess_2pcs_raw_endgame_complete,Classification,6,,128,xgb,sage,permutation,9.0,1.0,4.0,3.0,7.0,6.0,8.0,2.0,5.0,5.0,2.0,3.0,7.0,4.0,8.0,1.0,9.0,6.0,7.0,6.0,3.0,1.0,5.0,2.0,9.0,4.0,8.0,7.0,6.0,3.0,2.0,1.0,4.0,9.0,5.0,8.0,5.0,1.0,3.0,2.0,1.0,4.0,4.0,2.0,6.0
jungle_chess_2pcs_raw_endgame_complete,Classification,6,,128,xgb,shap,kernel,9.0,1.0,5.0,3.0,7.0,6.0,8.0,2.0,4.0,7.0,6.0,3.0,4.0,2.0,8.0,1.0,9.0,5.0,7.0,5.0,4.0,3.0,2.0,1.0,9.0,6.0,8.0,7.0,6.0,3.0,2.0,1.0,4.0,9.0,5.0,8.0,7.0,5.0,4.0,2.0,3.0,1.0,9.0,6.0,8.0
jungle_chess_2pcs_raw_endgame_complete,Classification,6,,128,xgb,shapiq,kernel,9.0,1.0,5.0,4.0,7.0,6.0,8.0,2.0,3.0,2.0,3.0,7.0,6.0,5.0,8.0,4.0,9.0,1.0,7.0,6.0,3.0,1.0,2.0,4.0,9.0,5.0,8.0,7.0,6.0,3.0,2.0,1.0,4.0,9.0,5.0,8.0,7.0,6.0,3.0,2.0,1.0,4.0,9.0,5.0,8.0
jungle_chess_2pcs_raw_endgame_complete,Classification,6,,256,nn,sage,permutation,9.0,1.0,5.0,4.0,6.0,3.0,7.0,2.0,8.0,3.0,8.0,6.0,4.0,5.0,2.0,1.0,9.0,7.0,8.0,5.0,1.0,2.0,3.0,6.0,9.0,4.0,7.0,7.0,6.0,3.0,2.0,1.0,4.0,9.0,5.0,8.0,2.0,1.0,2.0,2.0,2.0,1.0,3.0,1.0,1.0
jungle_chess_2pcs_raw_endgame_complete,Classification,6,,256,nn,shap,kernel,9.0,1.0,5.0,4.0,6.0,3.0,7.0,2.0,8.0,2.0,9.0,7.0,5.0,6.0,3.0,1.0,8.0,4.0,6.0,5.0,3.0,4.0,1.0,2.0,9.0,7.0,8.0,7.0,6.0,3.0,2.0,1.0,4.0,9.0,5.0,8.0,6.0,5.0,3.0,4.0,2.0,1.0,9.0,7.0,8.0
jungle_chess_2pcs_raw_endgame_complete,Classification,6,,256,nn,shapiq,kernel,9.0,1.0,5.0,3.0,6.0,4.0,7.0,2.0,8.0,2.0,4.0,8.0,7.0,5.0,3.0,6.0,9.0,1.0,7.0,6.0,4.0,3.0,1.0,2.0,9.0,5.0,8.0,7.0,6.0,3.0,2.0,1.0,4.0,9.0,5.0,8.0,7.0,6.0,5.0,3.0,1.0,2.0,9.0,4.0,8.0
jungle_chess_2pcs_raw_endgame_complete,Classification,6,,256,xgb,sage,permutation,9.0,1.0,4.0,3.0,6.0,5.0,7.0,2.0,8.0,5.0,7.0,2.0,3.0,4.0,8.0,1.0,9.0,6.0,7.0,4.0,2.0,1.0,3.0,5.0,9.0,6.0,8.0,7.0,6.0,4.0,2.0,1.0,3.0,9.0,5.0,8.0,5.0,4.0,4.0,3.0,2.0,3.0,1.0,3.0,6.0
jungle_chess_2pcs_raw_endgame_complete,Classification,6,,256,xgb,shap,kernel,9.0,1.0,4.0,3.0,6.0,5.0,7.0,2.0,8.0,7.0,2.0,5.0,4.0,3.0,8.0,1.0,9.0,6.0,7.0,5.0,4.0,3.0,2.0,1.0,9.0,6.0,8.0,7.0,6.0,4.0,2.0,1.0,3.0,9.0,5.0,8.0,7.0,5.0,3.0,4.0,2.0,1.0,9.0,6.0,8.0
jungle_chess_2pcs_raw_endgame_complete,Classification,6,,256,xgb,shapiq,kernel,9.0,1.0,4.0,3.0,6.0,5.0,7.0,2.0,8.0,2.0,3.0,7.0,5.0,6.0,8.0,4.0,9.0,1.0,7.0,5.0,4.0,2.0,1.0,3.0,9.0,6.0,8.0,7.0,6.0,4.0,2.0,1.0,3.0,9.0,5.0,8.0,7.0,5.0,4.0,3.0,1.0,2.0,9.0,6.0,8.0
kin8nm,Regression,8,2048,8,nn,sage,permutation,8.0,1.0,4.0,3.0,6.0,5.0,7.0,,2.0,6.0,3.0,8.0,2.0,4.0,7.0,1.0,,5.0,7.0,5.0,1.0,3.0,2.0,4.0,8.0,,6.0,5.0,4.0,2.0,1.0,2.0,3.0,7.0,,6.0,4.0,2.0,1.0,1.0,1.0,1.0,5.0,,3.0
kin8nm,Regression,8,2048,8,nn,shap,kernel,8.0,1.0,3.0,4.0,6.0,5.0,7.0,,2.0,2.0,7.0,4.0,5.0,6.0,8.0,3.0,,1.0,6.0,4.0,2.0,1.0,2.0,3.0,7.0,,5.0,5.0,4.0,2.0,1.0,2.0,3.0,7.0,,6.0,6.0,5.0,2.0,1.0,2.0,3.0,7.0,,4.0
kin8nm,Regression,8,2048,8,nn,shapiq,kernel,8.0,1.0,4.0,3.0,6.0,5.0,7.0,,2.0,1.0,3.0,8.0,7.0,4.0,5.0,6.0,,2.0,6.0,5.0,4.0,2.0,4.0,3.0,7.0,,1.0,5.0,4.0,2.0,1.0,2.0,3.0,7.0,,6.0,6.0,5.0,3.0,2.0,3.0,4.0,7.0,,1.0
kin8nm,Regression,8,2048,8,xgb,sage,permutation,8.0,1.0,4.0,3.0,6.0,5.0,7.0,,2.0,4.0,5.0,8.0,2.0,3.0,6.0,1.0,,7.0,7.0,6.0,1.0,3.0,2.0,4.0,8.0,,5.0,5.0,4.0,2.0,1.0,2.0,3.0,7.0,,6.0,3.0,2.0,1.0,1.0,1.0,1.0,4.0,,2.0
kin8nm,Regression,8,2048,8,xgb,shap,kernel,8.0,1.0,5.0,4.0,6.0,3.0,7.0,,2.0,8.0,1.0,5.0,3.0,2.0,6.0,4.0,,7.0,6.0,5.0,2.0,1.0,2.0,3.0,7.0,,4.0,5.0,4.0,2.0,1.0,2.0,3.0,7.0,,6.0,6.0,5.0,3.0,1.0,3.0,2.0,7.0,,4.0
kin8nm,Regression,8,2048,8,xgb,shapiq,kernel,8.0,1.0,4.0,5.0,6.0,3.0,7.0,,2.0,2.0,8.0,7.0,5.0,4.0,1.0,6.0,,3.0,6.0,5.0,3.0,2.0,3.0,4.0,7.0,,1.0,5.0,4.0,2.0,1.0,2.0,3.0,7.0,,6.0,6.0,5.0,4.0,2.0,4.0,3.0,7.0,,1.0
kin8nm,Regression,8,2048,16,nn,sage,permutation,8.0,1.0,4.0,2.0,6.0,5.0,7.0,,3.0,7.0,5.0,8.0,4.0,3.0,2.0,1.0,,6.0,5.0,6.0,3.0,1.0,2.0,4.0,8.0,,7.0,6.0,5.0,3.0,2.0,1.0,4.0,8.0,,7.0,2.0,2.0,1.0,1.0,1.0,1.0,3.0,,1.0
kin8nm,Regression,8,2048,16,nn,shap,kernel,8.0,1.0,4.0,3.0,6.0,5.0,7.0,,2.0,2.0,8.0,7.0,5.0,6.0,3.0,4.0,,1.0,6.0,5.0,2.0,1.0,4.0,3.0,8.0,,7.0,6.0,5.0,3.0,2.0,1.0,4.0,8.0,,7.0,7.0,6.0,4.0,1.0,2.0,3.0,8.0,,5.0
kin8nm,Regression,8,2048,16,nn,shapiq,kernel,8.0,1.0,4.0,3.0,6.0,5.0,7.0,,2.0,1.0,6.0,8.0,7.0,5.0,3.0,4.0,,2.0,7.0,6.0,4.0,2.0,1.0,3.0,8.0,,5.0,6.0,5.0,3.0,2.0,1.0,4.0,8.0,,7.0,6.0,7.0,4.0,2.0,1.0,3.0,8.0,,5.0
kin8nm,Regression,8,2048,16,xgb,sage,permutation,8.0,1.0,3.0,2.0,5.0,4.0,7.0,,6.0,5.0,6.0,8.0,2.0,4.0,7.0,1.0,,3.0,5.0,6.0,2.0,1.0,4.0,3.0,8.0,,7.0,6.0,5.0,3.0,2.0,1.0,4.0,8.0,,7.0,2.0,2.0,1.0,1.0,1.0,1.0,3.0,,1.0
kin8nm,Regression,8,2048,16,xgb,shap,kernel,8.0,1.0,3.0,2.0,5.0,4.0,7.0,,6.0,8.0,1.0,3.0,4.0,2.0,6.0,5.0,,7.0,6.0,5.0,2.0,1.0,3.0,4.0,8.0,,7.0,6.0,5.0,3.0,2.0,1.0,4.0,8.0,,7.0,6.0,5.0,4.0,1.0,2.0,3.0,8.0,,7.0
kin8nm,Regression,8,2048,16,xgb,shapiq,kernel,8.0,1.0,5.0,3.0,6.0,4.0,7.0,,2.0,2.0,8.0,5.0,6.0,4.0,1.0,7.0,,3.0,7.0,6.0,4.0,1.0,2.0,3.0,8.0,,5.0,6.0,5.0,3.0,2.0,1.0,4.0,8.0,,7.0,6.0,7.0,4.0,1.0,2.0,3.0,8.0,,5.0
kin8nm,Regression,8,2048,32,nn,sage,permutation,8.0,1.0,3.0,2.0,5.0,4.0,7.0,,6.0,6.0,7.0,5.0,4.0,3.0,2.0,1.0,,8.0,6.0,5.0,4.0,3.0,1.0,2.0,8.0,,7.0,6.0,5.0,3.0,2.0,1.0,4.0,8.0,,7.0,1.0,1.0,1.0,1.0,1.0,1.0,2.0,,1.0
kin8nm,Regression,8,2048,32,nn,shap,kernel,8.0,1.0,3.0,2.0,5.0,4.0,7.0,,6.0,3.0,5.0,4.0,6.0,8.0,1.0,7.0,,2.0,6.0,5.0,4.0,3.0,2.0,1.0,8.0,,7.0,6.0,5.0,3.0,2.0,1.0,4.0,8.0,,7.0,7.0,5.0,4.0,3.0,2.0,1.0,8.0,,6.0
kin8nm,Regression,8,2048,32,nn,shapiq,kernel,8.0,1.0,3.0,2.0,5.0,4.0,7.0,,6.0,1.0,3.0,6.0,4.0,7.0,5.0,8.0,,2.0,7.0,6.0,4.0,3.0,2.0,1.0,8.0,,5.0,6.0,5.0,3.0,2.0,1.0,4.0,8.0,,7.0,6.0,7.0,4.0,3.0,2.0,1.0,8.0,,5.0
kin8nm,Regression,8,2048,32,xgb,sage,permutation,8.0,1.0,3.0,2.0,5.0,4.0,7.0,,6.0,7.0,6.0,3.0,8.0,4.0,5.0,1.0,,2.0,6.0,5.0,4.0,3.0,2.0,1.0,8.0,,7.0,6.0,5.0,4.0,3.0,1.0,2.0,8.0,,7.0,1.0,1.0,1.0,1.0,1.0,1.0,2.0,,1.0
kin8nm,Regression,8,2048,32,xgb,shap,kernel,8.0,1.0,3.0,2.0,5.0,4.0,7.0,,6.0,8.0,1.0,2.0,5.0,6.0,3.0,4.0,,7.0,6.0,5.0,4.0,1.0,3.0,2.0,8.0,,7.0,6.0,5.0,4.0,3.0,1.0,2.0,8.0,,7.0,6.0,5.0,4.0,1.0,3.0,2.0,8.0,,7.0
kin8nm,Regression,8,2048,32,xgb,shapiq,kernel,8.0,1.0,4.0,2.0,5.0,3.0,7.0,,6.0,2.0,8.0,5.0,4.0,7.0,1.0,6.0,,3.0,7.0,5.0,4.0,3.0,2.0,1.0,8.0,,6.0,6.0,5.0,4.0,3.0,1.0,2.0,8.0,,7.0,7.0,6.0,4.0,3.0,2.0,1.0,8.0,,5.0
kin8nm,Regression,8,2048,64,nn,sage,permutation,8.0,1.0,4.0,2.0,5.0,3.0,6.0,,7.0,7.0,6.0,3.0,5.0,4.0,2.0,1.0,,8.0,4.0,6.0,5.0,3.0,1.0,2.0,8.0,,7.0,6.0,5.0,2.0,3.0,1.0,4.0,8.0,,7.0,1.0,1.0,1.0,1.0,1.0,1.0,2.0,,1.0
kin8nm,Regression,8,2048,64,nn,shap,kernel,8.0,1.0,4.0,2.0,5.0,3.0,6.0,,7.0,8.0,5.0,3.0,7.0,6.0,1.0,4.0,,2.0,6.0,5.0,4.0,1.0,3.0,2.0,8.0,,7.0,6.0,5.0,2.0,3.0,1.0,4.0,8.0,,7.0,6.0,5.0,3.0,1.0,4.0,2.0,8.0,,7.0
kin8nm,Regression,8,2048,64,nn,shapiq,kernel,8.0,1.0,4.0,2.0,5.0,3.0,6.0,,7.0,1.0,3.0,7.0,6.0,5.0,4.0,8.0,,2.0,7.0,5.0,3.0,1.0,2.0,4.0,8.0,,6.0,6.0,5.0,2.0,3.0,1.0,4.0,8.0,,7.0,7.0,6.0,1.0,2.0,3.0,4.0,8.0,,5.0
kin8nm,Regression,8,2048,64,xgb,sage,permutation,8.0,1.0,3.0,2.0,5.0,4.0,6.0,,7.0,8.0,2.0,4.0,5.0,7.0,6.0,1.0,,3.0,5.0,6.0,4.0,2.0,1.0,3.0,8.0,,7.0,6.0,5.0,2.0,3.0,1.0,4.0,8.0,,7.0,1.0,1.0,1.0,1.0,1.0,1.0,2.0,,1.0
kin8nm,Regression,8,2048,64,xgb,shap,kernel,8.0,1.0,3.0,2.0,5.0,4.0,6.0,,7.0,7.0,4.0,2.0,3.0,5.0,1.0,6.0,,8.0,5.0,6.0,3.0,1.0,4.0,2.0,8.0,,7.0,6.0,5.0,2.0,3.0,1.0,4.0,8.0,,7.0,5.0,6.0,3.0,1.0,4.0,2.0,8.0,,7.0
kin8nm,Regression,8,2048,64,xgb,shapiq,kernel,8.0,1.0,4.0,2.0,5.0,3.0,7.0,,6.0,2.0,8.0,4.0,6.0,5.0,1.0,7.0,,3.0,6.0,5.0,3.0,2.0,4.0,1.0,8.0,,7.0,6.0,5.0,2.0,3.0,1.0,4.0,8.0,,7.0,6.0,7.0,4.0,3.0,2.0,1.0,8.0,,5.0
kin8nm,Regression,8,2048,128,nn,sage,permutation,8.0,1.0,4.0,2.0,5.0,3.0,6.0,,7.0,3.0,7.0,6.0,5.0,4.0,2.0,1.0,,8.0,7.0,5.0,2.0,3.0,1.0,4.0,8.0,,6.0,6.0,5.0,4.0,2.0,1.0,3.0,8.0,,7.0,1.0,1.0,1.0,1.0,1.0,1.0,2.0,,1.0
kin8nm,Regression,8,2048,128,nn,shap,kernel,8.0,1.0,4.0,2.0,5.0,3.0,6.0,,7.0,8.0,7.0,3.0,6.0,5.0,1.0,4.0,,2.0,6.0,5.0,4.0,2.0,3.0,1.0,8.0,,7.0,6.0,5.0,4.0,2.0,1.0,3.0,8.0,,7.0,7.0,5.0,4.0,2.0,3.0,1.0,8.0,,6.0
kin8nm,Regression,8,2048,128,nn,shapiq,kernel,8.0,1.0,3.0,4.0,5.0,2.0,6.0,,7.0,1.0,3.0,7.0,6.0,5.0,4.0,8.0,,2.0,7.0,6.0,4.0,3.0,2.0,1.0,8.0,,5.0,6.0,5.0,4.0,2.0,1.0,3.0,8.0,,7.0,7.0,6.0,4.0,3.0,2.0,1.0,8.0,,5.0
kin8nm,Regression,8,2048,128,xgb,sage,permutation,8.0,1.0,3.0,2.0,5.0,4.0,6.0,,7.0,7.0,8.0,2.0,3.0,6.0,5.0,1.0,,4.0,7.0,4.0,2.0,3.0,1.0,5.0,8.0,,6.0,6.0,5.0,4.0,2.0,1.0,3.0,8.0,,7.0,1.0,1.0,1.0,1.0,1.0,1.0,2.0,,1.0
kin8nm,Regression,8,2048,128,xgb,shap,kernel,8.0,1.0,3.0,2.0,5.0,4.0,6.0,,7.0,7.0,1.0,5.0,6.0,3.0,2.0,4.0,,8.0,6.0,5.0,4.0,2.0,3.0,1.0,8.0,,7.0,6.0,5.0,4.0,2.0,1.0,3.0,8.0,,7.0,6.0,5.0,4.0,2.0,3.0,1.0,8.0,,7.0
kin8nm,Regression,8,2048,128,xgb,shapiq,kernel,8.0,1.0,3.0,2.0,5.0,4.0,6.0,,7.0,2.0,8.0,4.0,6.0,5.0,1.0,7.0,,3.0,7.0,6.0,4.0,2.0,3.0,1.0,8.0,,5.0,6.0,5.0,4.0,2.0,1.0,3.0,8.0,,7.0,7.0,6.0,4.0,3.0,2.0,1.0,8.0,,5.0
kings_county,Regression,21,5404,16,nn,sage,permutation,8.0,1.0,5.0,4.0,6.0,3.0,7.0,,2.0,2.0,7.0,8.0,4.0,5.0,6.0,1.0,,3.0,7.0,6.0,4.0,2.0,1.0,3.0,8.0,,5.0,6.0,7.0,1.0,3.0,4.0,2.0,8.0,,5.0,3.0,2.0,1.0,1.0,1.0,1.0,4.0,,1.0
kings_county,Regression,21,5404,16,nn,shap,kernel,8.0,1.0,4.0,3.0,6.0,5.0,7.0,,2.0,1.0,3.0,4.0,8.0,6.0,5.0,7.0,,2.0,6.0,7.0,4.0,3.0,2.0,1.0,8.0,,5.0,6.0,7.0,1.0,3.0,4.0,2.0,8.0,,5.0,6.0,7.0,4.0,2.0,1.0,3.0,8.0,,5.0
kings_county,Regression,21,5404,16,nn,shapiq,kernel,8.0,1.0,4.0,3.0,6.0,5.0,7.0,,2.0,2.0,1.0,7.0,6.0,4.0,8.0,5.0,,3.0,7.0,6.0,2.0,1.0,4.0,3.0,8.0,,5.0,6.0,7.0,1.0,3.0,4.0,2.0,8.0,,5.0,6.0,7.0,3.0,1.0,2.0,4.0,8.0,,5.0
kings_county,Regression,21,5404,16,xgb,sage,permutation,8.0,1.0,4.0,3.0,6.0,5.0,7.0,,2.0,8.0,6.0,4.0,2.0,3.0,5.0,1.0,,7.0,7.0,6.0,3.0,5.0,2.0,1.0,8.0,,4.0,6.0,7.0,1.0,3.0,4.0,2.0,8.0,,5.0,1.0,2.0,1.0,1.0,1.0,1.0,3.0,,1.0
kings_county,Regression,21,5404,16,xgb,shap,kernel,8.0,1.0,4.0,3.0,6.0,5.0,7.0,,2.0,4.0,1.0,2.0,5.0,6.0,8.0,3.0,,7.0,6.0,7.0,3.0,4.0,1.0,2.0,8.0,,5.0,6.0,7.0,1.0,3.0,4.0,2.0,8.0,,5.0,7.0,6.0,3.0,2.0,1.0,4.0,8.0,,5.0
kings_county,Regression,21,5404,16,xgb,shapiq,kernel,8.0,1.0,4.0,3.0,6.0,5.0,7.0,,2.0,2.0,1.0,7.0,4.0,3.0,5.0,6.0,,8.0,7.0,6.0,1.0,4.0,5.0,2.0,8.0,,3.0,6.0,7.0,1.0,3.0,4.0,2.0,8.0,,5.0,7.0,6.0,1.0,5.0,2.0,3.0,8.0,,4.0
kings_county,Regression,21,5404,32,nn,sage,permutation,8.0,1.0,5.0,4.0,6.0,3.0,7.0,,2.0,2.0,6.0,8.0,5.0,7.0,4.0,1.0,,3.0,6.0,7.0,4.0,3.0,2.0,1.0,8.0,,5.0,7.0,6.0,3.0,4.0,2.0,1.0,8.0,,5.0,1.0,1.0,1.0,1.0,1.0,1.0,2.0,,1.0
kings_county,Regression,21,5404,32,nn,shap,kernel,8.0,1.0,4.0,3.0,6.0,5.0,7.0,,2.0,1.0,3.0,5.0,8.0,6.0,4.0,7.0,,2.0,7.0,6.0,5.0,1.0,3.0,2.0,8.0,,4.0,7.0,6.0,3.0,4.0,2.0,1.0,8.0,,5.0,7.0,6.0,5.0,2.0,3.0,1.0,8.0,,4.0
kings_county,Regression,21,5404,32,nn,shapiq,kernel,8.0,1.0,4.0,3.0,6.0,5.0,7.0,,2.0,2.0,1.0,7.0,6.0,4.0,8.0,5.0,,3.0,7.0,6.0,4.0,1.0,3.0,2.0,8.0,,5.0,7.0,6.0,3.0,4.0,2.0,1.0,8.0,,5.0,7.0,6.0,4.0,2.0,3.0,1.0,8.0,,5.0
kings_county,Regression,21,5404,32,xgb,sage,permutation,8.0,1.0,4.0,3.0,6.0,5.0,7.0,,2.0,7.0,2.0,8.0,6.0,5.0,3.0,1.0,,4.0,6.0,7.0,5.0,1.0,2.0,3.0,8.0,,4.0,7.0,6.0,3.0,4.0,2.0,1.0,8.0,,5.0,1.0,1.0,1.0,1.0,1.0,1.0,2.0,,1.0
kings_county,Regression,21,5404,32,xgb,shap,kernel,8.0,1.0,4.0,3.0,6.0,5.0,7.0,,2.0,6.0,1.0,3.0,4.0,5.0,8.0,2.0,,7.0,7.0,6.0,5.0,1.0,2.0,3.0,8.0,,4.0,7.0,6.0,3.0,4.0,2.0,1.0,8.0,,5.0,7.0,6.0,5.0,2.0,1.0,3.0,8.0,,4.0
kings_county,Regression,21,5404,32,xgb,shapiq,kernel,8.0,1.0,4.0,3.0,6.0,5.0,7.0,,2.0,2.0,1.0,7.0,4.0,3.0,5.0,6.0,,8.0,7.0,6.0,2.0,3.0,1.0,4.0,8.0,,5.0,7.0,6.0,3.0,4.0,2.0,1.0,8.0,,5.0,7.0,6.0,4.0,1.0,2.0,3.0,8.0,,5.0
kings_county,Regression,21,5404,64,nn,sage,permutation,8.0,1.0,5.0,4.0,6.0,3.0,7.0,,2.0,3.0,5.0,8.0,6.0,7.0,4.0,1.0,,2.0,7.0,6.0,2.0,4.0,5.0,1.0,8.0,,3.0,7.0,5.0,1.0,4.0,3.0,2.0,8.0,,6.0,1.0,1.0,1.0,1.0,1.0,1.0,2.0,,1.0
kings_county,Regression,21,5404,64,nn,shap,kernel,8.0,1.0,5.0,3.0,6.0,4.0,7.0,,2.0,1.0,3.0,6.0,7.0,5.0,4.0,8.0,,2.0,6.0,7.0,4.0,1.0,2.0,3.0,8.0,,5.0,7.0,5.0,1.0,4.0,3.0,2.0,8.0,,6.0,7.0,6.0,4.0,1.0,2.0,3.0,8.0,,5.0
kings_county,Regression,21,5404,64,nn,shapiq,kernel,8.0,1.0,4.0,3.0,6.0,5.0,7.0,,2.0,2.0,1.0,7.0,6.0,4.0,8.0,5.0,,3.0,7.0,6.0,1.0,3.0,4.0,2.0,8.0,,5.0,7.0,5.0,1.0,4.0,3.0,2.0,8.0,,6.0,7.0,6.0,2.0,1.0,4.0,3.0,8.0,,5.0
kings_county,Regression,21,5404,64,xgb,sage,permutation,8.0,1.0,4.0,3.0,6.0,5.0,7.0,,2.0,8.0,2.0,6.0,4.0,5.0,7.0,1.0,,3.0,7.0,6.0,4.0,2.0,3.0,1.0,8.0,,5.0,7.0,5.0,1.0,4.0,3.0,2.0,8.0,,6.0,1.0,2.0,1.0,1.0,1.0,1.0,3.0,,1.0
kings_county,Regression,21,5404,64,xgb,shap,kernel,8.0,1.0,4.0,3.0,6.0,5.0,7.0,,2.0,6.0,1.0,3.0,2.0,5.0,8.0,4.0,,7.0,7.0,6.0,4.0,3.0,1.0,2.0,8.0,,5.0,7.0,5.0,1.0,4.0,3.0,2.0,8.0,,6.0,7.0,6.0,3.0,4.0,1.0,2.0,8.0,,5.0
kings_county,Regression,21,5404,64,xgb,shapiq,kernel,8.0,1.0,4.0,3.0,6.0,5.0,7.0,,2.0,2.0,1.0,7.0,4.0,3.0,5.0,6.0,,8.0,7.0,5.0,2.0,4.0,3.0,1.0,8.0,,6.0,7.0,5.0,1.0,4.0,3.0,2.0,8.0,,6.0,7.0,5.0,3.0,4.0,2.0,1.0,8.0,,6.0
kings_county,Regression,21,5404,128,nn,sage,permutation,8.0,1.0,4.0,3.0,6.0,2.0,7.0,,5.0,2.0,5.0,7.0,8.0,6.0,4.0,1.0,,3.0,7.0,5.0,2.0,3.0,1.0,4.0,8.0,,6.0,6.0,5.0,1.0,4.0,2.0,3.0,8.0,,7.0,1.0,1.0,1.0,1.0,1.0,1.0,2.0,,1.0
kings_county,Regression,21,5404,128,nn,shap,kernel,8.0,1.0,3.0,2.0,5.0,4.0,7.0,,6.0,1.0,3.0,6.0,7.0,5.0,4.0,8.0,,2.0,7.0,5.0,3.0,1.0,2.0,4.0,8.0,,6.0,6.0,5.0,1.0,4.0,2.0,3.0,8.0,,7.0,6.0,5.0,3.0,1.0,2.0,4.0,8.0,,7.0
kings_county,Regression,21,5404,128,nn,shapiq,kernel,8.0,1.0,3.0,2.0,5.0,4.0,7.0,,6.0,2.0,1.0,7.0,6.0,4.0,8.0,5.0,,3.0,7.0,5.0,2.0,4.0,3.0,1.0,8.0,,6.0,6.0,5.0,1.0,4.0,2.0,3.0,8.0,,7.0,7.0,5.0,4.0,1.0,2.0,3.0,8.0,,6.0
kings_county,Regression,21,5404,128,xgb,sage,permutation,8.0,1.0,3.0,2.0,5.0,4.0,7.0,,6.0,8.0,6.0,3.0,5.0,4.0,7.0,1.0,,2.0,7.0,5.0,2.0,4.0,1.0,3.0,8.0,,6.0,6.0,5.0,2.0,4.0,3.0,1.0,8.0,,7.0,1.0,1.0,1.0,1.0,1.0,1.0,2.0,,1.0
kings_county,Regression,21,5404,128,xgb,shap,kernel,8.0,1.0,3.0,2.0,6.0,4.0,7.0,,5.0,6.0,1.0,2.0,3.0,5.0,8.0,4.0,,7.0,7.0,5.0,3.0,2.0,1.0,4.0,8.0,,6.0,6.0,5.0,2.0,4.0,3.0,1.0,8.0,,7.0,7.0,5.0,3.0,2.0,1.0,4.0,8.0,,6.0
kings_county,Regression,21,5404,128,xgb,shapiq,kernel,8.0,1.0,3.0,2.0,5.0,4.0,7.0,,6.0,2.0,5.0,7.0,3.0,4.0,1.0,6.0,,8.0,7.0,5.0,1.0,4.0,3.0,2.0,8.0,,6.0,6.0,5.0,2.0,4.0,3.0,1.0,8.0,,7.0,7.0,5.0,1.0,4.0,2.0,3.0,8.0,,6.0
kings_county,Regression,21,5404,256,nn,sage,permutation,8.0,1.0,3.0,4.0,5.0,2.0,7.0,,6.0,3.0,6.0,7.0,5.0,8.0,4.0,1.0,,2.0,6.0,4.0,5.0,1.0,2.0,3.0,8.0,,7.0,6.0,5.0,3.0,4.0,1.0,2.0,8.0,,7.0,1.0,1.0,1.0,1.0,1.0,1.0,2.0,,1.0
kings_county,Regression,21,5404,256,nn,shap,kernel,8.0,1.0,3.0,2.0,5.0,4.0,7.0,,6.0,1.0,3.0,7.0,6.0,5.0,4.0,8.0,,2.0,6.0,5.0,3.0,2.0,1.0,4.0,8.0,,7.0,6.0,5.0,3.0,4.0,1.0,2.0,8.0,,7.0,6.0,5.0,3.0,2.0,1.0,4.0,8.0,,7.0
kings_county,Regression,21,5404,256,nn,shapiq,kernel,8.0,1.0,3.0,2.0,5.0,4.0,7.0,,6.0,2.0,1.0,5.0,6.0,4.0,8.0,7.0,,3.0,6.0,5.0,4.0,3.0,1.0,2.0,8.0,,7.0,6.0,5.0,3.0,4.0,1.0,2.0,8.0,,7.0,6.0,5.0,4.0,2.0,1.0,3.0,8.0,,7.0
kings_county,Regression,21,5404,256,xgb,sage,permutation,8.0,1.0,3.0,2.0,5.0,4.0,7.0,,6.0,8.0,4.0,5.0,3.0,6.0,7.0,1.0,,2.0,7.0,2.0,5.0,4.0,3.0,1.0,8.0,,6.0,6.0,5.0,3.0,4.0,1.0,2.0,8.0,,7.0,1.0,1.0,1.0,1.0,1.0,1.0,2.0,,1.0
kings_county,Regression,21,5404,256,xgb,shap,kernel,8.0,1.0,3.0,2.0,5.0,4.0,7.0,,6.0,6.0,1.0,4.0,5.0,2.0,8.0,3.0,,7.0,6.0,5.0,3.0,2.0,1.0,4.0,8.0,,7.0,6.0,5.0,3.0,4.0,1.0,2.0,8.0,,7.0,7.0,5.0,3.0,1.0,2.0,4.0,8.0,,6.0
kings_county,Regression,21,5404,256,xgb,shapiq,kernel,8.0,1.0,3.0,2.0,5.0,4.0,6.0,,7.0,2.0,7.0,6.0,3.0,4.0,1.0,5.0,,8.0,6.0,5.0,4.0,2.0,3.0,1.0,8.0,,7.0,6.0,5.0,3.0,4.0,1.0,2.0,8.0,,7.0,7.0,5.0,4.0,2.0,1.0,3.0,8.0,,6.0
letter,Classification,16,4894,16,nn,sage,permutation,9.0,1.0,5.0,4.0,6.0,7.0,8.0,2.0,3.0,6.0,4.0,5.0,1.0,2.0,7.0,3.0,9.0,8.0,5.0,3.0,8.0,6.0,7.0,4.0,9.0,1.0,2.0,8.0,6.0,1.0,4.0,2.0,3.0,9.0,7.0,5.0,2.0,2.0,4.0,6.0,5.0,4.0,6.0,1.0,3.0
letter,Classification,16,4894,16,nn,shap,kernel,9.0,1.0,5.0,4.0,7.0,6.0,8.0,2.0,3.0,8.0,2.0,5.0,3.0,4.0,7.0,1.0,9.0,6.0,8.0,7.0,1.0,2.0,3.0,4.0,9.0,5.0,6.0,8.0,6.0,1.0,4.0,2.0,3.0,9.0,7.0,5.0,8.0,7.0,1.0,4.0,2.0,3.0,9.0,5.0,6.0
letter,Classification,16,4894,16,nn,shapiq,kernel,,,,,,2.0,,1.0,,,,,,,1.0,,2.0,,,,,,,2.0,,1.0,,,,,,,1.0,,2.0,,,,,,,2.0,,1.0,
letter,Classification,16,4894,16,xgb,sage,permutation,9.0,1.0,5.0,4.0,6.0,7.0,8.0,2.0,3.0,1.0,3.0,8.0,9.0,6.0,4.0,2.0,5.0,7.0,2.0,4.0,7.0,8.0,6.0,5.0,9.0,1.0,3.0,8.0,6.0,1.0,3.0,2.0,4.0,9.0,7.0,5.0,5.0,4.0,2.0,9.0,3.0,7.0,8.0,1.0,6.0
letter,Classification,16,4894,32,nn,sage,permutation,9.0,1.0,5.0,4.0,6.0,7.0,8.0,2.0,3.0,6.0,8.0,5.0,4.0,3.0,2.0,7.0,9.0,1.0,7.0,6.0,3.0,4.0,8.0,1.0,9.0,2.0,5.0,8.0,6.0,2.0,4.0,1.0,3.0,9.0,5.0,7.0,6.0,5.0,3.0,4.0,2.0,4.0,8.0,1.0,7.0
letter,Classification,16,4894,32,nn,shap,kernel,9.0,1.0,5.0,4.0,6.0,7.0,8.0,2.0,3.0,8.0,2.0,6.0,4.0,5.0,7.0,1.0,9.0,3.0,8.0,6.0,4.0,3.0,2.0,1.0,9.0,5.0,7.0,8.0,6.0,2.0,4.0,1.0,3.0,9.0,5.0,7.0,8.0,7.0,4.0,3.0,1.0,2.0,9.0,5.0,6.0
letter,Classification,16,4894,32,nn,shapiq,kernel,,,,,,2.0,,1.0,,,,,,,1.0,,2.0,,,,,,,2.0,,1.0,,,,,,,1.0,,2.0,,,,,,,2.0,,1.0,
letter,Classification,16,4894,32,xgb,sage,permutation,9.0,1.0,5.0,4.0,6.0,7.0,8.0,2.0,3.0,2.0,8.0,6.0,4.0,9.0,1.0,3.0,7.0,5.0,6.0,7.0,5.0,4.0,8.0,2.0,9.0,1.0,3.0,8.0,6.0,2.0,4.0,1.0,3.0,9.0,5.0,7.0,5.0,7.0,5.0,4.0,6.0,1.0,8.0,2.0,3.0
letter,Classification,16,4894,64,nn,sage,permutation,9.0,1.0,5.0,4.0,6.0,7.0,8.0,2.0,3.0,3.0,8.0,4.0,5.0,7.0,2.0,6.0,9.0,1.0,7.0,6.0,1.0,2.0,4.0,5.0,9.0,3.0,8.0,8.0,6.0,3.0,2.0,1.0,4.0,9.0,5.0,7.0,5.0,4.0,3.0,1.0,1.0,3.0,7.0,2.0,6.0
letter,Classification,16,4894,64,nn,shap,kernel,9.0,1.0,5.0,4.0,6.0,7.0,8.0,2.0,3.0,8.0,1.0,5.0,6.0,7.0,4.0,2.0,9.0,3.0,8.0,7.0,4.0,3.0,2.0,1.0,9.0,5.0,6.0,8.0,6.0,3.0,2.0,1.0,4.0,9.0,5.0,7.0,8.0,7.0,4.0,5.0,3.0,1.0,9.0,2.0,6.0
letter,Classification,16,4894,64,nn,shapiq,kernel,,,,,,2.0,,1.0,,,,,,,1.0,,2.0,,,,,,,2.0,,1.0,,,,,,,1.0,,2.0,,,,,,,2.0,,1.0,
letter,Classification,16,4894,64,xgb,sage,permutation,9.0,1.0,5.0,4.0,6.0,7.0,8.0,2.0,3.0,2.0,1.0,5.0,7.0,4.0,3.0,6.0,9.0,8.0,7.0,6.0,1.0,4.0,2.0,5.0,9.0,3.0,8.0,8.0,6.0,3.0,2.0,1.0,4.0,9.0,5.0,7.0,5.0,5.0,3.0,1.0,1.0,4.0,6.0,1.0,2.0
letter,Classification,16,4894,128,nn,sage,permutation,9.0,1.0,5.0,3.0,6.0,7.0,8.0,2.0,4.0,3.0,7.0,8.0,5.0,4.0,2.0,6.0,9.0,1.0,7.0,6.0,2.0,5.0,3.0,1.0,9.0,4.0,8.0,8.0,6.0,3.0,2.0,1.0,4.0,9.0,5.0,7.0,4.0,5.0,1.0,2.0,2.0,3.0,7.0,1.0,6.0
letter,Classification,16,4894,128,nn,shap,kernel,9.0,1.0,5.0,4.0,6.0,7.0,8.0,2.0,3.0,8.0,1.0,5.0,7.0,6.0,4.0,3.0,9.0,2.0,8.0,7.0,4.0,2.0,1.0,3.0,9.0,5.0,6.0,8.0,6.0,3.0,2.0,1.0,4.0,9.0,5.0,7.0,8.0,7.0,3.0,2.0,1.0,4.0,9.0,5.0,6.0
letter,Classification,16,4894,128,nn,shapiq,kernel,,,,,,2.0,,1.0,,,,,,,1.0,,2.0,,,,,,,2.0,,1.0,,,,,,,1.0,,2.0,,,,,,,2.0,,1.0,
letter,Classification,16,4894,128,xgb,sage,permutation,9.0,1.0,4.0,3.0,6.0,7.0,8.0,2.0,5.0,1.0,2.0,5.0,6.0,7.0,3.0,4.0,9.0,8.0,7.0,6.0,2.0,5.0,4.0,3.0,9.0,1.0,8.0,8.0,6.0,3.0,2.0,1.0,4.0,9.0,5.0,7.0,2.0,1.0,1.0,2.0,2.0,3.0,5.0,3.0,4.0
letter,Classification,16,4894,256,nn,sage,permutation,9.0,1.0,4.0,3.0,5.0,6.0,8.0,2.0,7.0,3.0,4.0,6.0,5.0,8.0,2.0,7.0,9.0,1.0,8.0,6.0,3.0,2.0,1.0,4.0,9.0,5.0,7.0,7.0,6.0,3.0,2.0,1.0,4.0,9.0,5.0,8.0,4.0,3.0,2.0,3.0,2.0,1.0,5.0,2.0,1.0
letter,Classification,16,4894,256,nn,shap,kernel,9.0,1.0,4.0,3.0,6.0,5.0,8.0,2.0,7.0,8.0,1.0,6.0,7.0,5.0,4.0,3.0,9.0,2.0,8.0,7.0,4.0,2.0,1.0,3.0,9.0,5.0,6.0,7.0,6.0,3.0,2.0,1.0,4.0,9.0,5.0,8.0,8.0,7.0,3.0,2.0,1.0,4.0,9.0,5.0,6.0
letter,Classification,16,4894,256,nn,shapiq,kernel,,,,,,2.0,,1.0,,,,,,,1.0,,2.0,,,,,,,2.0,,1.0,,,,,,,1.0,,2.0,,,,,,,2.0,,1.0,
letter,Classification,16,4894,256,xgb,sage,permutation,9.0,1.0,4.0,3.0,5.0,6.0,7.0,2.0,8.0,2.0,1.0,7.0,5.0,4.0,3.0,8.0,9.0,6.0,8.0,6.0,1.0,2.0,3.0,5.0,9.0,4.0,7.0,7.0,6.0,3.0,2.0,1.0,4.0,9.0,5.0,8.0,2.0,3.0,4.0,3.0,1.0,3.0,5.0,2.0,4.0
miami_housing,Regression,15,3483,8,nn,sage,permutation,8.0,1.0,3.0,2.0,5.0,4.0,7.0,,6.0,5.0,4.0,8.0,3.0,2.0,6.0,1.0,,7.0,7.0,6.0,2.0,1.0,3.0,4.0,8.0,,5.0,7.0,6.0,3.0,4.0,2.0,1.0,8.0,,5.0,4.0,3.0,1.0,1.0,2.0,1.0,5.0,,1.0
miami_housing,Regression,15,3483,8,nn,shap,kernel,8.0,1.0,5.0,2.0,4.0,3.0,7.0,,6.0,4.0,1.0,7.0,6.0,8.0,3.0,5.0,,2.0,7.0,6.0,4.0,3.0,1.0,2.0,8.0,,5.0,7.0,6.0,3.0,4.0,2.0,1.0,8.0,,5.0,7.0,6.0,4.0,3.0,1.0,2.0,8.0,,5.0
miami_housing,Regression,15,3483,8,nn,shapiq,kernel,8.0,1.0,4.0,2.0,5.0,3.0,7.0,,6.0,1.0,3.0,6.0,5.0,4.0,8.0,7.0,,2.0,7.0,6.0,2.0,1.0,4.0,3.0,8.0,,5.0,7.0,6.0,3.0,4.0,2.0,1.0,8.0,,5.0,7.0,6.0,4.0,2.0,3.0,1.0,8.0,,5.0
miami_housing,Regression,15,3483,8,xgb,sage,permutation,8.0,1.0,6.0,2.0,5.0,3.0,7.0,,4.0,7.0,4.0,6.0,3.0,2.0,5.0,1.0,,8.0,7.0,6.0,3.0,4.0,1.0,2.0,8.0,,5.0,7.0,6.0,3.0,4.0,2.0,1.0,8.0,,5.0,2.0,3.0,3.0,3.0,1.0,1.0,3.0,,3.0
miami_housing,Regression,15,3483,8,xgb,shap,kernel,8.0,1.0,2.0,6.0,5.0,4.0,7.0,,3.0,7.0,6.0,3.0,4.0,5.0,1.0,2.0,,8.0,7.0,6.0,3.0,2.0,1.0,4.0,8.0,,5.0,7.0,6.0,3.0,4.0,2.0,1.0,8.0,,5.0,7.0,6.0,4.0,2.0,1.0,3.0,8.0,,5.0
miami_housing,Regression,15,3483,8,xgb,shapiq,kernel,8.0,1.0,3.0,4.0,5.0,2.0,7.0,,6.0,2.0,3.0,8.0,5.0,6.0,1.0,7.0,,4.0,7.0,6.0,4.0,2.0,1.0,3.0,8.0,,5.0,7.0,6.0,3.0,4.0,2.0,1.0,8.0,,5.0,7.0,5.0,3.0,2.0,1.0,4.0,8.0,,6.0
miami_housing,Regression,15,3483,16,nn,sage,permutation,8.0,1.0,3.0,2.0,5.0,4.0,7.0,,6.0,2.0,8.0,6.0,4.0,5.0,7.0,1.0,,3.0,7.0,6.0,2.0,1.0,4.0,3.0,8.0,,5.0,7.0,5.0,2.0,4.0,1.0,3.0,8.0,,6.0,2.0,3.0,1.0,1.0,1.0,1.0,5.0,,4.0
miami_housing,Regression,15,3483,16,nn,shap,kernel,8.0,1.0,2.0,3.0,5.0,4.0,7.0,,6.0,8.0,2.0,7.0,5.0,6.0,1.0,4.0,,3.0,6.0,7.0,1.0,4.0,2.0,3.0,8.0,,5.0,7.0,5.0,2.0,4.0,1.0,3.0,8.0,,6.0,5.0,6.0,1.0,4.0,2.0,3.0,8.0,,7.0
miami_housing,Regression,15,3483,16,nn,shapiq,kernel,8.0,1.0,2.0,4.0,5.0,3.0,7.0,,6.0,1.0,3.0,6.0,5.0,4.0,8.0,7.0,,2.0,6.0,5.0,2.0,4.0,1.0,3.0,8.0,,7.0,7.0,5.0,2.0,4.0,1.0,3.0,8.0,,6.0,6.0,5.0,2.0,3.0,1.0,4.0,8.0,,7.0
miami_housing,Regression,15,3483,16,xgb,sage,permutation,8.0,1.0,3.0,2.0,5.0,4.0,7.0,,6.0,2.0,3.0,6.0,7.0,4.0,5.0,1.0,,8.0,7.0,5.0,3.0,2.0,4.0,1.0,8.0,,6.0,7.0,5.0,2.0,3.0,1.0,4.0,8.0,,6.0,2.0,3.0,1.0,1.0,1.0,1.0,4.0,,4.0
miami_housing,Regression,15,3483,16,xgb,shap,kernel,8.0,1.0,3.0,4.0,5.0,2.0,7.0,,6.0,7.0,6.0,5.0,3.0,4.0,1.0,2.0,,8.0,7.0,6.0,2.0,3.0,4.0,1.0,8.0,,5.0,7.0,5.0,2.0,3.0,1.0,4.0,8.0,,6.0,7.0,5.0,3.0,2.0,4.0,1.0,8.0,,6.0
miami_housing,Regression,15,3483,16,xgb,shapiq,kernel,8.0,1.0,3.0,4.0,6.0,2.0,7.0,,5.0,2.0,3.0,7.0,5.0,6.0,1.0,8.0,,4.0,7.0,6.0,4.0,3.0,2.0,1.0,8.0,,5.0,7.0,5.0,2.0,3.0,1.0,4.0,8.0,,6.0,7.0,5.0,4.0,3.0,1.0,2.0,8.0,,6.0
miami_housing,Regression,15,3483,32,nn,sage,permutation,8.0,1.0,2.0,3.0,5.0,4.0,6.0,,7.0,5.0,8.0,3.0,4.0,6.0,7.0,1.0,,2.0,7.0,6.0,3.0,4.0,1.0,2.0,8.0,,5.0,6.0,5.0,4.0,3.0,1.0,2.0,8.0,,7.0,3.0,2.0,1.0,2.0,1.0,1.0,4.0,,1.0
miami_housing,Regression,15,3483,32,nn,shap,kernel,8.0,1.0,3.0,2.0,5.0,4.0,6.0,,7.0,8.0,3.0,6.0,5.0,7.0,1.0,4.0,,2.0,7.0,6.0,1.0,4.0,2.0,3.0,8.0,,5.0,6.0,5.0,4.0,3.0,1.0,2.0,8.0,,7.0,7.0,6.0,1.0,4.0,3.0,2.0,8.0,,5.0
miami_housing,Regression,15,3483,32,nn,shapiq,kernel,8.0,1.0,3.0,5.0,4.0,2.0,7.0,,6.0,2.0,3.0,6.0,5.0,4.0,8.0,7.0,,1.0,7.0,6.0,3.0,4.0,1.0,2.0,8.0,,5.0,6.0,5.0,4.0,3.0,1.0,2.0,8.0,,7.0,7.0,6.0,3.0,4.0,2.0,1.0,8.0,,5.0
miami_housing,Regression,15,3483,32,xgb,sage,permutation,8.0,1.0,3.0,2.0,5.0,4.0,6.0,,7.0,7.0,3.0,2.0,4.0,6.0,5.0,1.0,,8.0,6.0,5.0,4.0,3.0,1.0,2.0,8.0,,7.0,6.0,5.0,4.0,2.0,1.0,3.0,8.0,,7.0,4.0,1.0,1.0,3.0,3.0,2.0,6.0,,5.0
miami_housing,Regression,15,3483,32,xgb,shap,kernel,8.0,1.0,2.0,4.0,5.0,3.0,6.0,,7.0,7.0,6.0,5.0,3.0,4.0,1.0,2.0,,8.0,7.0,5.0,2.0,3.0,1.0,4.0,8.0,,6.0,6.0,5.0,4.0,2.0,1.0,3.0,8.0,,7.0,7.0,5.0,2.0,4.0,1.0,3.0,8.0,,6.0
miami_housing,Regression,15,3483,32,xgb,shapiq,kernel,8.0,1.0,3.0,4.0,5.0,2.0,6.0,,7.0,2.0,3.0,8.0,5.0,6.0,1.0,7.0,,4.0,7.0,5.0,2.0,4.0,1.0,3.0,8.0,,6.0,6.0,5.0,4.0,2.0,1.0,3.0,8.0,,7.0,7.0,6.0,2.0,4.0,1.0,3.0,8.0,,5.0
miami_housing,Regression,15,3483,64,nn,sage,permutation,8.0,1.0,3.0,2.0,5.0,4.0,6.0,,7.0,3.0,6.0,7.0,4.0,5.0,8.0,1.0,,2.0,5.0,7.0,2.0,4.0,1.0,3.0,8.0,,6.0,6.0,5.0,2.0,3.0,1.0,4.0,8.0,,7.0,2.0,3.0,1.0,1.0,1.0,1.0,5.0,,4.0
miami_housing,Regression,15,3483,64,nn,shap,kernel,8.0,1.0,4.0,3.0,5.0,2.0,6.0,,7.0,8.0,2.0,5.0,4.0,6.0,1.0,7.0,,3.0,6.0,7.0,4.0,1.0,2.0,3.0,8.0,,5.0,6.0,5.0,2.0,3.0,1.0,4.0,8.0,,7.0,7.0,6.0,4.0,1.0,2.0,3.0,8.0,,5.0
miami_housing,Regression,15,3483,64,nn,shapiq,kernel,8.0,1.0,2.0,4.0,5.0,3.0,6.0,,7.0,2.0,3.0,7.0,5.0,4.0,8.0,6.0,,1.0,6.0,5.0,4.0,1.0,3.0,2.0,8.0,,7.0,6.0,5.0,2.0,3.0,1.0,4.0,8.0,,7.0,7.0,5.0,4.0,3.0,2.0,1.0,8.0,,6.0
miami_housing,Regression,15,3483,64,xgb,sage,permutation,8.0,1.0,2.0,4.0,5.0,3.0,6.0,,7.0,7.0,5.0,3.0,4.0,2.0,6.0,1.0,,8.0,7.0,5.0,3.0,4.0,1.0,2.0,8.0,,6.0,6.0,5.0,2.0,3.0,1.0,4.0,8.0,,7.0,4.0,3.0,1.0,1.0,2.0,1.0,5.0,,5.0
miami_housing,Regression,15,3483,64,xgb,shap,kernel,8.0,1.0,4.0,3.0,5.0,2.0,6.0,,7.0,7.0,6.0,5.0,3.0,4.0,1.0,2.0,,8.0,7.0,5.0,4.0,3.0,2.0,1.0,8.0,,6.0,6.0,5.0,2.0,3.0,1.0,4.0,8.0,,7.0,7.0,5.0,4.0,2.0,3.0,1.0,8.0,,6.0
miami_housing,Regression,15,3483,64,xgb,shapiq,kernel,8.0,1.0,5.0,3.0,4.0,2.0,6.0,,7.0,3.0,2.0,8.0,4.0,5.0,1.0,6.0,,7.0,7.0,5.0,3.0,4.0,1.0,2.0,8.0,,6.0,6.0,5.0,2.0,3.0,1.0,4.0,8.0,,7.0,7.0,6.0,3.0,4.0,2.0,1.0,8.0,,5.0
miami_housing,Regression,15,3483,128,nn,sage,permutation,8.0,1.0,2.0,3.0,5.0,4.0,6.0,,7.0,3.0,4.0,7.0,5.0,6.0,8.0,1.0,,2.0,5.0,6.0,1.0,3.0,2.0,4.0,8.0,,7.0,6.0,5.0,3.0,2.0,1.0,4.0,8.0,,7.0,2.0,2.0,1.0,1.0,1.0,1.0,3.0,,1.0
miami_housing,Regression,15,3483,128,nn,shap,kernel,8.0,1.0,2.0,4.0,5.0,3.0,6.0,,7.0,8.0,7.0,4.0,5.0,3.0,1.0,6.0,,2.0,5.0,6.0,2.0,3.0,1.0,4.0,8.0,,7.0,6.0,5.0,3.0,2.0,1.0,4.0,8.0,,7.0,5.0,6.0,2.0,3.0,1.0,4.0,8.0,,7.0
miami_housing,Regression,15,3483,128,nn,shapiq,kernel,8.0,1.0,4.0,3.0,5.0,2.0,6.0,,7.0,2.0,3.0,7.0,6.0,4.0,8.0,5.0,,1.0,6.0,5.0,2.0,4.0,1.0,3.0,8.0,,7.0,6.0,5.0,3.0,2.0,1.0,4.0,8.0,,7.0,6.0,5.0,2.0,3.0,1.0,4.0,8.0,,7.0
miami_housing,Regression,15,3483,128,xgb,sage,permutation,8.0,1.0,3.0,2.0,5.0,4.0,6.0,,7.0,7.0,3.0,2.0,4.0,5.0,8.0,1.0,,6.0,7.0,5.0,2.0,1.0,3.0,4.0,8.0,,6.0,6.0,5.0,3.0,2.0,1.0,4.0,8.0,,7.0,6.0,4.0,1.0,3.0,2.0,5.0,8.0,,7.0
miami_housing,Regression,15,3483,128,xgb,shap,kernel,8.0,1.0,5.0,2.0,4.0,3.0,6.0,,7.0,7.0,6.0,5.0,3.0,4.0,1.0,2.0,,8.0,6.0,5.0,3.0,2.0,1.0,4.0,8.0,,7.0,6.0,5.0,3.0,2.0,1.0,4.0,8.0,,7.0,7.0,5.0,3.0,2.0,1.0,4.0,8.0,,6.0
miami_housing,Regression,15,3483,128,xgb,shapiq,kernel,8.0,1.0,3.0,4.0,5.0,2.0,6.0,,7.0,3.0,2.0,7.0,4.0,5.0,1.0,6.0,,8.0,6.0,5.0,4.0,3.0,1.0,2.0,8.0,,7.0,6.0,5.0,3.0,2.0,1.0,4.0,8.0,,7.0,7.0,5.0,3.0,4.0,1.0,2.0,8.0,,6.0
naval_propulsion_plant,Regression,14,2984,8,nn,sage,permutation,8.0,1.0,3.0,5.0,6.0,2.0,7.0,,4.0,5.0,6.0,4.0,3.0,8.0,7.0,2.0,,1.0,5.0,6.0,4.0,3.0,2.0,1.0,7.0,,8.0,5.0,6.0,3.0,2.0,4.0,1.0,7.0,,8.0,5.0,7.0,3.0,4.0,1.0,2.0,8.0,,6.0
naval_propulsion_plant,Regression,14,2984,8,nn,shap,kernel,8.0,1.0,5.0,4.0,6.0,3.0,7.0,,2.0,2.0,8.0,7.0,5.0,6.0,3.0,4.0,,1.0,5.0,6.0,3.0,4.0,2.0,1.0,8.0,,7.0,5.0,6.0,3.0,2.0,4.0,1.0,7.0,,8.0,5.0,6.0,1.0,4.0,3.0,2.0,7.0,,8.0
naval_propulsion_plant,Regression,14,2984,8,nn,shapiq,kernel,8.0,1.0,3.0,5.0,6.0,2.0,7.0,,4.0,5.0,1.0,6.0,4.0,3.0,8.0,7.0,,2.0,5.0,6.0,2.0,3.0,4.0,1.0,7.0,,8.0,5.0,6.0,3.0,2.0,4.0,1.0,7.0,,8.0,5.0,6.0,2.0,4.0,3.0,1.0,8.0,,7.0
naval_propulsion_plant,Regression,14,2984,8,xgb,sage,permutation,8.0,1.0,2.0,3.0,5.0,4.0,7.0,,6.0,5.0,4.0,1.0,3.0,6.0,8.0,2.0,,7.0,6.0,5.0,4.0,3.0,2.0,1.0,8.0,,7.0,5.0,6.0,2.0,1.0,4.0,3.0,7.0,,8.0,2.0,1.0,1.0,1.0,1.0,1.0,4.0,,3.0
naval_propulsion_plant,Regression,14,2984,8,xgb,shap,kernel,8.0,1.0,6.0,2.0,3.0,5.0,7.0,,4.0,8.0,2.0,3.0,4.0,5.0,7.0,1.0,,6.0,6.0,5.0,4.0,3.0,1.0,2.0,8.0,,7.0,5.0,6.0,2.0,1.0,4.0,3.0,7.0,,8.0,5.0,6.0,4.0,1.0,3.0,2.0,8.0,,7.0
naval_propulsion_plant,Regression,14,2984,8,xgb,shapiq,kernel,8.0,1.0,6.0,5.0,4.0,2.0,7.0,,3.0,2.0,1.0,6.0,4.0,3.0,8.0,5.0,,7.0,6.0,5.0,3.0,4.0,2.0,1.0,8.0,,7.0,5.0,6.0,2.0,1.0,4.0,3.0,7.0,,8.0,6.0,5.0,3.0,4.0,2.0,1.0,8.0,,7.0
naval_propulsion_plant,Regression,14,2984,16,nn,sage,permutation,8.0,1.0,3.0,4.0,5.0,2.0,6.0,,7.0,3.0,4.0,8.0,7.0,5.0,6.0,2.0,,1.0,5.0,6.0,1.0,3.0,2.0,4.0,7.0,,8.0,5.0,6.0,2.0,3.0,1.0,4.0,7.0,,8.0,4.0,5.0,3.0,2.0,1.0,2.0,6.0,,5.0
naval_propulsion_plant,Regression,14,2984,16,nn,shap,kernel,8.0,1.0,4.0,2.0,5.0,3.0,7.0,,6.0,1.0,8.0,7.0,5.0,6.0,3.0,4.0,,2.0,5.0,6.0,3.0,2.0,1.0,4.0,8.0,,7.0,5.0,6.0,2.0,3.0,1.0,4.0,7.0,,8.0,5.0,6.0,3.0,2.0,1.0,4.0,8.0,,7.0
naval_propulsion_plant,Regression,14,2984,16,nn,shapiq,kernel,8.0,1.0,3.0,4.0,5.0,2.0,6.0,,7.0,6.0,1.0,7.0,3.0,4.0,8.0,5.0,,2.0,5.0,6.0,2.0,3.0,1.0,4.0,7.0,,8.0,5.0,6.0,2.0,3.0,1.0,4.0,7.0,,8.0,5.0,6.0,3.0,4.0,1.0,2.0,8.0,,7.0
naval_propulsion_plant,Regression,14,2984,16,xgb,sage,permutation,8.0,1.0,3.0,2.0,5.0,4.0,6.0,,7.0,7.0,5.0,3.0,2.0,6.0,4.0,1.0,,8.0,5.0,6.0,3.0,4.0,2.0,1.0,8.0,,7.0,5.0,6.0,3.0,4.0,2.0,1.0,7.0,,8.0,1.0,1.0,1.0,1.0,1.0,1.0,3.0,,2.0
naval_propulsion_plant,Regression,14,2984,16,xgb,shap,kernel,8.0,1.0,3.0,2.0,5.0,4.0,6.0,,7.0,8.0,2.0,3.0,4.0,5.0,7.0,1.0,,6.0,5.0,6.0,4.0,3.0,1.0,2.0,8.0,,7.0,5.0,6.0,3.0,4.0,2.0,1.0,7.0,,8.0,5.0,6.0,2.0,4.0,1.0,3.0,8.0,,7.0
naval_propulsion_plant,Regression,14,2984,16,xgb,shapiq,kernel,8.0,1.0,4.0,2.0,5.0,3.0,6.0,,7.0,2.0,1.0,6.0,3.0,4.0,8.0,5.0,,7.0,5.0,6.0,3.0,4.0,2.0,1.0,8.0,,7.0,5.0,6.0,3.0,4.0,2.0,1.0,7.0,,8.0,5.0,6.0,3.0,4.0,2.0,1.0,8.0,,7.0
naval_propulsion_plant,Regression,14,2984,32,nn,sage,permutation,8.0,1.0,3.0,4.0,5.0,2.0,6.0,,7.0,3.0,5.0,8.0,7.0,6.0,4.0,2.0,,1.0,5.0,6.0,1.0,2.0,3.0,4.0,8.0,,7.0,5.0,6.0,1.0,2.0,4.0,3.0,8.0,,7.0,4.0,4.0,1.0,2.0,1.0,3.0,6.0,,5.0
naval_propulsion_plant,Regression,14,2984,32,nn,shap,kernel,8.0,1.0,5.0,3.0,4.0,2.0,6.0,,7.0,1.0,8.0,5.0,7.0,6.0,3.0,4.0,,2.0,5.0,6.0,2.0,1.0,4.0,3.0,8.0,,7.0,5.0,6.0,1.0,2.0,4.0,3.0,8.0,,7.0,5.0,6.0,1.0,2.0,3.0,4.0,7.0,,8.0
naval_propulsion_plant,Regression,14,2984,32,nn,shapiq,kernel,8.0,1.0,3.0,4.0,5.0,2.0,6.0,,7.0,7.0,1.0,6.0,3.0,5.0,8.0,4.0,,2.0,5.0,6.0,1.0,2.0,4.0,3.0,8.0,,7.0,5.0,6.0,1.0,2.0,4.0,3.0,8.0,,7.0,5.0,6.0,2.0,3.0,4.0,1.0,8.0,,7.0
naval_propulsion_plant,Regression,14,2984,32,xgb,sage,permutation,8.0,1.0,3.0,2.0,4.0,5.0,6.0,,7.0,7.0,6.0,3.0,2.0,5.0,4.0,1.0,,8.0,6.0,5.0,1.0,2.0,3.0,4.0,8.0,,7.0,5.0,6.0,1.0,2.0,4.0,3.0,8.0,,7.0,2.0,1.0,1.0,1.0,1.0,1.0,4.0,,3.0
naval_propulsion_plant,Regression,14,2984,32,xgb,shap,kernel,8.0,1.0,3.0,2.0,4.0,5.0,6.0,,7.0,8.0,2.0,4.0,3.0,5.0,7.0,1.0,,6.0,5.0,6.0,4.0,3.0,2.0,1.0,8.0,,7.0,5.0,6.0,1.0,2.0,4.0,3.0,8.0,,7.0,5.0,6.0,4.0,3.0,1.0,2.0,8.0,,7.0
naval_propulsion_plant,Regression,14,2984,32,xgb,shapiq,kernel,8.0,1.0,2.0,3.0,6.0,4.0,5.0,,7.0,2.0,1.0,6.0,3.0,5.0,8.0,4.0,,7.0,5.0,6.0,4.0,3.0,1.0,2.0,8.0,,7.0,5.0,6.0,1.0,2.0,4.0,3.0,8.0,,7.0,6.0,5.0,3.0,2.0,1.0,4.0,8.0,,7.0
naval_propulsion_plant,Regression,14,2984,64,nn,sage,permutation,8.0,1.0,3.0,4.0,5.0,2.0,6.0,,7.0,3.0,4.0,8.0,7.0,5.0,6.0,2.0,,1.0,5.0,6.0,1.0,3.0,4.0,2.0,8.0,,7.0,5.0,6.0,2.0,4.0,3.0,1.0,8.0,,7.0,4.0,5.0,2.0,2.0,1.0,3.0,7.0,,6.0
naval_propulsion_plant,Regression,14,2984,64,nn,shap,kernel,8.0,1.0,5.0,3.0,4.0,2.0,6.0,,7.0,1.0,8.0,6.0,4.0,5.0,3.0,7.0,,2.0,5.0,6.0,3.0,2.0,1.0,4.0,8.0,,7.0,5.0,6.0,2.0,4.0,3.0,1.0,8.0,,7.0,5.0,6.0,3.0,4.0,1.0,2.0,8.0,,7.0
naval_propulsion_plant,Regression,14,2984,64,nn,shapiq,kernel,8.0,1.0,4.0,2.0,5.0,3.0,6.0,,7.0,7.0,1.0,6.0,3.0,5.0,8.0,4.0,,2.0,5.0,6.0,4.0,2.0,1.0,3.0,8.0,,7.0,5.0,6.0,2.0,4.0,3.0,1.0,8.0,,7.0,5.0,6.0,2.0,4.0,1.0,3.0,8.0,,7.0
naval_propulsion_plant,Regression,14,2984,64,xgb,sage,permutation,8.0,1.0,3.0,2.0,5.0,4.0,6.0,,7.0,2.0,7.0,6.0,5.0,4.0,3.0,1.0,,8.0,5.0,6.0,4.0,1.0,2.0,3.0,8.0,,7.0,5.0,6.0,2.0,4.0,3.0,1.0,8.0,,7.0,1.0,1.0,1.0,1.0,1.0,1.0,2.0,,1.0
naval_propulsion_plant,Regression,14,2984,64,xgb,shap,kernel,8.0,1.0,2.0,3.0,4.0,6.0,5.0,,7.0,8.0,2.0,3.0,5.0,4.0,7.0,1.0,,6.0,5.0,6.0,4.0,3.0,1.0,2.0,8.0,,7.0,5.0,6.0,2.0,4.0,3.0,1.0,8.0,,7.0,5.0,6.0,4.0,2.0,1.0,3.0,8.0,,7.0
naval_propulsion_plant,Regression,14,2984,64,xgb,shapiq,kernel,8.0,1.0,3.0,2.0,5.0,6.0,4.0,,7.0,2.0,1.0,4.0,3.0,5.0,8.0,6.0,,7.0,5.0,6.0,4.0,3.0,1.0,2.0,8.0,,7.0,5.0,6.0,2.0,4.0,3.0,1.0,8.0,,7.0,5.0,6.0,4.0,2.0,1.0,3.0,8.0,,7.0
naval_propulsion_plant,Regression,14,2984,128,nn,sage,permutation,8.0,1.0,3.0,4.0,5.0,2.0,6.0,,7.0,3.0,4.0,5.0,7.0,8.0,6.0,2.0,,1.0,5.0,6.0,3.0,2.0,1.0,4.0,8.0,,7.0,6.0,5.0,3.0,4.0,1.0,2.0,8.0,,7.0,5.0,6.0,4.0,2.0,1.0,3.0,8.0,,7.0
naval_propulsion_plant,Regression,14,2984,128,nn,shap,kernel,8.0,1.0,4.0,3.0,5.0,2.0,6.0,,7.0,1.0,8.0,6.0,7.0,5.0,3.0,4.0,,2.0,5.0,6.0,1.0,3.0,2.0,4.0,8.0,,7.0,6.0,5.0,3.0,4.0,1.0,2.0,8.0,,7.0,6.0,5.0,2.0,4.0,1.0,3.0,8.0,,7.0
naval_propulsion_plant,Regression,14,2984,128,nn,shapiq,kernel,8.0,1.0,3.0,4.0,5.0,2.0,6.0,,7.0,7.0,1.0,6.0,5.0,4.0,8.0,3.0,,2.0,5.0,6.0,2.0,3.0,1.0,4.0,8.0,,7.0,6.0,5.0,3.0,4.0,1.0,2.0,8.0,,7.0,6.0,5.0,3.0,4.0,2.0,1.0,8.0,,7.0
naval_propulsion_plant,Regression,14,2984,128,xgb,sage,permutation,8.0,1.0,2.0,3.0,5.0,4.0,6.0,,7.0,2.0,5.0,7.0,3.0,6.0,4.0,1.0,,8.0,6.0,3.0,4.0,2.0,5.0,1.0,8.0,,7.0,6.0,5.0,2.0,4.0,1.0,3.0,8.0,,7.0,1.0,1.0,1.0,1.0,1.0,1.0,2.0,,1.0
naval_propulsion_plant,Regression,14,2984,128,xgb,shap,kernel,8.0,1.0,4.0,2.0,5.0,3.0,6.0,,7.0,8.0,3.0,2.0,4.0,5.0,7.0,1.0,,6.0,6.0,5.0,2.0,3.0,1.0,4.0,8.0,,7.0,6.0,5.0,2.0,4.0,1.0,3.0,8.0,,7.0,6.0,5.0,2.0,3.0,1.0,4.0,8.0,,7.0
naval_propulsion_plant,Regression,14,2984,128,xgb,shapiq,kernel,8.0,1.0,3.0,4.0,5.0,2.0,6.0,,7.0,2.0,1.0,6.0,3.0,5.0,8.0,4.0,,7.0,6.0,5.0,3.0,4.0,1.0,2.0,8.0,,7.0,6.0,5.0,2.0,4.0,1.0,3.0,8.0,,7.0,6.0,5.0,2.0,4.0,1.0,3.0,8.0,,7.0
nomao,Classification,118,8335,16,nn,expected_gradients,na,9.0,1.0,4.0,3.0,7.0,5.0,8.0,2.0,6.0,4.0,8.0,3.0,6.0,7.0,2.0,5.0,9.0,1.0,6.0,5.0,4.0,1.0,2.0,4.0,7.0,3.0,8.0,6.0,5.0,2.0,3.0,4.0,2.0,8.0,1.0,7.0,6.0,5.0,2.0,1.0,3.0,2.0,7.0,4.0,8.0
nomao,Classification,118,8335,32,nn,expected_gradients,na,9.0,1.0,4.0,3.0,6.0,5.0,8.0,2.0,7.0,3.0,8.0,6.0,5.0,7.0,2.0,4.0,9.0,1.0,5.0,6.0,4.0,1.0,2.0,4.0,8.0,3.0,7.0,6.0,5.0,2.0,4.0,3.0,2.0,8.0,1.0,7.0,6.0,5.0,4.0,1.0,2.0,4.0,7.0,3.0,8.0
nomao,Classification,118,8335,64,nn,expected_gradients,na,9.0,1.0,4.0,3.0,6.0,5.0,8.0,2.0,7.0,5.0,8.0,4.0,6.0,7.0,2.0,3.0,9.0,1.0,7.0,6.0,4.0,2.0,1.0,3.0,9.0,5.0,8.0,7.0,6.0,1.0,2.0,4.0,3.0,9.0,5.0,8.0,7.0,6.0,3.0,2.0,1.0,4.0,9.0,5.0,8.0
nomao,Classification,118,8335,128,nn,expected_gradients,na,9.0,1.0,4.0,3.0,6.0,5.0,7.0,2.0,8.0,7.0,8.0,4.0,5.0,6.0,2.0,3.0,9.0,1.0,7.0,6.0,3.0,1.0,2.0,4.0,9.0,5.0,8.0,7.0,6.0,1.0,3.0,4.0,2.0,9.0,5.0,8.0,7.0,6.0,3.0,2.0,1.0,4.0,9.0,5.0,8.0
nomao,Classification,118,8335,256,nn,expected_gradients,na,8.0,1.0,3.0,2.0,5.0,4.0,6.0,,7.0,6.0,8.0,4.0,5.0,7.0,3.0,2.0,,1.0,6.0,5.0,3.0,2.0,1.0,4.0,8.0,,7.0,6.0,5.0,2.0,4.0,3.0,1.0,8.0,,7.0,6.0,5.0,3.0,2.0,1.0,4.0,8.0,,7.0
numerai28.6,Classification,21,24080,32,nn,shap,kernel,,1.0,5.0,4.0,7.0,6.0,8.0,2.0,3.0,,4.0,8.0,5.0,6.0,1.0,7.0,2.0,3.0,,7.0,2.0,4.0,1.0,3.0,8.0,5.0,6.0,,5.0,1.0,3.0,2.0,1.0,7.0,4.0,6.0,,7.0,3.0,4.0,1.0,2.0,8.0,5.0,6.0
numerai28.6,Classification,21,24080,32,nn,shapiq,kernel,,,,,,2.0,,1.0,,,,,,,2.0,,1.0,,,,,,,1.0,,2.0,,,,,,,1.0,,2.0,,,,,,,1.0,,2.0,
numerai28.6,Classification,21,24080,32,xgb,shap,kernel,,1.0,5.0,4.0,6.0,,7.0,2.0,3.0,,1.0,5.0,4.0,6.0,,3.0,2.0,7.0,,5.0,1.0,2.0,3.0,,7.0,4.0,6.0,,5.0,1.0,3.0,2.0,,7.0,4.0,6.0,,5.0,1.0,2.0,3.0,,7.0,4.0,6.0
numerai28.6,Classification,21,24080,64,nn,shap,kernel,,1.0,5.0,4.0,7.0,6.0,8.0,2.0,3.0,,4.0,8.0,5.0,6.0,1.0,7.0,2.0,3.0,,6.0,4.0,2.0,1.0,3.0,8.0,7.0,5.0,,6.0,2.0,4.0,1.0,3.0,8.0,5.0,7.0,,6.0,4.0,2.0,1.0,3.0,8.0,7.0,5.0
numerai28.6,Classification,21,24080,64,nn,shapiq,kernel,,,,,,2.0,,1.0,,,,,,,2.0,,1.0,,,,,,,1.0,,2.0,,,,,,,1.0,,2.0,,,,,,,1.0,,2.0,
numerai28.6,Classification,21,24080,64,xgb,shap,kernel,,1.0,5.0,4.0,6.0,,7.0,2.0,3.0,,1.0,6.0,5.0,4.0,,3.0,2.0,7.0,,5.0,1.0,4.0,2.0,,7.0,3.0,6.0,,5.0,2.0,3.0,1.0,,7.0,4.0,6.0,,5.0,1.0,4.0,2.0,,7.0,3.0,6.0
numerai28.6,Classification,21,24080,128,nn,shap,kernel,,1.0,5.0,4.0,7.0,6.0,8.0,2.0,3.0,,4.0,8.0,5.0,6.0,1.0,7.0,2.0,3.0,,6.0,4.0,1.0,2.0,3.0,8.0,7.0,5.0,,6.0,3.0,2.0,1.0,4.0,8.0,5.0,7.0,,6.0,4.0,1.0,3.0,2.0,8.0,7.0,5.0
numerai28.6,Classification,21,24080,128,nn,shapiq,kernel,,,,,,2.0,,1.0,,,,,,,2.0,,1.0,,,,,,,1.0,,2.0,,,,,,,1.0,,2.0,,,,,,,1.0,,2.0,
numerai28.6,Classification,21,24080,128,xgb,shap,kernel,,1.0,5.0,4.0,6.0,,7.0,2.0,3.0,,1.0,6.0,4.0,5.0,,3.0,2.0,7.0,,5.0,3.0,2.0,1.0,,7.0,4.0,6.0,,5.0,3.0,2.0,1.0,,7.0,4.0,6.0,,5.0,3.0,2.0,1.0,,7.0,4.0,6.0
numerai28.6,Classification,21,24080,256,nn,shap,kernel,,1.0,5.0,4.0,7.0,6.0,8.0,2.0,3.0,,4.0,8.0,6.0,5.0,1.0,7.0,2.0,3.0,,6.0,3.0,4.0,1.0,2.0,8.0,7.0,5.0,,5.0,3.0,2.0,1.0,4.0,8.0,6.0,7.0,,6.0,1.0,3.0,2.0,4.0,8.0,7.0,5.0
numerai28.6,Classification,21,24080,256,nn,shapiq,kernel,,,,,,2.0,,1.0,,,,,,,2.0,,1.0,,,,,,,1.0,,2.0,,,,,,,1.0,,2.0,,,,,,,1.0,,2.0,
numerai28.6,Classification,21,24080,256,xgb,shap,kernel,,1.0,5.0,4.0,6.0,,7.0,2.0,3.0,,1.0,5.0,4.0,6.0,,3.0,2.0,7.0,,5.0,3.0,1.0,2.0,,7.0,4.0,6.0,,5.0,3.0,2.0,1.0,,7.0,4.0,6.0,,5.0,3.0,2.0,1.0,,7.0,4.0,6.0
numerai28.6,Classification,21,24080,512,nn,shap,kernel,,1.0,4.0,2.0,6.0,5.0,7.0,,3.0,,3.0,7.0,5.0,4.0,1.0,6.0,,2.0,,6.0,4.0,2.0,1.0,3.0,7.0,,5.0,,6.0,3.0,2.0,1.0,4.0,7.0,,5.0,,6.0,1.0,3.0,2.0,4.0,7.0,,5.0
numerai28.6,Classification,21,24080,512,xgb,shap,kernel,,1.0,3.0,2.0,5.0,,6.0,,4.0,,1.0,3.0,5.0,4.0,,2.0,,6.0,,4.0,3.0,2.0,1.0,,6.0,,5.0,,5.0,3.0,2.0,1.0,,6.0,,4.0,,4.0,3.0,2.0,1.0,,6.0,,5.0
optdigits,Classification,62,1405,8,nn,expected_gradients,na,9.0,1.0,5.0,4.0,6.0,3.0,7.0,2.0,8.0,9.0,7.0,3.0,5.0,6.0,8.0,4.0,2.0,1.0,8.0,7.0,3.0,5.0,2.0,1.0,9.0,4.0,6.0,8.0,6.0,3.0,5.0,1.0,2.0,9.0,4.0,7.0,7.0,8.0,5.0,2.0,3.0,1.0,9.0,4.0,6.0
optdigits,Classification,62,1405,16,nn,expected_gradients,na,9.0,1.0,3.0,4.0,6.0,5.0,8.0,2.0,7.0,9.0,7.0,3.0,5.0,6.0,8.0,4.0,2.0,1.0,7.0,6.0,4.0,2.0,1.0,3.0,9.0,5.0,8.0,7.0,6.0,5.0,2.0,3.0,4.0,9.0,1.0,8.0,7.0,6.0,3.0,4.0,2.0,1.0,9.0,5.0,8.0
optdigits,Classification,62,1405,32,nn,expected_gradients,na,9.0,1.0,3.0,5.0,6.0,4.0,7.0,2.0,8.0,9.0,7.0,2.0,4.0,5.0,8.0,3.0,6.0,1.0,6.0,7.0,3.0,2.0,4.0,1.0,9.0,5.0,8.0,7.0,6.0,3.0,5.0,4.0,2.0,9.0,1.0,8.0,6.0,7.0,4.0,3.0,2.0,1.0,9.0,5.0,8.0
optdigits,Classification,62,1405,64,nn,expected_gradients,na,9.0,1.0,4.0,3.0,6.0,5.0,7.0,2.0,8.0,9.0,6.0,2.0,4.0,5.0,8.0,3.0,7.0,1.0,7.0,6.0,3.0,1.0,4.0,2.0,9.0,5.0,8.0,7.0,6.0,3.0,4.0,1.0,2.0,9.0,5.0,8.0,7.0,6.0,2.0,1.0,3.0,4.0,9.0,5.0,8.0
optdigits,Classification,62,1405,128,nn,expected_gradients,na,9.0,1.0,3.0,4.0,6.0,5.0,7.0,2.0,8.0,9.0,7.0,4.0,3.0,6.0,8.0,5.0,2.0,1.0,7.0,6.0,2.0,4.0,1.0,3.0,9.0,5.0,8.0,8.0,6.0,3.0,4.0,2.0,1.0,9.0,5.0,7.0,7.0,6.0,2.0,1.0,4.0,3.0,9.0,5.0,8.0
pendigits,Classification,16,2748,8,nn,sage,permutation,8.0,1.0,4.0,2.0,6.0,3.0,7.0,,5.0,6.0,2.0,8.0,3.0,4.0,7.0,1.0,,5.0,2.0,3.0,4.0,7.0,5.0,6.0,8.0,,1.0,6.0,7.0,4.0,3.0,2.0,1.0,8.0,,5.0,4.0,3.0,6.0,8.0,7.0,5.0,2.0,,1.0
pendigits,Classification,16,2748,8,nn,shap,kernel,8.0,1.0,6.0,5.0,4.0,2.0,7.0,,3.0,8.0,3.0,5.0,6.0,4.0,7.0,1.0,,2.0,6.0,7.0,4.0,3.0,2.0,1.0,8.0,,5.0,6.0,7.0,4.0,3.0,2.0,1.0,8.0,,5.0,6.0,7.0,3.0,1.0,4.0,2.0,8.0,,5.0
pendigits,Classification,16,2748,8,nn,shapiq,kernel,8.0,1.0,4.0,2.0,6.0,3.0,7.0,,5.0,1.0,8.0,4.0,6.0,7.0,2.0,5.0,,3.0,7.0,6.0,1.0,4.0,2.0,3.0,8.0,,5.0,6.0,7.0,4.0,3.0,2.0,1.0,8.0,,5.0,7.0,6.0,3.0,2.0,1.0,4.0,8.0,,5.0
pendigits,Classification,16,2748,8,xgb,sage,permutation,8.0,1.0,3.0,4.0,5.0,6.0,7.0,,2.0,3.0,4.0,6.0,8.0,7.0,5.0,2.0,,1.0,2.0,3.0,6.0,5.0,7.0,8.0,4.0,,1.0,6.0,7.0,4.0,3.0,2.0,1.0,8.0,,5.0,3.0,2.0,4.0,7.0,6.0,5.0,1.0,,4.0
pendigits,Classification,16,2748,8,xgb,shap,kernel,8.0,1.0,3.0,5.0,6.0,4.0,7.0,,2.0,6.0,2.0,4.0,3.0,5.0,8.0,1.0,,7.0,6.0,7.0,4.0,2.0,1.0,3.0,8.0,,5.0,6.0,7.0,4.0,3.0,2.0,1.0,8.0,,5.0,6.0,7.0,3.0,1.0,2.0,4.0,8.0,,5.0
pendigits,Classification,16,2748,8,xgb,shapiq,kernel,8.0,1.0,5.0,2.0,4.0,7.0,6.0,,3.0,2.0,1.0,4.0,7.0,5.0,8.0,6.0,,3.0,7.0,6.0,2.0,3.0,1.0,4.0,8.0,,5.0,6.0,7.0,4.0,3.0,2.0,1.0,8.0,,5.0,7.0,6.0,1.0,3.0,2.0,4.0,8.0,,5.0
pendigits,Classification,16,2748,16,nn,sage,permutation,9.0,1.0,4.0,3.0,6.0,5.0,8.0,2.0,7.0,3.0,7.0,5.0,8.0,6.0,1.0,4.0,9.0,2.0,8.0,7.0,5.0,3.0,4.0,1.0,9.0,2.0,6.0,8.0,7.0,5.0,3.0,4.0,2.0,9.0,1.0,6.0,4.0,3.0,1.0,1.0,2.0,1.0,5.0,2.0,2.0
pendigits,Classification,16,2748,16,nn,shap,kernel,9.0,1.0,4.0,3.0,6.0,5.0,8.0,2.0,7.0,7.0,4.0,6.0,5.0,8.0,2.0,3.0,9.0,1.0,8.0,7.0,5.0,3.0,4.0,1.0,9.0,2.0,6.0,8.0,7.0,5.0,3.0,4.0,2.0,9.0,1.0,6.0,8.0,7.0,5.0,3.0,4.0,1.0,9.0,2.0,6.0
pendigits,Classification,16,2748,16,nn,shapiq,kernel,9.0,1.0,6.0,3.0,5.0,4.0,8.0,2.0,7.0,1.0,8.0,5.0,6.0,7.0,2.0,4.0,9.0,3.0,8.0,7.0,5.0,4.0,2.0,3.0,9.0,1.0,6.0,8.0,7.0,5.0,3.0,4.0,2.0,9.0,1.0,6.0,8.0,7.0,4.0,2.0,5.0,3.0,9.0,1.0,6.0
pendigits,Classification,16,2748,16,xgb,sage,permutation,9.0,1.0,4.0,3.0,5.0,6.0,8.0,2.0,7.0,1.0,9.0,6.0,7.0,4.0,3.0,5.0,8.0,2.0,6.0,8.0,4.0,3.0,5.0,1.0,9.0,2.0,7.0,8.0,7.0,5.0,2.0,4.0,3.0,9.0,1.0,6.0,3.0,2.0,2.0,4.0,5.0,2.0,2.0,1.0,6.0
pendigits,Classification,16,2748,16,xgb,shap,kernel,9.0,1.0,3.0,5.0,4.0,6.0,8.0,2.0,7.0,6.0,3.0,4.0,2.0,5.0,8.0,1.0,9.0,7.0,7.0,6.0,3.0,2.0,4.0,5.0,9.0,1.0,8.0,8.0,7.0,5.0,2.0,4.0,3.0,9.0,1.0,6.0,8.0,6.0,3.0,4.0,2.0,5.0,9.0,1.0,7.0
pendigits,Classification,16,2748,16,xgb,shapiq,kernel,8.0,1.0,4.0,2.0,5.0,3.0,7.0,,6.0,2.0,1.0,4.0,5.0,6.0,8.0,7.0,,3.0,7.0,5.0,4.0,2.0,1.0,3.0,8.0,,6.0,7.0,6.0,4.0,1.0,3.0,2.0,8.0,,5.0,7.0,5.0,4.0,2.0,1.0,3.0,8.0,,6.0
pendigits,Classification,16,2748,32,nn,sage,permutation,9.0,1.0,4.0,3.0,6.0,5.0,7.0,2.0,8.0,3.0,6.0,5.0,7.0,4.0,8.0,2.0,9.0,1.0,8.0,7.0,3.0,4.0,6.0,2.0,9.0,1.0,5.0,8.0,7.0,3.0,4.0,2.0,5.0,9.0,1.0,6.0,6.0,5.0,4.0,2.0,2.0,3.0,7.0,1.0,1.0
pendigits,Classification,16,2748,32,nn,shap,kernel,9.0,1.0,4.0,3.0,6.0,5.0,7.0,2.0,8.0,4.0,9.0,6.0,7.0,8.0,2.0,5.0,3.0,1.0,8.0,7.0,5.0,4.0,2.0,3.0,9.0,1.0,6.0,8.0,7.0,3.0,4.0,2.0,5.0,9.0,1.0,6.0,8.0,7.0,5.0,4.0,2.0,3.0,9.0,1.0,6.0
pendigits,Classification,16,2748,32,nn,shapiq,kernel,9.0,1.0,5.0,4.0,6.0,3.0,8.0,2.0,7.0,1.0,8.0,5.0,7.0,6.0,3.0,4.0,9.0,2.0,8.0,7.0,5.0,4.0,2.0,3.0,9.0,1.0,6.0,8.0,7.0,3.0,4.0,2.0,5.0,9.0,1.0,6.0,8.0,7.0,4.0,5.0,2.0,3.0,9.0,1.0,6.0
pendigits,Classification,16,2748,32,xgb,sage,permutation,9.0,1.0,4.0,3.0,6.0,5.0,8.0,2.0,7.0,1.0,4.0,3.0,5.0,7.0,6.0,9.0,8.0,2.0,8.0,7.0,2.0,5.0,3.0,4.0,9.0,1.0,6.0,8.0,7.0,3.0,4.0,2.0,5.0,9.0,1.0,6.0,6.0,5.0,1.0,1.0,4.0,3.0,8.0,2.0,7.0
pendigits,Classification,16,2748,32,xgb,shap,kernel,9.0,1.0,5.0,3.0,4.0,6.0,8.0,2.0,7.0,6.0,5.0,3.0,2.0,4.0,8.0,1.0,9.0,7.0,8.0,7.0,5.0,4.0,2.0,3.0,9.0,1.0,6.0,8.0,7.0,3.0,4.0,2.0,5.0,9.0,1.0,6.0,8.0,7.0,4.0,5.0,2.0,3.0,9.0,1.0,6.0
pendigits,Classification,16,2748,32,xgb,shapiq,kernel,8.0,1.0,2.0,7.0,4.0,3.0,6.0,,5.0,2.0,1.0,4.0,7.0,5.0,8.0,6.0,,3.0,7.0,6.0,4.0,2.0,1.0,3.0,8.0,,5.0,7.0,6.0,2.0,3.0,1.0,4.0,8.0,,5.0,7.0,6.0,4.0,2.0,1.0,3.0,8.0,,5.0
pendigits,Classification,16,2748,64,nn,sage,permutation,9.0,1.0,4.0,3.0,6.0,5.0,7.0,2.0,8.0,1.0,3.0,6.0,7.0,8.0,5.0,2.0,9.0,4.0,8.0,7.0,5.0,4.0,2.0,3.0,9.0,1.0,6.0,7.0,8.0,5.0,4.0,2.0,3.0,9.0,1.0,6.0,2.0,1.0,1.0,1.0,1.0,1.0,3.0,1.0,1.0
pendigits,Classification,16,2748,64,nn,shap,kernel,9.0,1.0,4.0,3.0,6.0,5.0,7.0,2.0,8.0,4.0,9.0,6.0,7.0,8.0,2.0,5.0,3.0,1.0,7.0,8.0,5.0,3.0,2.0,4.0,9.0,1.0,6.0,7.0,8.0,5.0,4.0,2.0,3.0,9.0,1.0,6.0,7.0,8.0,3.0,4.0,2.0,5.0,9.0,1.0,6.0
pendigits,Classification,16,2748,64,nn,shapiq,kernel,9.0,1.0,3.0,4.0,6.0,5.0,7.0,2.0,8.0,1.0,8.0,4.0,7.0,6.0,3.0,5.0,9.0,2.0,8.0,7.0,5.0,4.0,2.0,3.0,9.0,1.0,6.0,7.0,8.0,5.0,4.0,2.0,3.0,9.0,1.0,6.0,8.0,7.0,5.0,4.0,2.0,3.0,9.0,1.0,6.0
pendigits,Classification,16,2748,64,xgb,sage,permutation,9.0,1.0,4.0,3.0,5.0,6.0,7.0,2.0,8.0,1.0,3.0,7.0,2.0,5.0,6.0,9.0,8.0,4.0,8.0,6.0,2.0,4.0,3.0,5.0,9.0,1.0,7.0,7.0,8.0,5.0,3.0,2.0,4.0,9.0,1.0,6.0,5.0,4.0,3.0,1.0,2.0,3.0,6.0,1.0,5.0
pendigits,Classification,16,2748,64,xgb,shap,kernel,9.0,1.0,4.0,3.0,5.0,6.0,7.0,2.0,8.0,6.0,5.0,4.0,2.0,3.0,8.0,1.0,9.0,7.0,8.0,7.0,5.0,4.0,1.0,3.0,9.0,2.0,6.0,7.0,8.0,5.0,3.0,2.0,4.0,9.0,1.0,6.0,8.0,7.0,5.0,4.0,2.0,3.0,9.0,1.0,6.0
pendigits,Classification,16,2748,64,xgb,shapiq,kernel,8.0,1.0,4.0,5.0,2.0,3.0,6.0,,7.0,2.0,1.0,4.0,7.0,6.0,8.0,5.0,,3.0,7.0,6.0,4.0,1.0,2.0,3.0,8.0,,5.0,6.0,7.0,4.0,2.0,1.0,3.0,8.0,,5.0,7.0,6.0,4.0,3.0,2.0,1.0,8.0,,5.0
pendigits,Classification,16,2748,128,nn,sage,permutation,9.0,1.0,4.0,3.0,6.0,5.0,7.0,2.0,8.0,3.0,6.0,5.0,7.0,4.0,8.0,1.0,9.0,2.0,8.0,2.0,6.0,3.0,5.0,4.0,9.0,1.0,7.0,8.0,7.0,5.0,3.0,2.0,4.0,9.0,1.0,6.0,1.0,1.0,1.0,1.0,1.0,1.0,2.0,1.0,1.0
pendigits,Classification,16,2748,128,nn,shap,kernel,9.0,1.0,4.0,3.0,6.0,5.0,7.0,2.0,8.0,4.0,9.0,8.0,6.0,7.0,2.0,5.0,3.0,1.0,8.0,6.0,5.0,3.0,2.0,4.0,9.0,1.0,7.0,8.0,7.0,5.0,3.0,2.0,4.0,9.0,1.0,6.0,8.0,6.0,3.0,4.0,2.0,5.0,9.0,1.0,7.0
pendigits,Classification,16,2748,128,nn,shapiq,kernel,9.0,1.0,6.0,4.0,5.0,3.0,7.0,2.0,8.0,1.0,8.0,4.0,7.0,5.0,3.0,6.0,9.0,2.0,8.0,6.0,5.0,4.0,2.0,3.0,9.0,1.0,7.0,8.0,7.0,5.0,3.0,2.0,4.0,9.0,1.0,6.0,8.0,6.0,5.0,3.0,2.0,4.0,9.0,1.0,7.0
pendigits,Classification,16,2748,128,xgb,sage,permutation,9.0,1.0,4.0,3.0,5.0,6.0,7.0,2.0,8.0,1.0,3.0,2.0,5.0,6.0,7.0,8.0,9.0,4.0,7.0,6.0,5.0,2.0,3.0,4.0,9.0,1.0,8.0,8.0,7.0,5.0,3.0,2.0,4.0,9.0,1.0,6.0,5.0,3.0,3.0,1.0,2.0,3.0,7.0,4.0,6.0
pendigits,Classification,16,2748,128,xgb,shap,kernel,9.0,1.0,3.0,4.0,6.0,5.0,7.0,2.0,8.0,6.0,5.0,3.0,4.0,2.0,8.0,1.0,9.0,7.0,8.0,6.0,5.0,4.0,2.0,3.0,9.0,1.0,7.0,8.0,7.0,5.0,3.0,2.0,4.0,9.0,1.0,6.0,8.0,6.0,5.0,4.0,2.0,3.0,9.0,1.0,7.0
pendigits,Classification,16,2748,128,xgb,shapiq,kernel,8.0,1.0,4.0,2.0,5.0,3.0,6.0,,7.0,2.0,1.0,4.0,6.0,7.0,8.0,5.0,,3.0,7.0,5.0,3.0,2.0,1.0,4.0,8.0,,6.0,7.0,6.0,4.0,2.0,1.0,3.0,8.0,,5.0,7.0,5.0,3.0,2.0,1.0,4.0,8.0,,6.0
phoneme,Classification,5,1351,8,nn,sage,permutation,9.0,1.0,6.0,5.0,8.0,4.0,7.0,2.0,3.0,5.0,6.0,4.0,8.0,7.0,2.0,1.0,3.0,9.0,8.0,7.0,5.0,1.0,2.0,4.0,9.0,6.0,3.0,7.0,8.0,4.0,2.0,1.0,3.0,9.0,5.0,6.0,1.0,1.0,1.0,1.0,1.0,1.0,1.0,1.0,1.0
phoneme,Classification,5,1351,8,nn,shap,kernel,9.0,1.0,7.0,4.0,6.0,5.0,8.0,2.0,3.0,1.0,9.0,6.0,4.0,8.0,3.0,7.0,5.0,2.0,8.0,6.0,4.0,1.0,3.0,2.0,9.0,7.0,5.0,7.0,8.0,4.0,2.0,1.0,3.0,9.0,5.0,6.0,1.0,1.0,1.0,1.0,1.0,1.0,1.0,1.0,1.0
phoneme,Classification,5,1351,8,nn,shapiq,kernel,9.0,1.0,5.0,4.0,7.0,6.0,8.0,2.0,3.0,1.0,9.0,8.0,7.0,5.0,4.0,6.0,3.0,2.0,7.0,8.0,4.0,2.0,3.0,1.0,9.0,5.0,6.0,7.0,8.0,4.0,2.0,1.0,3.0,9.0,5.0,6.0,6.0,7.0,3.0,5.0,2.0,1.0,9.0,4.0,8.0
phoneme,Classification,5,1351,8,xgb,sage,permutation,9.0,1.0,4.0,6.0,8.0,5.0,7.0,2.0,3.0,5.0,7.0,6.0,8.0,2.0,4.0,1.0,3.0,9.0,7.0,8.0,3.0,1.0,4.0,2.0,9.0,6.0,5.0,7.0,8.0,4.0,2.0,1.0,3.0,9.0,5.0,6.0,1.0,1.0,1.0,1.0,1.0,1.0,1.0,1.0,1.0
phoneme,Classification,5,1351,8,xgb,shap,kernel,9.0,1.0,5.0,4.0,8.0,7.0,6.0,2.0,3.0,3.0,8.0,6.0,9.0,5.0,7.0,4.0,2.0,1.0,7.0,6.0,4.0,1.0,3.0,2.0,9.0,8.0,5.0,7.0,8.0,4.0,2.0,1.0,3.0,9.0,5.0,6.0,1.0,1.0,1.0,1.0,1.0,1.0,1.0,1.0,1.0
phoneme,Classification,5,1351,8,xgb,shapiq,kernel,9.0,1.0,5.0,4.0,7.0,6.0,8.0,2.0,3.0,4.0,5.0,7.0,6.0,8.0,9.0,3.0,2.0,1.0,8.0,6.0,3.0,1.0,2.0,4.0,9.0,5.0,7.0,7.0,8.0,4.0,2.0,1.0,3.0,9.0,5.0,6.0,7.0,6.0,2.0,1.0,3.0,8.0,9.0,5.0,4.0
phoneme,Classification,5,1351,16,nn,sage,permutation,9.0,1.0,5.0,6.0,7.0,4.0,8.0,2.0,3.0,5.0,7.0,4.0,6.0,9.0,8.0,1.0,3.0,2.0,7.0,5.0,2.0,1.0,4.0,3.0,9.0,8.0,6.0,7.0,6.0,1.0,3.0,2.0,4.0,9.0,5.0,8.0,1.0,1.0,1.0,1.0,1.0,1.0,1.0,1.0,1.0
phoneme,Classification,5,1351,16,nn,shap,kernel,9.0,1.0,5.0,4.0,8.0,6.0,7.0,2.0,3.0,1.0,9.0,8.0,5.0,7.0,2.0,4.0,6.0,3.0,6.0,5.0,2.0,3.0,4.0,1.0,9.0,8.0,7.0,7.0,6.0,1.0,3.0,2.0,4.0,9.0,5.0,8.0,1.0,1.0,1.0,1.0,1.0,1.0,1.0,1.0,1.0
phoneme,Classification,5,1351,16,nn,shapiq,kernel,9.0,1.0,5.0,4.0,8.0,6.0,7.0,2.0,3.0,1.0,7.0,6.0,8.0,5.0,4.0,9.0,3.0,2.0,7.0,6.0,1.0,3.0,2.0,4.0,9.0,5.0,8.0,7.0,6.0,1.0,3.0,2.0,4.0,9.0,5.0,8.0,7.0,6.0,2.0,3.0,1.0,4.0,9.0,5.0,8.0
phoneme,Classification,5,1351,16,xgb,sage,permutation,9.0,1.0,5.0,4.0,7.0,6.0,8.0,2.0,3.0,6.0,7.0,5.0,3.0,4.0,8.0,1.0,2.0,9.0,6.0,5.0,1.0,3.0,2.0,4.0,9.0,7.0,8.0,7.0,6.0,1.0,3.0,2.0,4.0,9.0,5.0,8.0,1.0,1.0,1.0,1.0,1.0,1.0,1.0,1.0,1.0
phoneme,Classification,5,1351,16,xgb,shap,kernel,9.0,1.0,5.0,4.0,7.0,6.0,8.0,2.0,3.0,3.0,8.0,4.0,5.0,9.0,6.0,7.0,2.0,1.0,6.0,5.0,2.0,3.0,1.0,4.0,9.0,7.0,8.0,7.0,6.0,1.0,3.0,2.0,4.0,9.0,5.0,8.0,1.0,1.0,1.0,1.0,1.0,1.0,1.0,1.0,1.0
phoneme,Classification,5,1351,16,xgb,shapiq,kernel,9.0,1.0,4.0,3.0,5.0,6.0,8.0,2.0,7.0,7.0,8.0,6.0,5.0,4.0,9.0,3.0,2.0,1.0,7.0,5.0,1.0,2.0,3.0,4.0,9.0,6.0,8.0,7.0,6.0,1.0,3.0,2.0,4.0,9.0,5.0,8.0,6.0,2.0,3.0,8.0,4.0,1.0,9.0,5.0,7.0
phoneme,Classification,5,1351,32,nn,sage,permutation,9.0,1.0,5.0,3.0,8.0,4.0,7.0,2.0,6.0,4.0,6.0,7.0,9.0,8.0,5.0,2.0,3.0,1.0,6.0,7.0,2.0,4.0,1.0,3.0,9.0,8.0,5.0,7.0,6.0,3.0,2.0,1.0,4.0,9.0,5.0,8.0,1.0,1.0,1.0,1.0,1.0,1.0,1.0,1.0,1.0
phoneme,Classification,5,1351,32,nn,shap,kernel,9.0,1.0,6.0,3.0,8.0,4.0,7.0,2.0,5.0,1.0,9.0,6.0,8.0,7.0,2.0,5.0,4.0,3.0,6.0,7.0,3.0,4.0,1.0,2.0,9.0,8.0,5.0,7.0,6.0,3.0,2.0,1.0,4.0,9.0,5.0,8.0,1.0,1.0,1.0,1.0,1.0,1.0,1.0,1.0,1.0
phoneme,Classification,5,1351,32,nn,shapiq,kernel,9.0,1.0,4.0,3.0,7.0,5.0,8.0,2.0,6.0,1.0,4.0,7.0,8.0,9.0,5.0,6.0,3.0,2.0,6.0,5.0,3.0,1.0,4.0,2.0,9.0,8.0,7.0,7.0,6.0,3.0,2.0,1.0,4.0,9.0,5.0,8.0,7.0,6.0,1.0,2.0,4.0,3.0,9.0,5.0,8.0
phoneme,Classification,5,1351,32,xgb,sage,permutation,9.0,1.0,6.0,3.0,7.0,4.0,8.0,2.0,5.0,9.0,7.0,4.0,3.0,5.0,2.0,8.0,1.0,6.0,7.0,6.0,4.0,3.0,2.0,1.0,9.0,8.0,5.0,7.0,6.0,3.0,2.0,1.0,4.0,9.0,5.0,8.0,1.0,1.0,1.0,1.0,1.0,1.0,1.0,1.0,1.0
phoneme,Classification,5,1351,32,xgb,shap,kernel,9.0,1.0,4.0,3.0,6.0,5.0,8.0,2.0,7.0,3.0,9.0,5.0,6.0,8.0,4.0,7.0,1.0,2.0,6.0,5.0,4.0,3.0,1.0,2.0,9.0,8.0,7.0,7.0,6.0,3.0,2.0,1.0,4.0,9.0,5.0,8.0,1.0,1.0,1.0,1.0,1.0,1.0,1.0,1.0,1.0
phoneme,Classification,5,1351,32,xgb,shapiq,kernel,9.0,1.0,5.0,3.0,6.0,8.0,7.0,2.0,4.0,6.0,8.0,3.0,5.0,7.0,9.0,4.0,2.0,1.0,7.0,6.0,3.0,4.0,1.0,2.0,9.0,8.0,5.0,7.0,6.0,3.0,2.0,1.0,4.0,9.0,5.0,8.0,7.0,6.0,3.0,5.0,1.0,2.0,9.0,8.0,4.0
phoneme,Classification,5,1351,64,nn,sage,permutation,9.0,1.0,7.0,4.0,6.0,3.0,5.0,2.0,8.0,2.0,7.0,9.0,6.0,8.0,4.0,1.0,5.0,3.0,6.0,7.0,4.0,2.0,3.0,1.0,9.0,8.0,5.0,6.0,5.0,4.0,2.0,1.0,3.0,9.0,7.0,8.0,1.0,1.0,1.0,1.0,1.0,1.0,1.0,1.0,1.0
phoneme,Classification,5,1351,64,nn,shap,kernel,9.0,1.0,5.0,3.0,6.0,4.0,7.0,2.0,8.0,1.0,5.0,9.0,6.0,7.0,2.0,8.0,4.0,3.0,7.0,5.0,4.0,3.0,2.0,1.0,9.0,8.0,6.0,6.0,5.0,4.0,2.0,1.0,3.0,9.0,7.0,8.0,1.0,1.0,1.0,1.0,1.0,1.0,1.0,1.0,1.0
phoneme,Classification,5,1351,64,nn,shapiq,kernel,9.0,1.0,4.0,3.0,6.0,5.0,7.0,2.0,8.0,1.0,9.0,7.0,6.0,8.0,4.0,5.0,3.0,2.0,6.0,5.0,4.0,3.0,1.0,2.0,9.0,8.0,7.0,6.0,5.0,4.0,2.0,1.0,3.0,9.0,7.0,8.0,6.0,5.0,4.0,3.0,1.0,2.0,9.0,7.0,8.0
phoneme,Classification,5,1351,64,xgb,sage,permutation,9.0,1.0,5.0,3.0,6.0,4.0,7.0,2.0,8.0,2.0,8.0,5.0,4.0,3.0,6.0,9.0,1.0,7.0,6.0,7.0,4.0,3.0,5.0,1.0,9.0,8.0,2.0,6.0,5.0,3.0,2.0,1.0,4.0,9.0,7.0,8.0,1.0,1.0,1.0,1.0,1.0,1.0,1.0,1.0,1.0
phoneme,Classification,5,1351,64,xgb,shap,kernel,9.0,1.0,4.0,3.0,6.0,5.0,7.0,2.0,8.0,3.0,8.0,6.0,5.0,7.0,4.0,9.0,1.0,2.0,7.0,6.0,4.0,2.0,3.0,1.0,9.0,8.0,5.0,6.0,5.0,3.0,2.0,1.0,4.0,9.0,7.0,8.0,1.0,1.0,1.0,1.0,1.0,1.0,1.0,1.0,1.0
phoneme,Classification,5,1351,64,xgb,shapiq,kernel,9.0,1.0,7.0,3.0,6.0,4.0,5.0,2.0,8.0,5.0,8.0,4.0,3.0,7.0,9.0,6.0,2.0,1.0,7.0,5.0,2.0,4.0,1.0,3.0,9.0,8.0,6.0,6.0,5.0,3.0,2.0,1.0,4.0,9.0,7.0,8.0,8.0,6.0,3.0,5.0,1.0,2.0,9.0,7.0,4.0
phoneme,Classification,5,1351,128,nn,sage,permutation,8.0,1.0,4.0,5.0,3.0,2.0,6.0,,7.0,3.0,8.0,6.0,5.0,7.0,4.0,1.0,,2.0,6.0,5.0,4.0,1.0,3.0,2.0,8.0,,7.0,6.0,5.0,3.0,2.0,1.0,4.0,8.0,,7.0,1.0,1.0,1.0,1.0,1.0,1.0,1.0,,1.0
phoneme,Classification,5,1351,128,nn,shap,kernel,8.0,1.0,4.0,2.0,5.0,3.0,6.0,,7.0,2.0,8.0,6.0,7.0,5.0,1.0,4.0,,3.0,6.0,5.0,4.0,2.0,1.0,3.0,8.0,,7.0,6.0,5.0,3.0,2.0,1.0,4.0,8.0,,7.0,1.0,1.0,1.0,1.0,1.0,1.0,1.0,,1.0
phoneme,Classification,5,1351,128,nn,shapiq,kernel,8.0,1.0,3.0,2.0,5.0,4.0,6.0,,7.0,1.0,8.0,5.0,6.0,7.0,3.0,4.0,,2.0,6.0,5.0,2.0,3.0,1.0,4.0,8.0,,7.0,6.0,5.0,3.0,2.0,1.0,4.0,8.0,,7.0,6.0,5.0,2.0,3.0,1.0,4.0,8.0,,7.0
phoneme,Classification,5,1351,128,xgb,sage,permutation,8.0,1.0,3.0,2.0,4.0,5.0,6.0,,7.0,2.0,7.0,4.0,6.0,5.0,3.0,1.0,,8.0,6.0,5.0,4.0,1.0,3.0,2.0,8.0,,7.0,6.0,5.0,3.0,2.0,1.0,4.0,8.0,,7.0,1.0,1.0,1.0,1.0,1.0,1.0,1.0,,1.0
phoneme,Classification,5,1351,128,xgb,shap,kernel,8.0,1.0,3.0,2.0,5.0,4.0,6.0,,7.0,1.0,8.0,5.0,4.0,7.0,3.0,6.0,,2.0,6.0,5.0,4.0,1.0,3.0,2.0,8.0,,7.0,6.0,5.0,3.0,2.0,1.0,4.0,8.0,,7.0,1.0,1.0,1.0,1.0,1.0,1.0,1.0,,1.0
phoneme,Classification,5,1351,128,xgb,shapiq,kernel,8.0,1.0,3.0,2.0,5.0,4.0,6.0,,7.0,6.0,7.0,4.0,5.0,2.0,8.0,3.0,,1.0,7.0,5.0,2.0,4.0,1.0,3.0,8.0,,6.0,6.0,5.0,3.0,2.0,1.0,4.0,8.0,,7.0,6.0,4.0,2.0,3.0,1.0,2.0,7.0,,5.0
physiochemical_protein,Regression,9,11313,16,nn,sage,permutation,8.0,1.0,5.0,4.0,6.0,3.0,7.0,,2.0,5.0,2.0,7.0,3.0,8.0,6.0,1.0,,4.0,7.0,6.0,5.0,4.0,1.0,2.0,8.0,,3.0,6.0,7.0,4.0,2.0,3.0,1.0,8.0,,5.0,4.0,3.0,1.0,3.0,2.0,2.0,5.0,,3.0
physiochemical_protein,Regression,9,11313,16,nn,shap,kernel,8.0,1.0,4.0,5.0,6.0,3.0,7.0,,2.0,2.0,6.0,7.0,5.0,8.0,3.0,4.0,,1.0,7.0,6.0,4.0,3.0,2.0,1.0,8.0,,5.0,6.0,7.0,4.0,2.0,3.0,1.0,8.0,,5.0,7.0,6.0,4.0,3.0,2.0,1.0,8.0,,5.0
physiochemical_protein,Regression,9,11313,16,nn,shapiq,kernel,8.0,1.0,5.0,3.0,6.0,4.0,7.0,,2.0,2.0,1.0,6.0,3.0,5.0,8.0,7.0,,4.0,7.0,6.0,4.0,3.0,1.0,2.0,8.0,,5.0,6.0,7.0,4.0,2.0,3.0,1.0,8.0,,5.0,6.0,7.0,4.0,3.0,2.0,1.0,8.0,,5.0
physiochemical_protein,Regression,9,11313,16,xgb,sage,permutation,8.0,1.0,4.0,3.0,5.0,6.0,7.0,,2.0,3.0,2.0,4.0,7.0,8.0,5.0,1.0,,6.0,7.0,6.0,1.0,5.0,3.0,2.0,8.0,,4.0,6.0,7.0,3.0,1.0,2.0,4.0,8.0,,5.0,4.0,3.0,2.0,1.0,5.0,6.0,2.0,,7.0
physiochemical_protein,Regression,9,11313,16,xgb,shap,kernel,8.0,1.0,4.0,3.0,6.0,5.0,7.0,,2.0,5.0,6.0,1.0,4.0,3.0,7.0,2.0,,8.0,7.0,6.0,2.0,4.0,3.0,1.0,8.0,,5.0,6.0,7.0,3.0,1.0,2.0,4.0,8.0,,5.0,7.0,6.0,2.0,4.0,3.0,1.0,8.0,,5.0
physiochemical_protein,Regression,9,11313,16,xgb,shapiq,kernel,8.0,1.0,4.0,3.0,6.0,5.0,7.0,,2.0,2.0,7.0,3.0,5.0,6.0,8.0,4.0,,1.0,7.0,6.0,2.0,3.0,1.0,4.0,8.0,,5.0,6.0,7.0,3.0,1.0,2.0,4.0,8.0,,5.0,7.0,6.0,1.0,3.0,2.0,4.0,8.0,,5.0
physiochemical_protein,Regression,9,11313,32,nn,sage,permutation,8.0,1.0,5.0,4.0,6.0,3.0,7.0,,2.0,2.0,4.0,7.0,5.0,6.0,3.0,1.0,,8.0,5.0,6.0,4.0,1.0,2.0,3.0,8.0,,7.0,7.0,5.0,1.0,2.0,3.0,4.0,8.0,,6.0,5.0,3.0,2.0,2.0,4.0,1.0,7.0,,6.0
physiochemical_protein,Regression,9,11313,32,nn,shap,kernel,8.0,1.0,5.0,4.0,6.0,3.0,7.0,,2.0,1.0,8.0,7.0,6.0,5.0,3.0,4.0,,2.0,7.0,6.0,4.0,1.0,2.0,3.0,8.0,,5.0,7.0,5.0,1.0,2.0,3.0,4.0,8.0,,6.0,7.0,5.0,4.0,1.0,2.0,3.0,8.0,,6.0
physiochemical_protein,Regression,9,11313,32,nn,shapiq,kernel,8.0,1.0,5.0,3.0,6.0,4.0,7.0,,2.0,2.0,1.0,6.0,4.0,5.0,8.0,7.0,,3.0,6.0,5.0,4.0,1.0,2.0,3.0,8.0,,7.0,7.0,5.0,1.0,2.0,3.0,4.0,8.0,,6.0,7.0,6.0,4.0,2.0,1.0,3.0,8.0,,5.0
physiochemical_protein,Regression,9,11313,32,xgb,sage,permutation,8.0,1.0,4.0,3.0,6.0,5.0,7.0,,2.0,7.0,4.0,5.0,6.0,8.0,3.0,1.0,,2.0,6.0,5.0,4.0,3.0,1.0,2.0,8.0,,7.0,7.0,5.0,1.0,2.0,3.0,4.0,8.0,,6.0,4.0,5.0,5.0,3.0,1.0,2.0,2.0,,6.0
physiochemical_protein,Regression,9,11313,32,xgb,shap,kernel,8.0,1.0,4.0,3.0,6.0,5.0,7.0,,2.0,5.0,4.0,2.0,3.0,6.0,7.0,1.0,,8.0,6.0,5.0,4.0,3.0,2.0,1.0,8.0,,7.0,7.0,5.0,1.0,2.0,3.0,4.0,8.0,,6.0,7.0,5.0,4.0,1.0,3.0,2.0,8.0,,6.0
physiochemical_protein,Regression,9,11313,32,xgb,shapiq,kernel,8.0,1.0,4.0,3.0,6.0,5.0,7.0,,2.0,2.0,3.0,4.0,6.0,7.0,8.0,5.0,,1.0,6.0,5.0,3.0,1.0,2.0,4.0,8.0,,7.0,7.0,5.0,1.0,2.0,3.0,4.0,8.0,,6.0,7.0,6.0,2.0,1.0,3.0,4.0,8.0,,5.0
physiochemical_protein,Regression,9,11313,64,nn,sage,permutation,8.0,1.0,5.0,4.0,6.0,3.0,7.0,,2.0,2.0,8.0,4.0,7.0,6.0,3.0,1.0,,5.0,5.0,6.0,1.0,4.0,3.0,2.0,8.0,,7.0,6.0,5.0,1.0,2.0,4.0,3.0,8.0,,7.0,2.0,3.0,1.0,2.0,2.0,1.0,5.0,,4.0
physiochemical_protein,Regression,9,11313,64,nn,shap,kernel,8.0,1.0,4.0,5.0,6.0,3.0,7.0,,2.0,1.0,6.0,8.0,4.0,5.0,3.0,7.0,,2.0,5.0,6.0,2.0,4.0,3.0,1.0,8.0,,7.0,6.0,5.0,1.0,2.0,4.0,3.0,8.0,,7.0,5.0,6.0,2.0,4.0,3.0,1.0,8.0,,7.0
physiochemical_protein,Regression,9,11313,64,nn,shapiq,kernel,8.0,1.0,5.0,3.0,6.0,4.0,7.0,,2.0,2.0,1.0,7.0,5.0,4.0,8.0,6.0,,3.0,5.0,6.0,2.0,4.0,1.0,3.0,8.0,,7.0,6.0,5.0,1.0,2.0,4.0,3.0,8.0,,7.0,5.0,7.0,1.0,3.0,2.0,4.0,8.0,,6.0
physiochemical_protein,Regression,9,11313,64,xgb,sage,permutation,8.0,1.0,4.0,3.0,6.0,5.0,7.0,,2.0,3.0,6.0,4.0,7.0,8.0,5.0,1.0,,2.0,5.0,6.0,1.0,4.0,3.0,2.0,8.0,,7.0,6.0,5.0,1.0,2.0,4.0,3.0,8.0,,7.0,3.0,4.0,1.0,3.0,2.0,2.0,2.0,,5.0
physiochemical_protein,Regression,9,11313,64,xgb,shap,kernel,8.0,1.0,4.0,3.0,6.0,5.0,7.0,,2.0,5.0,6.0,3.0,2.0,4.0,7.0,1.0,,8.0,5.0,6.0,2.0,4.0,3.0,1.0,8.0,,7.0,6.0,5.0,1.0,2.0,4.0,3.0,8.0,,7.0,6.0,5.0,3.0,4.0,2.0,1.0,8.0,,7.0
physiochemical_protein,Regression,9,11313,64,xgb,shapiq,kernel,8.0,1.0,4.0,3.0,6.0,5.0,7.0,,2.0,2.0,8.0,3.0,4.0,6.0,7.0,5.0,,1.0,5.0,6.0,3.0,4.0,1.0,2.0,8.0,,7.0,6.0,5.0,1.0,2.0,4.0,3.0,8.0,,7.0,6.0,5.0,4.0,2.0,1.0,3.0,8.0,,7.0
physiochemical_protein,Regression,9,11313,128,nn,sage,permutation,8.0,1.0,5.0,4.0,6.0,2.0,7.0,,3.0,8.0,4.0,5.0,6.0,7.0,2.0,1.0,,3.0,6.0,5.0,2.0,3.0,4.0,1.0,8.0,,7.0,6.0,5.0,3.0,2.0,1.0,4.0,8.0,,7.0,4.0,1.0,2.0,2.0,2.0,3.0,6.0,,5.0
physiochemical_protein,Regression,9,11313,128,nn,shap,kernel,8.0,1.0,4.0,3.0,6.0,2.0,7.0,,5.0,1.0,5.0,8.0,7.0,4.0,3.0,6.0,,2.0,6.0,5.0,2.0,3.0,4.0,1.0,8.0,,7.0,6.0,5.0,3.0,2.0,1.0,4.0,8.0,,7.0,6.0,5.0,3.0,2.0,4.0,1.0,8.0,,7.0
physiochemical_protein,Regression,9,11313,128,nn,shapiq,kernel,8.0,1.0,4.0,2.0,6.0,3.0,7.0,,5.0,1.0,2.0,7.0,6.0,4.0,8.0,5.0,,3.0,6.0,5.0,1.0,3.0,2.0,4.0,8.0,,7.0,6.0,5.0,3.0,2.0,1.0,4.0,8.0,,7.0,6.0,5.0,2.0,3.0,1.0,4.0,8.0,,7.0
physiochemical_protein,Regression,9,11313,128,xgb,sage,permutation,8.0,1.0,3.0,2.0,5.0,4.0,6.0,,7.0,3.0,4.0,6.0,5.0,8.0,7.0,2.0,,1.0,6.0,5.0,3.0,1.0,4.0,2.0,8.0,,7.0,6.0,5.0,3.0,2.0,1.0,4.0,8.0,,7.0,6.0,5.0,2.0,1.0,4.0,3.0,4.0,,7.0
physiochemical_protein,Regression,9,11313,128,xgb,shap,kernel,8.0,1.0,3.0,2.0,5.0,4.0,7.0,,6.0,6.0,5.0,4.0,3.0,2.0,7.0,1.0,,8.0,6.0,5.0,4.0,2.0,3.0,1.0,8.0,,7.0,6.0,5.0,3.0,2.0,1.0,4.0,8.0,,7.0,6.0,5.0,4.0,3.0,2.0,1.0,8.0,,7.0
physiochemical_protein,Regression,9,11313,128,xgb,shapiq,kernel,8.0,1.0,3.0,2.0,5.0,4.0,7.0,,6.0,2.0,8.0,3.0,4.0,6.0,7.0,5.0,,1.0,6.0,5.0,4.0,2.0,1.0,3.0,8.0,,7.0,6.0,5.0,3.0,2.0,1.0,4.0,8.0,,7.0,6.0,5.0,4.0,3.0,1.0,2.0,8.0,,7.0
physiochemical_protein,Regression,9,11313,256,nn,sage,permutation,8.0,1.0,4.0,3.0,5.0,2.0,6.0,,7.0,4.0,5.0,6.0,7.0,8.0,3.0,1.0,,2.0,6.0,2.0,3.0,5.0,4.0,1.0,8.0,,7.0,6.0,5.0,2.0,3.0,1.0,4.0,8.0,,7.0,1.0,1.0,3.0,3.0,2.0,2.0,5.0,,4.0
physiochemical_protein,Regression,9,11313,256,nn,shap,kernel,8.0,1.0,4.0,3.0,5.0,2.0,6.0,,7.0,1.0,8.0,7.0,4.0,6.0,3.0,5.0,,2.0,6.0,5.0,3.0,4.0,2.0,1.0,8.0,,7.0,6.0,5.0,2.0,3.0,1.0,4.0,8.0,,7.0,6.0,5.0,3.0,4.0,2.0,1.0,8.0,,7.0
physiochemical_protein,Regression,9,11313,256,nn,shapiq,kernel,8.0,1.0,4.0,2.0,5.0,3.0,6.0,,7.0,1.0,2.0,7.0,4.0,5.0,8.0,6.0,,3.0,6.0,5.0,3.0,4.0,1.0,2.0,8.0,,7.0,6.0,5.0,2.0,3.0,1.0,4.0,8.0,,7.0,6.0,5.0,3.0,4.0,1.0,2.0,8.0,,7.0
physiochemical_protein,Regression,9,11313,256,xgb,sage,permutation,8.0,1.0,3.0,2.0,5.0,4.0,6.0,,7.0,4.0,3.0,6.0,5.0,7.0,8.0,2.0,,1.0,6.0,5.0,2.0,1.0,4.0,3.0,8.0,,7.0,6.0,5.0,2.0,3.0,1.0,4.0,8.0,,7.0,4.0,4.0,1.0,2.0,3.0,1.0,3.0,,5.0
physiochemical_protein,Regression,9,11313,256,xgb,shap,kernel,8.0,1.0,3.0,2.0,5.0,4.0,6.0,,7.0,5.0,6.0,4.0,3.0,2.0,7.0,1.0,,8.0,6.0,5.0,3.0,2.0,4.0,1.0,8.0,,7.0,6.0,5.0,2.0,3.0,1.0,4.0,8.0,,7.0,6.0,5.0,4.0,3.0,2.0,1.0,8.0,,7.0
physiochemical_protein,Regression,9,11313,256,xgb,shapiq,kernel,8.0,1.0,3.0,2.0,5.0,4.0,6.0,,7.0,2.0,8.0,3.0,6.0,5.0,7.0,4.0,,1.0,6.0,5.0,3.0,2.0,1.0,4.0,8.0,,7.0,6.0,5.0,2.0,3.0,1.0,4.0,8.0,,7.0,6.0,5.0,3.0,2.0,1.0,4.0,8.0,,7.0
pumadyn32nh,Regression,32,2048,8,nn,expected_gradients,na,8.0,1.0,3.0,2.0,5.0,6.0,7.0,,4.0,3.0,8.0,4.0,6.0,7.0,2.0,5.0,,1.0,6.0,7.0,4.0,3.0,5.0,2.0,8.0,,1.0,7.0,6.0,3.0,2.0,1.0,4.0,8.0,,5.0,7.0,6.0,3.0,2.0,5.0,4.0,8.0,,1.0
pumadyn32nh,Regression,32,2048,16,nn,expected_gradients,na,8.0,1.0,3.0,2.0,4.0,5.0,7.0,,6.0,3.0,8.0,4.0,5.0,7.0,2.0,6.0,,1.0,6.0,7.0,3.0,5.0,4.0,1.0,8.0,,2.0,6.0,5.0,1.0,3.0,4.0,2.0,8.0,,7.0,6.0,7.0,3.0,4.0,5.0,2.0,8.0,,1.0
pumadyn32nh,Regression,32,2048,32,nn,expected_gradients,na,8.0,1.0,3.0,2.0,5.0,4.0,7.0,,6.0,3.0,8.0,4.0,6.0,7.0,2.0,5.0,,1.0,6.0,7.0,2.0,5.0,4.0,1.0,8.0,,3.0,6.0,5.0,3.0,4.0,1.0,2.0,8.0,,7.0,6.0,7.0,4.0,5.0,3.0,2.0,8.0,,1.0
pumadyn32nh,Regression,32,2048,64,nn,expected_gradients,na,8.0,1.0,3.0,2.0,4.0,5.0,6.0,,7.0,3.0,8.0,4.0,6.0,7.0,2.0,5.0,,1.0,7.0,6.0,2.0,4.0,3.0,1.0,8.0,,5.0,6.0,5.0,1.0,4.0,3.0,2.0,8.0,,7.0,7.0,6.0,3.0,5.0,4.0,2.0,8.0,,1.0
pumadyn32nh,Regression,32,2048,128,nn,expected_gradients,na,8.0,1.0,2.0,3.0,4.0,5.0,6.0,,7.0,3.0,8.0,5.0,6.0,7.0,2.0,4.0,,1.0,7.0,6.0,2.0,4.0,3.0,1.0,8.0,,5.0,6.0,5.0,2.0,4.0,3.0,1.0,8.0,,7.0,7.0,6.0,3.0,4.0,5.0,2.0,8.0,,1.0
sarcos,Regression,21,11943,16,nn,sage,permutation,8.0,1.0,4.0,3.0,6.0,5.0,7.0,,2.0,8.0,1.0,7.0,5.0,3.0,6.0,4.0,,2.0,6.0,7.0,2.0,3.0,1.0,4.0,8.0,,5.0,5.0,7.0,2.0,3.0,1.0,4.0,8.0,,6.0,2.0,5.0,4.0,3.0,3.0,1.0,7.0,,6.0
sarcos,Regression,21,11943,16,nn,shap,kernel,8.0,1.0,5.0,3.0,6.0,4.0,7.0,,2.0,3.0,4.0,5.0,6.0,8.0,2.0,7.0,,1.0,6.0,7.0,3.0,1.0,2.0,4.0,8.0,,5.0,5.0,7.0,2.0,3.0,1.0,4.0,8.0,,6.0,6.0,7.0,2.0,1.0,3.0,4.0,8.0,,5.0
sarcos,Regression,21,11943,16,nn,shapiq,kernel,8.0,1.0,5.0,4.0,6.0,3.0,7.0,,2.0,2.0,3.0,6.0,4.0,5.0,8.0,7.0,,1.0,6.0,7.0,2.0,3.0,1.0,4.0,8.0,,5.0,5.0,7.0,2.0,3.0,1.0,4.0,8.0,,6.0,6.0,7.0,3.0,2.0,1.0,4.0,8.0,,5.0
sarcos,Regression,21,11943,16,xgb,sage,permutation,8.0,1.0,5.0,3.0,6.0,4.0,7.0,,2.0,7.0,1.0,4.0,2.0,3.0,5.0,8.0,,6.0,6.0,7.0,4.0,2.0,1.0,3.0,8.0,,5.0,5.0,7.0,2.0,3.0,1.0,4.0,8.0,,6.0,2.0,3.0,1.0,1.0,1.0,1.0,4.0,,1.0
sarcos,Regression,21,11943,16,xgb,shap,kernel,8.0,1.0,4.0,3.0,6.0,5.0,7.0,,2.0,6.0,1.0,5.0,4.0,3.0,7.0,2.0,,8.0,6.0,7.0,3.0,1.0,2.0,4.0,8.0,,5.0,5.0,7.0,2.0,3.0,1.0,4.0,8.0,,6.0,5.0,6.0,3.0,1.0,2.0,4.0,8.0,,7.0
sarcos,Regression,21,11943,16,xgb,shapiq,kernel,8.0,1.0,4.0,3.0,6.0,5.0,7.0,,2.0,2.0,1.0,7.0,3.0,4.0,8.0,6.0,,5.0,6.0,7.0,2.0,1.0,3.0,4.0,8.0,,5.0,5.0,7.0,2.0,3.0,1.0,4.0,8.0,,6.0,7.0,6.0,1.0,3.0,2.0,4.0,8.0,,5.0
sarcos,Regression,21,11943,32,nn,sage,permutation,8.0,1.0,4.0,3.0,6.0,5.0,7.0,,2.0,8.0,3.0,5.0,7.0,4.0,2.0,6.0,,1.0,6.0,7.0,1.0,4.0,2.0,3.0,8.0,,5.0,5.0,6.0,3.0,2.0,1.0,4.0,8.0,,7.0,3.0,3.0,4.0,1.0,1.0,2.0,6.0,,5.0
sarcos,Regression,21,11943,32,nn,shap,kernel,8.0,1.0,5.0,4.0,6.0,3.0,7.0,,2.0,1.0,8.0,4.0,7.0,6.0,2.0,5.0,,3.0,6.0,7.0,2.0,4.0,3.0,1.0,8.0,,5.0,5.0,6.0,3.0,2.0,1.0,4.0,8.0,,7.0,5.0,6.0,2.0,4.0,3.0,1.0,8.0,,7.0
sarcos,Regression,21,11943,32,nn,shapiq,kernel,8.0,1.0,5.0,4.0,6.0,3.0,7.0,,2.0,2.0,3.0,6.0,5.0,4.0,8.0,7.0,,1.0,6.0,7.0,3.0,4.0,1.0,2.0,8.0,,5.0,5.0,6.0,3.0,2.0,1.0,4.0,8.0,,7.0,6.0,7.0,3.0,4.0,1.0,2.0,8.0,,5.0
sarcos,Regression,21,11943,32,xgb,sage,permutation,8.0,1.0,5.0,3.0,6.0,4.0,7.0,,2.0,3.0,1.0,6.0,4.0,7.0,2.0,8.0,,5.0,6.0,7.0,1.0,3.0,2.0,4.0,8.0,,5.0,5.0,6.0,3.0,2.0,1.0,4.0,8.0,,7.0,2.0,1.0,1.0,1.0,1.0,1.0,3.0,,1.0
sarcos,Regression,21,11943,32,xgb,shap,kernel,8.0,1.0,5.0,4.0,6.0,3.0,7.0,,2.0,6.0,1.0,5.0,3.0,2.0,7.0,4.0,,8.0,7.0,6.0,1.0,4.0,2.0,3.0,8.0,,5.0,5.0,6.0,3.0,2.0,1.0,4.0,8.0,,7.0,5.0,6.0,2.0,4.0,1.0,3.0,8.0,,7.0
sarcos,Regression,21,11943,32,xgb,shapiq,kernel,8.0,1.0,4.0,3.0,6.0,5.0,7.0,,2.0,2.0,1.0,7.0,3.0,4.0,8.0,6.0,,5.0,6.0,7.0,4.0,2.0,1.0,3.0,8.0,,5.0,5.0,6.0,3.0,2.0,1.0,4.0,8.0,,7.0,6.0,7.0,4.0,2.0,1.0,3.0,8.0,,5.0
sarcos,Regression,21,11943,64,nn,sage,permutation,8.0,1.0,3.0,2.0,5.0,4.0,7.0,,6.0,7.0,3.0,5.0,6.0,4.0,2.0,8.0,,1.0,7.0,6.0,2.0,1.0,3.0,4.0,8.0,,5.0,6.0,5.0,4.0,2.0,1.0,3.0,8.0,,7.0,2.0,3.0,5.0,2.0,1.0,2.0,6.0,,4.0
sarcos,Regression,21,11943,64,nn,shap,kernel,8.0,1.0,4.0,2.0,5.0,3.0,7.0,,6.0,1.0,6.0,4.0,8.0,7.0,2.0,5.0,,3.0,7.0,6.0,1.0,2.0,4.0,3.0,8.0,,5.0,6.0,5.0,4.0,2.0,1.0,3.0,8.0,,7.0,7.0,6.0,3.0,1.0,4.0,2.0,8.0,,5.0
sarcos,Regression,21,11943,64,nn,shapiq,kernel,8.0,1.0,5.0,4.0,6.0,3.0,7.0,,2.0,2.0,3.0,7.0,5.0,4.0,8.0,6.0,,1.0,7.0,6.0,2.0,3.0,4.0,1.0,8.0,,5.0,6.0,5.0,4.0,2.0,1.0,3.0,8.0,,7.0,7.0,6.0,3.0,4.0,2.0,1.0,8.0,,5.0
sarcos,Regression,21,11943,64,xgb,sage,permutation,8.0,1.0,4.0,2.0,5.0,3.0,7.0,,6.0,4.0,1.0,7.0,3.0,6.0,2.0,8.0,,5.0,6.0,7.0,1.0,2.0,3.0,4.0,8.0,,5.0,6.0,5.0,3.0,2.0,1.0,4.0,8.0,,7.0,1.0,1.0,1.0,1.0,1.0,1.0,2.0,,1.0
sarcos,Regression,21,11943,64,xgb,shap,kernel,8.0,1.0,4.0,2.0,5.0,3.0,7.0,,6.0,6.0,5.0,3.0,2.0,1.0,7.0,4.0,,8.0,7.0,6.0,2.0,1.0,4.0,3.0,8.0,,5.0,6.0,5.0,3.0,2.0,1.0,4.0,8.0,,7.0,7.0,6.0,2.0,1.0,3.0,4.0,8.0,,5.0
sarcos,Regression,21,11943,64,xgb,shapiq,kernel,8.0,1.0,3.0,2.0,6.0,4.0,7.0,,5.0,2.0,1.0,7.0,3.0,4.0,8.0,5.0,,6.0,7.0,6.0,4.0,2.0,1.0,3.0,8.0,,5.0,6.0,5.0,3.0,2.0,1.0,4.0,8.0,,7.0,7.0,6.0,4.0,2.0,1.0,3.0,8.0,,5.0
sarcos,Regression,21,11943,128,nn,sage,permutation,8.0,1.0,3.0,2.0,5.0,4.0,7.0,,6.0,3.0,5.0,7.0,4.0,6.0,2.0,8.0,,1.0,7.0,5.0,6.0,3.0,2.0,1.0,8.0,,4.0,6.0,5.0,3.0,2.0,1.0,4.0,8.0,,7.0,2.0,3.0,4.0,3.0,3.0,1.0,5.0,,3.0
sarcos,Regression,21,11943,128,nn,shap,kernel,8.0,1.0,4.0,2.0,5.0,3.0,7.0,,6.0,1.0,7.0,6.0,8.0,5.0,2.0,4.0,,3.0,6.0,5.0,4.0,3.0,1.0,2.0,8.0,,7.0,6.0,5.0,3.0,2.0,1.0,4.0,8.0,,7.0,5.0,6.0,4.0,3.0,1.0,2.0,8.0,,7.0
sarcos,Regression,21,11943,128,nn,shapiq,kernel,8.0,1.0,3.0,4.0,5.0,2.0,7.0,,6.0,2.0,3.0,7.0,6.0,5.0,8.0,4.0,,1.0,7.0,5.0,4.0,2.0,1.0,3.0,8.0,,6.0,6.0,5.0,3.0,2.0,1.0,4.0,8.0,,7.0,6.0,5.0,3.0,2.0,1.0,4.0,8.0,,7.0
sarcos,Regression,21,11943,128,xgb,sage,permutation,8.0,1.0,4.0,2.0,5.0,3.0,7.0,,6.0,6.0,1.0,5.0,2.0,3.0,7.0,8.0,,4.0,6.0,3.0,7.0,4.0,5.0,1.0,8.0,,2.0,6.0,5.0,3.0,2.0,1.0,4.0,8.0,,7.0,1.0,1.0,1.0,1.0,1.0,1.0,2.0,,1.0
sarcos,Regression,21,11943,128,xgb,shap,kernel,8.0,1.0,3.0,4.0,5.0,2.0,7.0,,6.0,6.0,1.0,5.0,3.0,2.0,7.0,4.0,,8.0,6.0,5.0,4.0,3.0,1.0,2.0,8.0,,7.0,6.0,5.0,3.0,2.0,1.0,4.0,8.0,,7.0,5.0,6.0,4.0,3.0,1.0,2.0,8.0,,7.0
sarcos,Regression,21,11943,128,xgb,shapiq,kernel,8.0,1.0,4.0,2.0,5.0,3.0,7.0,,6.0,2.0,1.0,7.0,3.0,4.0,8.0,5.0,,6.0,7.0,5.0,4.0,2.0,1.0,3.0,8.0,,6.0,6.0,5.0,3.0,2.0,1.0,4.0,8.0,,7.0,7.0,5.0,3.0,1.0,2.0,4.0,8.0,,6.0
sarcos,Regression,21,11943,256,nn,sage,permutation,8.0,1.0,3.0,2.0,5.0,4.0,6.0,,7.0,2.0,7.0,6.0,5.0,4.0,3.0,8.0,,1.0,6.0,5.0,1.0,2.0,3.0,4.0,8.0,,7.0,7.0,5.0,3.0,2.0,1.0,4.0,8.0,,6.0,3.0,1.0,1.0,2.0,4.0,2.0,6.0,,5.0
sarcos,Regression,21,11943,256,nn,shap,kernel,8.0,1.0,4.0,3.0,5.0,2.0,6.0,,7.0,1.0,8.0,7.0,6.0,5.0,2.0,4.0,,3.0,6.0,5.0,4.0,1.0,2.0,3.0,8.0,,7.0,7.0,5.0,3.0,2.0,1.0,4.0,8.0,,6.0,6.0,5.0,4.0,1.0,2.0,3.0,8.0,,7.0
sarcos,Regression,21,11943,256,nn,shapiq,kernel,8.0,1.0,3.0,4.0,5.0,2.0,6.0,,7.0,2.0,3.0,7.0,5.0,4.0,8.0,6.0,,1.0,6.0,5.0,4.0,3.0,1.0,2.0,8.0,,7.0,7.0,5.0,3.0,2.0,1.0,4.0,8.0,,6.0,6.0,5.0,4.0,3.0,2.0,1.0,8.0,,7.0
sarcos,Regression,21,11943,256,xgb,sage,permutation,8.0,1.0,4.0,2.0,5.0,3.0,6.0,,7.0,4.0,2.0,1.0,5.0,3.0,7.0,8.0,,6.0,5.0,6.0,3.0,1.0,2.0,4.0,8.0,,7.0,7.0,5.0,4.0,2.0,1.0,3.0,8.0,,6.0,1.0,1.0,1.0,1.0,1.0,1.0,2.0,,1.0
sarcos,Regression,21,11943,256,xgb,shap,kernel,8.0,1.0,3.0,2.0,4.0,5.0,6.0,,7.0,6.0,1.0,5.0,3.0,4.0,7.0,2.0,,8.0,6.0,5.0,4.0,3.0,1.0,2.0,8.0,,7.0,7.0,5.0,4.0,2.0,1.0,3.0,8.0,,6.0,6.0,5.0,4.0,3.0,1.0,2.0,8.0,,7.0
sarcos,Regression,21,11943,256,xgb,shapiq,kernel,8.0,1.0,3.0,2.0,5.0,4.0,6.0,,7.0,1.0,7.0,6.0,2.0,3.0,8.0,4.0,,5.0,6.0,5.0,3.0,2.0,1.0,4.0,8.0,,7.0,7.0,5.0,4.0,2.0,1.0,3.0,8.0,,6.0,6.0,5.0,2.0,3.0,1.0,4.0,8.0,,7.0
satimage,Classification,57,1097,8,nn,expected_gradients,na,9.0,1.0,3.0,5.0,6.0,7.0,8.0,2.0,4.0,4.0,9.0,5.0,7.0,8.0,2.0,6.0,3.0,1.0,5.0,6.0,2.0,1.0,4.0,2.0,8.0,3.0,7.0,5.0,6.0,3.0,4.0,2.0,3.0,8.0,1.0,7.0,6.0,5.0,3.0,2.0,4.0,3.0,8.0,1.0,7.0
satimage,Classification,57,1097,16,nn,expected_gradients,na,9.0,1.0,5.0,3.0,4.0,6.0,8.0,2.0,7.0,4.0,9.0,5.0,7.0,8.0,2.0,6.0,3.0,1.0,6.0,5.0,4.0,2.0,3.0,4.0,8.0,1.0,7.0,6.0,5.0,1.0,2.0,3.0,1.0,8.0,4.0,7.0,6.0,5.0,3.0,2.0,4.0,3.0,8.0,1.0,7.0
satimage,Classification,57,1097,32,nn,expected_gradients,na,9.0,1.0,4.0,3.0,6.0,5.0,8.0,2.0,7.0,4.0,9.0,5.0,7.0,8.0,2.0,6.0,3.0,1.0,7.0,6.0,4.0,2.0,1.0,3.0,9.0,5.0,8.0,7.0,6.0,3.0,2.0,1.0,4.0,9.0,5.0,8.0,7.0,6.0,4.0,2.0,1.0,3.0,9.0,5.0,8.0
satimage,Classification,57,1097,64,nn,expected_gradients,na,9.0,1.0,4.0,3.0,6.0,5.0,7.0,2.0,8.0,4.0,9.0,5.0,8.0,7.0,1.0,6.0,3.0,2.0,7.0,6.0,4.0,3.0,2.0,1.0,9.0,5.0,8.0,7.0,6.0,3.0,2.0,1.0,4.0,9.0,5.0,8.0,7.0,6.0,4.0,3.0,2.0,1.0,9.0,5.0,8.0
satimage,Classification,57,1097,128,nn,expected_gradients,na,9.0,1.0,5.0,3.0,4.0,6.0,7.0,2.0,8.0,4.0,9.0,7.0,5.0,6.0,1.0,8.0,3.0,2.0,7.0,6.0,3.0,1.0,4.0,2.0,9.0,5.0,8.0,7.0,6.0,4.0,2.0,1.0,3.0,9.0,5.0,8.0,7.0,6.0,3.0,1.0,4.0,2.0,9.0,5.0,8.0
spambase,Classification,57,1097,8,nn,expected_gradients,na,9.0,1.0,4.0,3.0,5.0,6.0,8.0,2.0,7.0,4.0,9.0,5.0,7.0,8.0,3.0,6.0,2.0,1.0,8.0,7.0,1.0,2.0,4.0,3.0,9.0,5.0,6.0,7.0,6.0,1.0,2.0,3.0,4.0,9.0,5.0,8.0,8.0,7.0,3.0,6.0,4.0,5.0,9.0,2.0,1.0
spambase,Classification,57,1097,16,nn,expected_gradients,na,9.0,1.0,4.0,3.0,6.0,5.0,7.0,2.0,8.0,4.0,9.0,5.0,7.0,8.0,3.0,6.0,2.0,1.0,8.0,6.0,3.0,2.0,1.0,4.0,9.0,5.0,7.0,7.0,6.0,4.0,1.0,2.0,3.0,9.0,5.0,8.0,7.0,8.0,1.0,4.0,3.0,2.0,9.0,5.0,6.0
spambase,Classification,57,1097,32,nn,expected_gradients,na,9.0,1.0,3.0,4.0,5.0,6.0,8.0,2.0,7.0,4.0,9.0,5.0,6.0,8.0,3.0,7.0,2.0,1.0,8.0,6.0,3.0,1.0,2.0,4.0,9.0,5.0,7.0,8.0,6.0,1.0,3.0,4.0,2.0,9.0,5.0,7.0,8.0,7.0,1.0,2.0,4.0,3.0,9.0,5.0,6.0
spambase,Classification,57,1097,64,nn,expected_gradients,na,9.0,1.0,4.0,3.0,6.0,5.0,7.0,2.0,8.0,4.0,9.0,7.0,8.0,5.0,3.0,6.0,2.0,1.0,8.0,6.0,4.0,2.0,1.0,3.0,9.0,7.0,5.0,8.0,6.0,1.0,4.0,3.0,2.0,9.0,5.0,7.0,8.0,7.0,2.0,4.0,3.0,1.0,9.0,6.0,5.0
spambase,Classification,57,1097,128,nn,expected_gradients,na,8.0,1.0,3.0,2.0,4.0,5.0,6.0,,7.0,2.0,8.0,5.0,7.0,3.0,6.0,4.0,,1.0,7.0,5.0,2.0,1.0,3.0,4.0,8.0,,6.0,7.0,5.0,1.0,4.0,3.0,2.0,8.0,,6.0,7.0,5.0,1.0,2.0,4.0,3.0,8.0,,6.0
superconductivity,Regression,81,5312,16,nn,expected_gradients,na,8.0,1.0,3.0,2.0,6.0,5.0,7.0,,4.0,3.0,6.0,1.0,4.0,5.0,7.0,2.0,,8.0,6.0,5.0,3.0,4.0,2.0,1.0,7.0,,8.0,6.0,5.0,2.0,4.0,1.0,3.0,8.0,,7.0,6.0,5.0,3.0,4.0,2.0,1.0,8.0,,7.0
superconductivity,Regression,81,5312,32,nn,expected_gradients,na,8.0,1.0,3.0,2.0,5.0,4.0,7.0,,6.0,4.0,6.0,1.0,3.0,5.0,7.0,2.0,,8.0,6.0,5.0,4.0,3.0,1.0,2.0,8.0,,7.0,6.0,5.0,2.0,3.0,1.0,4.0,8.0,,7.0,5.0,6.0,3.0,4.0,1.0,2.0,8.0,,7.0
superconductivity,Regression,81,5312,64,nn,expected_gradients,na,8.0,1.0,3.0,2.0,5.0,4.0,7.0,,6.0,5.0,6.0,1.0,3.0,4.0,7.0,2.0,,8.0,6.0,5.0,4.0,3.0,1.0,2.0,8.0,,7.0,5.0,6.0,3.0,4.0,1.0,2.0,8.0,,7.0,6.0,5.0,4.0,3.0,1.0,2.0,8.0,,7.0
superconductivity,Regression,81,5312,128,nn,expected_gradients,na,8.0,1.0,3.0,2.0,5.0,4.0,7.0,,6.0,5.0,6.0,1.0,3.0,4.0,7.0,2.0,,8.0,6.0,5.0,4.0,3.0,1.0,2.0,8.0,,7.0,6.0,5.0,2.0,3.0,1.0,4.0,8.0,,7.0,6.0,5.0,3.0,2.0,1.0,4.0,8.0,,7.0
superconductivity,Regression,81,5312,256,nn,expected_gradients,na,8.0,1.0,3.0,2.0,5.0,4.0,7.0,,6.0,6.0,5.0,1.0,3.0,4.0,7.0,2.0,,8.0,6.0,5.0,3.0,4.0,1.0,2.0,8.0,,7.0,6.0,5.0,4.0,3.0,1.0,2.0,8.0,,7.0,6.0,5.0,3.0,4.0,1.0,2.0,8.0,,7.0
texture,Classification,40,1373,8,nn,expected_gradients,na,9.0,1.0,5.0,4.0,6.0,7.0,8.0,2.0,3.0,2.0,9.0,5.0,7.0,8.0,3.0,6.0,4.0,1.0,6.0,7.0,3.0,2.0,5.0,1.0,9.0,4.0,8.0,6.0,7.0,2.0,3.0,4.0,1.0,9.0,5.0,8.0,6.0,7.0,3.0,2.0,4.0,1.0,9.0,5.0,8.0
texture,Classification,40,1373,16,nn,expected_gradients,na,9.0,1.0,4.0,3.0,6.0,5.0,7.0,2.0,8.0,1.0,9.0,5.0,7.0,8.0,3.0,6.0,4.0,2.0,6.0,7.0,1.0,4.0,2.0,3.0,9.0,5.0,8.0,7.0,6.0,1.0,4.0,2.0,3.0,9.0,5.0,8.0,6.0,7.0,1.0,4.0,2.0,3.0,9.0,5.0,8.0
texture,Classification,40,1373,32,nn,expected_gradients,na,9.0,1.0,4.0,3.0,5.0,6.0,7.0,2.0,8.0,2.0,9.0,5.0,6.0,7.0,3.0,4.0,8.0,1.0,7.0,6.0,3.0,1.0,2.0,4.0,9.0,5.0,8.0,7.0,6.0,4.0,3.0,1.0,2.0,9.0,5.0,8.0,7.0,6.0,2.0,1.0,4.0,3.0,9.0,5.0,8.0
texture,Classification,40,1373,64,nn,expected_gradients,na,9.0,1.0,4.0,3.0,5.0,6.0,7.0,2.0,8.0,2.0,8.0,5.0,6.0,7.0,3.0,4.0,9.0,1.0,6.0,7.0,4.0,2.0,3.0,1.0,9.0,5.0,8.0,7.0,6.0,3.0,1.0,2.0,4.0,9.0,5.0,8.0,6.0,7.0,4.0,1.0,3.0,2.0,9.0,5.0,8.0
texture,Classification,40,1373,128,nn,expected_gradients,na,9.0,1.0,4.0,3.0,5.0,6.0,7.0,2.0,8.0,2.0,9.0,4.0,6.0,7.0,3.0,5.0,8.0,1.0,7.0,6.0,2.0,1.0,4.0,3.0,9.0,5.0,8.0,7.0,6.0,2.0,1.0,3.0,4.0,9.0,5.0,8.0,7.0,6.0,4.0,1.0,3.0,2.0,9.0,5.0,8.0
video_transcoding,Regression,18,17196,32,nn,sage,permutation,8.0,1.0,3.0,4.0,6.0,5.0,7.0,,2.0,8.0,5.0,6.0,4.0,7.0,3.0,2.0,,1.0,5.0,6.0,4.0,3.0,2.0,1.0,7.0,,8.0,5.0,6.0,2.0,1.0,3.0,4.0,8.0,,7.0,5.0,3.0,3.0,4.0,1.0,2.0,7.0,,6.0
video_transcoding,Regression,18,17196,32,nn,shap,kernel,,1.0,5.0,3.0,6.0,4.0,7.0,,2.0,,3.0,7.0,6.0,4.0,1.0,5.0,,2.0,,5.0,3.0,2.0,4.0,1.0,6.0,,7.0,,5.0,2.0,1.0,3.0,4.0,7.0,,6.0,,5.0,3.0,1.0,4.0,2.0,7.0,,6.0
video_transcoding,Regression,18,17196,32,xgb,sage,permutation,8.0,1.0,4.0,3.0,6.0,5.0,7.0,,2.0,7.0,6.0,4.0,5.0,3.0,2.0,8.0,,1.0,5.0,6.0,3.0,4.0,2.0,1.0,7.0,,8.0,5.0,6.0,2.0,1.0,3.0,4.0,8.0,,7.0,2.0,2.0,1.0,1.0,1.0,1.0,3.0,,4.0
video_transcoding,Regression,18,17196,32,xgb,shap,kernel,,1.0,4.0,3.0,6.0,5.0,7.0,,2.0,,6.0,1.0,2.0,4.0,7.0,3.0,,5.0,,5.0,4.0,1.0,3.0,2.0,6.0,,7.0,,5.0,2.0,1.0,3.0,4.0,7.0,,6.0,,5.0,4.0,3.0,1.0,2.0,7.0,,6.0
video_transcoding,Regression,18,17196,64,nn,sage,permutation,8.0,1.0,4.0,3.0,6.0,5.0,7.0,,2.0,4.0,8.0,6.0,7.0,5.0,3.0,2.0,,1.0,6.0,5.0,3.0,1.0,4.0,2.0,8.0,,7.0,6.0,5.0,1.0,3.0,2.0,4.0,8.0,,7.0,5.0,3.0,2.0,4.0,4.0,1.0,7.0,,6.0
video_transcoding,Regression,18,17196,64,nn,shap,kernel,,1.0,4.0,3.0,6.0,5.0,7.0,,2.0,,3.0,7.0,6.0,5.0,1.0,4.0,,2.0,,5.0,3.0,1.0,2.0,4.0,7.0,,6.0,,5.0,1.0,3.0,2.0,4.0,7.0,,6.0,,5.0,4.0,1.0,2.0,3.0,7.0,,6.0
video_transcoding,Regression,18,17196,64,xgb,sage,permutation,8.0,1.0,4.0,3.0,6.0,5.0,7.0,,2.0,2.0,6.0,3.0,7.0,4.0,5.0,8.0,,1.0,6.0,5.0,4.0,1.0,3.0,2.0,7.0,,8.0,6.0,5.0,1.0,3.0,2.0,4.0,8.0,,7.0,1.0,1.0,1.0,1.0,1.0,1.0,3.0,,2.0
video_transcoding,Regression,18,17196,64,xgb,shap,kernel,,1.0,4.0,3.0,6.0,5.0,7.0,,2.0,,6.0,1.0,2.0,4.0,7.0,3.0,,5.0,,5.0,3.0,1.0,2.0,4.0,6.0,,7.0,,5.0,1.0,3.0,2.0,4.0,7.0,,6.0,,5.0,3.0,2.0,1.0,4.0,7.0,,6.0
video_transcoding,Regression,18,17196,128,nn,sage,permutation,8.0,1.0,4.0,3.0,6.0,5.0,7.0,,2.0,3.0,8.0,5.0,6.0,7.0,4.0,2.0,,1.0,6.0,5.0,4.0,2.0,3.0,1.0,8.0,,7.0,6.0,5.0,4.0,2.0,1.0,3.0,8.0,,7.0,2.0,4.0,1.0,3.0,1.0,2.0,6.0,,5.0
video_transcoding,Regression,18,17196,128,nn,shap,kernel,,1.0,4.0,3.0,6.0,5.0,7.0,,2.0,,3.0,7.0,6.0,4.0,1.0,5.0,,2.0,,5.0,3.0,2.0,1.0,4.0,7.0,,6.0,,5.0,4.0,2.0,1.0,3.0,7.0,,6.0,,5.0,4.0,1.0,2.0,3.0,7.0,,6.0
video_transcoding,Regression,18,17196,128,xgb,sage,permutation,8.0,1.0,4.0,3.0,6.0,5.0,7.0,,2.0,2.0,3.0,5.0,7.0,6.0,4.0,8.0,,1.0,6.0,5.0,4.0,2.0,3.0,1.0,7.0,,8.0,6.0,5.0,3.0,2.0,1.0,4.0,8.0,,7.0,2.0,3.0,1.0,1.0,1.0,1.0,5.0,,4.0
video_transcoding,Regression,18,17196,128,xgb,shap,kernel,,1.0,4.0,3.0,6.0,5.0,7.0,,2.0,,6.0,1.0,2.0,3.0,7.0,4.0,,5.0,,5.0,2.0,3.0,1.0,4.0,7.0,,6.0,,5.0,3.0,2.0,1.0,4.0,7.0,,6.0,,5.0,3.0,2.0,1.0,4.0,7.0,,6.0
video_transcoding,Regression,18,17196,256,nn,sage,permutation,8.0,1.0,4.0,3.0,6.0,5.0,7.0,,2.0,2.0,8.0,6.0,5.0,7.0,4.0,3.0,,1.0,5.0,6.0,3.0,4.0,2.0,1.0,8.0,,7.0,6.0,5.0,3.0,2.0,1.0,4.0,8.0,,7.0,3.0,3.0,1.0,1.0,1.0,1.0,4.0,,2.0
video_transcoding,Regression,18,17196,256,nn,shap,kernel,,1.0,4.0,3.0,6.0,5.0,7.0,,2.0,,3.0,7.0,4.0,6.0,1.0,5.0,,2.0,,5.0,3.0,4.0,1.0,2.0,7.0,,6.0,,5.0,3.0,2.0,1.0,4.0,7.0,,6.0,,5.0,2.0,3.0,1.0,4.0,7.0,,6.0
video_transcoding,Regression,18,17196,256,xgb,sage,permutation,8.0,1.0,4.0,3.0,6.0,5.0,7.0,,2.0,2.0,6.0,4.0,5.0,3.0,7.0,8.0,,1.0,6.0,5.0,4.0,3.0,1.0,2.0,8.0,,7.0,6.0,5.0,3.0,2.0,1.0,4.0,8.0,,7.0,2.0,1.0,1.0,1.0,1.0,1.0,4.0,,3.0
video_transcoding,Regression,18,17196,256,xgb,shap,kernel,,1.0,4.0,3.0,6.0,5.0,7.0,,2.0,,6.0,1.0,2.0,3.0,7.0,4.0,,5.0,,5.0,4.0,3.0,1.0,2.0,7.0,,6.0,,5.0,3.0,2.0,1.0,4.0,7.0,,6.0,,5.0,4.0,3.0,1.0,2.0,7.0,,6.0
video_transcoding,Regression,18,17196,512,nn,sage,permutation,8.0,1.0,5.0,3.0,6.0,4.0,7.0,,2.0,2.0,8.0,6.0,5.0,7.0,4.0,3.0,,1.0,6.0,5.0,2.0,1.0,3.0,4.0,8.0,,7.0,6.0,5.0,3.0,2.0,1.0,4.0,8.0,,7.0,2.0,4.0,4.0,2.0,3.0,1.0,6.0,,5.0
video_transcoding,Regression,18,17196,512,nn,shap,kernel,,1.0,4.0,3.0,6.0,5.0,7.0,,2.0,,3.0,7.0,4.0,5.0,1.0,6.0,,2.0,,5.0,2.0,4.0,3.0,1.0,7.0,,6.0,,5.0,3.0,2.0,1.0,4.0,7.0,,6.0,,5.0,3.0,4.0,2.0,1.0,7.0,,6.0
video_transcoding,Regression,18,17196,512,xgb,sage,permutation,8.0,1.0,4.0,3.0,6.0,5.0,7.0,,2.0,2.0,5.0,3.0,6.0,4.0,7.0,8.0,,1.0,6.0,5.0,3.0,1.0,2.0,4.0,8.0,,7.0,6.0,5.0,3.0,2.0,1.0,4.0,8.0,,7.0,1.0,1.0,1.0,1.0,1.0,1.0,3.0,,2.0
video_transcoding,Regression,18,17196,512,xgb,shap,kernel,,1.0,4.0,3.0,6.0,5.0,7.0,,2.0,,6.0,3.0,2.0,1.0,7.0,4.0,,5.0,,5.0,4.0,2.0,3.0,1.0,7.0,,6.0,,5.0,3.0,2.0,1.0,4.0,7.0,,6.0,,5.0,3.0,4.0,2.0,1.0,7.0,,6.0
wall-robot-navigation,Classification,24,1364,8,nn,sage,permutation,9.0,1.0,5.0,7.0,6.0,3.0,8.0,2.0,4.0,7.0,4.0,9.0,1.0,3.0,5.0,2.0,8.0,6.0,7.0,6.0,4.0,5.0,3.0,1.0,9.0,2.0,8.0,7.0,6.0,4.0,5.0,3.0,2.0,9.0,1.0,8.0,5.0,3.0,4.0,2.0,2.0,1.0,8.0,6.0,7.0
wall-robot-navigation,Classification,24,1364,8,nn,shap,kernel,9.0,1.0,5.0,4.0,7.0,6.0,8.0,2.0,3.0,2.0,5.0,7.0,6.0,8.0,1.0,4.0,9.0,3.0,7.0,6.0,4.0,5.0,3.0,1.0,9.0,2.0,8.0,7.0,6.0,4.0,5.0,3.0,2.0,9.0,1.0,8.0,8.0,7.0,2.0,5.0,4.0,1.0,9.0,3.0,6.0
wall-robot-navigation,Classification,24,1364,8,nn,shapiq,kernel,9.0,1.0,6.0,5.0,7.0,3.0,8.0,2.0,4.0,2.0,3.0,7.0,5.0,4.0,8.0,6.0,9.0,1.0,6.0,3.0,8.0,4.0,5.0,2.0,9.0,1.0,7.0,7.0,6.0,4.0,5.0,3.0,2.0,9.0,1.0,8.0,8.0,6.0,7.0,3.0,4.0,2.0,9.0,1.0,5.0
wall-robot-navigation,Classification,24,1364,8,xgb,sage,permutation,9.0,1.0,5.0,4.0,7.0,6.0,8.0,2.0,3.0,8.0,2.0,7.0,4.0,3.0,5.0,1.0,9.0,6.0,8.0,6.0,4.0,2.0,3.0,1.0,7.0,5.0,9.0,7.0,6.0,3.0,5.0,2.0,4.0,9.0,1.0,8.0,6.0,5.0,4.0,2.0,4.0,1.0,4.0,3.0,7.0
wall-robot-navigation,Classification,24,1364,8,xgb,shap,kernel,9.0,1.0,4.0,5.0,6.0,7.0,8.0,2.0,3.0,6.0,5.0,3.0,1.0,4.0,8.0,2.0,9.0,7.0,7.0,5.0,6.0,3.0,2.0,4.0,8.0,1.0,9.0,7.0,6.0,3.0,5.0,2.0,4.0,9.0,1.0,8.0,5.0,2.0,1.0,4.0,6.0,7.0,8.0,3.0,9.0
wall-robot-navigation,Classification,24,1364,8,xgb,shapiq,kernel,9.0,1.0,5.0,3.0,6.0,7.0,8.0,2.0,4.0,3.0,1.0,7.0,5.0,4.0,8.0,6.0,9.0,2.0,7.0,5.0,6.0,3.0,4.0,1.0,9.0,2.0,8.0,7.0,6.0,3.0,5.0,2.0,4.0,9.0,1.0,8.0,8.0,4.0,6.0,7.0,5.0,3.0,9.0,1.0,2.0
wall-robot-navigation,Classification,24,1364,16,nn,sage,permutation,9.0,1.0,5.0,3.0,6.0,4.0,8.0,2.0,7.0,2.0,8.0,6.0,5.0,7.0,1.0,4.0,9.0,3.0,6.0,7.0,2.0,1.0,3.0,4.0,9.0,5.0,8.0,7.0,6.0,3.0,2.0,5.0,4.0,9.0,1.0,8.0,5.0,7.0,3.0,2.0,4.0,1.0,8.0,6.0,8.0
wall-robot-navigation,Classification,24,1364,16,nn,shap,kernel,9.0,1.0,5.0,3.0,6.0,4.0,8.0,2.0,7.0,2.0,4.0,7.0,6.0,8.0,1.0,5.0,9.0,3.0,7.0,6.0,2.0,3.0,1.0,4.0,9.0,5.0,8.0,7.0,6.0,3.0,2.0,5.0,4.0,9.0,1.0,8.0,7.0,6.0,2.0,1.0,3.0,4.0,9.0,5.0,8.0
wall-robot-navigation,Classification,24,1364,16,nn,shapiq,kernel,9.0,1.0,4.0,5.0,7.0,3.0,8.0,2.0,6.0,2.0,3.0,7.0,4.0,6.0,8.0,5.0,9.0,1.0,7.0,6.0,2.0,3.0,4.0,5.0,9.0,1.0,8.0,7.0,6.0,3.0,2.0,5.0,4.0,9.0,1.0,8.0,8.0,6.0,1.0,3.0,5.0,4.0,9.0,2.0,7.0
wall-robot-navigation,Classification,24,1364,16,xgb,sage,permutation,9.0,1.0,4.0,3.0,5.0,6.0,8.0,2.0,7.0,1.0,3.0,6.0,7.0,8.0,5.0,4.0,9.0,2.0,7.0,6.0,4.0,1.0,2.0,5.0,9.0,3.0,8.0,7.0,6.0,2.0,1.0,5.0,3.0,9.0,4.0,8.0,3.0,2.0,4.0,1.0,4.0,4.0,4.0,4.0,5.0
wall-robot-navigation,Classification,24,1364,16,xgb,shap,kernel,9.0,1.0,4.0,3.0,5.0,6.0,8.0,2.0,7.0,5.0,6.0,3.0,1.0,4.0,8.0,2.0,9.0,7.0,7.0,6.0,4.0,5.0,1.0,3.0,8.0,2.0,9.0,7.0,6.0,2.0,1.0,5.0,3.0,9.0,4.0,8.0,6.0,5.0,3.0,1.0,4.0,7.0,8.0,2.0,9.0
wall-robot-navigation,Classification,24,1364,16,xgb,shapiq,kernel,9.0,1.0,3.0,4.0,6.0,5.0,8.0,2.0,7.0,5.0,1.0,7.0,3.0,4.0,8.0,6.0,9.0,2.0,7.0,3.0,4.0,1.0,5.0,2.0,9.0,6.0,8.0,7.0,6.0,2.0,1.0,5.0,3.0,9.0,4.0,8.0,8.0,6.0,5.0,1.0,4.0,3.0,9.0,2.0,7.0
wall-robot-navigation,Classification,24,1364,32,nn,sage,permutation,9.0,1.0,5.0,4.0,6.0,3.0,8.0,2.0,7.0,1.0,7.0,5.0,3.0,6.0,2.0,4.0,9.0,8.0,6.0,5.0,4.0,3.0,2.0,1.0,9.0,7.0,8.0,7.0,6.0,4.0,2.0,1.0,3.0,9.0,5.0,8.0,3.0,7.0,5.0,4.0,2.0,1.0,9.0,6.0,8.0
wall-robot-navigation,Classification,24,1364,32,nn,shap,kernel,9.0,1.0,5.0,3.0,6.0,4.0,8.0,2.0,7.0,2.0,5.0,7.0,6.0,8.0,1.0,4.0,9.0,3.0,7.0,6.0,4.0,2.0,3.0,1.0,9.0,5.0,8.0,7.0,6.0,4.0,2.0,1.0,3.0,9.0,5.0,8.0,7.0,6.0,4.0,3.0,2.0,1.0,9.0,5.0,8.0
wall-robot-navigation,Classification,24,1364,32,nn,shapiq,kernel,9.0,1.0,6.0,4.0,5.0,3.0,8.0,2.0,7.0,2.0,3.0,7.0,5.0,4.0,8.0,6.0,9.0,1.0,7.0,6.0,4.0,1.0,3.0,2.0,9.0,5.0,8.0,7.0,6.0,4.0,2.0,1.0,3.0,9.0,5.0,8.0,8.0,6.0,4.0,2.0,1.0,3.0,9.0,5.0,7.0
wall-robot-navigation,Classification,24,1364,32,xgb,sage,permutation,9.0,1.0,3.0,4.0,6.0,5.0,8.0,2.0,7.0,1.0,5.0,7.0,8.0,4.0,3.0,6.0,9.0,2.0,8.0,4.0,5.0,2.0,1.0,3.0,9.0,6.0,7.0,7.0,6.0,4.0,2.0,1.0,3.0,9.0,5.0,8.0,4.0,3.0,5.0,2.0,1.0,2.0,7.0,5.0,6.0
wall-robot-navigation,Classification,24,1364,32,xgb,shap,kernel,9.0,1.0,3.0,4.0,5.0,6.0,8.0,2.0,7.0,5.0,6.0,2.0,3.0,4.0,8.0,1.0,9.0,7.0,7.0,6.0,3.0,2.0,4.0,1.0,9.0,5.0,8.0,7.0,6.0,4.0,2.0,1.0,3.0,9.0,5.0,8.0,4.0,3.0,5.0,1.0,7.0,2.0,9.0,6.0,8.0
wall-robot-navigation,Classification,24,1364,32,xgb,shapiq,kernel,9.0,1.0,5.0,3.0,4.0,6.0,8.0,2.0,7.0,7.0,2.0,6.0,4.0,3.0,8.0,5.0,9.0,1.0,6.0,5.0,3.0,2.0,4.0,1.0,9.0,7.0,8.0,7.0,6.0,4.0,2.0,1.0,3.0,9.0,5.0,8.0,8.0,5.0,4.0,1.0,3.0,2.0,9.0,6.0,7.0
wall-robot-navigation,Classification,24,1364,64,nn,sage,permutation,9.0,1.0,4.0,6.0,5.0,3.0,7.0,2.0,8.0,1.0,6.0,7.0,5.0,4.0,2.0,8.0,9.0,3.0,7.0,5.0,3.0,2.0,4.0,1.0,9.0,8.0,6.0,8.0,6.0,2.0,3.0,1.0,4.0,9.0,5.0,7.0,4.0,5.0,3.0,2.0,4.0,1.0,8.0,6.0,7.0
wall-robot-navigation,Classification,24,1364,64,nn,shap,kernel,9.0,1.0,4.0,3.0,6.0,5.0,7.0,2.0,8.0,2.0,5.0,7.0,6.0,8.0,1.0,4.0,9.0,3.0,8.0,5.0,2.0,4.0,3.0,1.0,9.0,6.0,7.0,8.0,6.0,2.0,3.0,1.0,4.0,9.0,5.0,7.0,7.0,5.0,3.0,4.0,2.0,1.0,9.0,6.0,8.0
wall-robot-navigation,Classification,24,1364,64,nn,shapiq,kernel,9.0,1.0,5.0,3.0,6.0,4.0,7.0,2.0,8.0,2.0,3.0,7.0,6.0,4.0,8.0,5.0,9.0,1.0,8.0,5.0,4.0,3.0,1.0,2.0,9.0,6.0,7.0,8.0,6.0,2.0,3.0,1.0,4.0,9.0,5.0,7.0,8.0,5.0,2.0,3.0,1.0,4.0,9.0,6.0,7.0
wall-robot-navigation,Classification,24,1364,64,xgb,sage,permutation,9.0,1.0,3.0,4.0,5.0,6.0,7.0,2.0,8.0,1.0,8.0,7.0,2.0,6.0,4.0,5.0,9.0,3.0,8.0,5.0,3.0,4.0,1.0,2.0,9.0,7.0,6.0,8.0,6.0,2.0,3.0,1.0,4.0,9.0,5.0,7.0,3.0,4.0,2.0,5.0,1.0,2.0,7.0,6.0,3.0
wall-robot-navigation,Classification,24,1364,64,xgb,shap,kernel,9.0,1.0,4.0,3.0,5.0,6.0,7.0,2.0,8.0,5.0,6.0,2.0,3.0,4.0,8.0,1.0,9.0,7.0,8.0,5.0,2.0,3.0,4.0,1.0,9.0,6.0,7.0,8.0,6.0,2.0,3.0,1.0,4.0,9.0,5.0,7.0,2.0,5.0,4.0,3.0,6.0,1.0,9.0,7.0,8.0
wall-robot-navigation,Classification,24,1364,64,xgb,shapiq,kernel,9.0,1.0,5.0,3.0,4.0,6.0,7.0,2.0,8.0,7.0,2.0,6.0,4.0,3.0,8.0,5.0,9.0,1.0,6.0,5.0,3.0,2.0,4.0,1.0,9.0,8.0,7.0,8.0,6.0,2.0,3.0,1.0,4.0,9.0,5.0,7.0,8.0,5.0,3.0,4.0,2.0,1.0,9.0,6.0,7.0
wall-robot-navigation,Classification,24,1364,128,nn,sage,permutation,8.0,1.0,3.0,4.0,5.0,2.0,6.0,,7.0,1.0,8.0,6.0,3.0,7.0,2.0,5.0,,4.0,7.0,5.0,4.0,3.0,1.0,2.0,8.0,,6.0,7.0,5.0,4.0,2.0,1.0,3.0,8.0,,6.0,3.0,3.0,1.0,1.0,1.0,2.0,5.0,,4.0
wall-robot-navigation,Classification,24,1364,128,nn,shap,kernel,8.0,1.0,4.0,2.0,5.0,3.0,6.0,,7.0,2.0,6.0,4.0,8.0,7.0,1.0,5.0,,3.0,7.0,5.0,3.0,4.0,2.0,1.0,8.0,,6.0,7.0,5.0,4.0,2.0,1.0,3.0,8.0,,6.0,6.0,5.0,4.0,3.0,2.0,1.0,8.0,,7.0
wall-robot-navigation,Classification,24,1364,128,nn,shapiq,kernel,8.0,1.0,3.0,4.0,5.0,2.0,6.0,,7.0,2.0,3.0,5.0,7.0,4.0,8.0,6.0,,1.0,7.0,5.0,3.0,1.0,2.0,4.0,8.0,,6.0,7.0,5.0,4.0,2.0,1.0,3.0,8.0,,6.0,7.0,5.0,4.0,2.0,1.0,3.0,8.0,,6.0
wall-robot-navigation,Classification,24,1364,128,xgb,sage,permutation,8.0,1.0,3.0,2.0,4.0,5.0,6.0,,7.0,1.0,8.0,5.0,6.0,3.0,7.0,2.0,,4.0,7.0,3.0,5.0,1.0,4.0,2.0,8.0,,6.0,7.0,5.0,4.0,3.0,1.0,2.0,8.0,,6.0,5.0,3.0,3.0,4.0,2.0,3.0,6.0,,1.0
wall-robot-navigation,Classification,24,1364,128,xgb,shap,kernel,8.0,1.0,3.0,2.0,5.0,4.0,6.0,,7.0,6.0,5.0,2.0,3.0,4.0,8.0,1.0,,7.0,7.0,4.0,3.0,5.0,2.0,1.0,8.0,,6.0,7.0,5.0,4.0,3.0,1.0,2.0,8.0,,6.0,6.0,1.0,3.0,2.0,5.0,4.0,8.0,,7.0
wall-robot-navigation,Classification,24,1364,128,xgb,shapiq,kernel,8.0,1.0,3.0,4.0,5.0,2.0,6.0,,7.0,6.0,7.0,5.0,3.0,2.0,8.0,4.0,,1.0,6.0,5.0,4.0,1.0,3.0,2.0,8.0,,7.0,7.0,5.0,4.0,3.0,1.0,2.0,8.0,,6.0,7.0,5.0,4.0,2.0,1.0,3.0,8.0,,6.0
wave_energy,Regression,48,18000,32,nn,expected_gradients,na,8.0,1.0,4.0,3.0,6.0,5.0,7.0,,2.0,7.0,6.0,1.0,3.0,5.0,4.0,2.0,,8.0,6.0,5.0,2.0,1.0,3.0,4.0,8.0,,7.0,6.0,5.0,4.0,3.0,2.0,1.0,8.0,,7.0,6.0,5.0,2.0,1.0,3.0,4.0,8.0,,7.0
wave_energy,Regression,48,18000,64,nn,expected_gradients,na,8.0,1.0,4.0,3.0,6.0,5.0,7.0,,2.0,7.0,6.0,1.0,3.0,4.0,5.0,2.0,,8.0,6.0,5.0,1.0,4.0,3.0,2.0,8.0,,7.0,6.0,5.0,2.0,4.0,1.0,3.0,8.0,,7.0,7.0,6.0,1.0,4.0,3.0,2.0,8.0,,5.0
wave_energy,Regression,48,18000,128,nn,expected_gradients,na,8.0,1.0,4.0,3.0,6.0,5.0,7.0,,2.0,7.0,5.0,1.0,3.0,4.0,6.0,2.0,,8.0,7.0,6.0,4.0,1.0,3.0,2.0,8.0,,5.0,7.0,5.0,3.0,4.0,2.0,1.0,8.0,,6.0,7.0,6.0,4.0,2.0,3.0,1.0,8.0,,5.0
wave_energy,Regression,48,18000,256,nn,expected_gradients,na,8.0,1.0,4.0,3.0,6.0,5.0,7.0,,2.0,7.0,5.0,1.0,2.0,4.0,6.0,3.0,,8.0,7.0,6.0,3.0,4.0,1.0,2.0,8.0,,5.0,7.0,5.0,2.0,4.0,1.0,3.0,8.0,,6.0,7.0,6.0,4.0,1.0,2.0,3.0,8.0,,5.0
wave_energy,Regression,48,18000,512,nn,expected_gradients,na,8.0,1.0,3.0,2.0,6.0,4.0,7.0,,5.0,7.0,5.0,1.0,3.0,4.0,6.0,2.0,,8.0,6.0,7.0,5.0,3.0,2.0,4.0,8.0,,1.0,7.0,5.0,3.0,4.0,1.0,2.0,8.0,,6.0,6.0,7.0,5.0,4.0,2.0,3.0,8.0,,1.0
white_wine,Regression,11,1163,8,nn,sage,permutation,8.0,1.0,5.0,4.0,6.0,3.0,7.0,,2.0,3.0,2.0,6.0,4.0,5.0,7.0,1.0,,8.0,7.0,6.0,1.0,5.0,3.0,2.0,8.0,,4.0,7.0,6.0,3.0,2.0,1.0,4.0,8.0,,5.0,4.0,3.0,2.0,4.0,1.0,4.0,5.0,,1.0
white_wine,Regression,11,1163,8,nn,shap,kernel,8.0,1.0,5.0,4.0,6.0,3.0,7.0,,2.0,2.0,4.0,8.0,7.0,6.0,3.0,5.0,,1.0,7.0,6.0,3.0,5.0,2.0,1.0,8.0,,4.0,7.0,6.0,3.0,2.0,1.0,4.0,8.0,,5.0,7.0,6.0,2.0,4.0,3.0,1.0,8.0,,5.0
white_wine,Regression,11,1163,8,nn,shapiq,kernel,8.0,1.0,4.0,6.0,5.0,3.0,7.0,,2.0,3.0,8.0,6.0,7.0,4.0,2.0,5.0,,1.0,7.0,6.0,3.0,4.0,1.0,5.0,8.0,,2.0,7.0,6.0,3.0,2.0,1.0,4.0,8.0,,5.0,7.0,6.0,3.0,5.0,1.0,4.0,8.0,,2.0
white_wine,Regression,11,1163,8,xgb,sage,permutation,8.0,1.0,5.0,3.0,6.0,4.0,7.0,,2.0,6.0,2.0,7.0,5.0,3.0,4.0,1.0,,8.0,6.0,5.0,2.0,7.0,1.0,4.0,8.0,,3.0,7.0,6.0,3.0,2.0,1.0,4.0,8.0,,5.0,5.0,4.0,3.0,1.0,2.0,1.0,6.0,,1.0
white_wine,Regression,11,1163,8,xgb,shap,kernel,8.0,1.0,4.0,3.0,5.0,6.0,7.0,,2.0,7.0,6.0,3.0,4.0,5.0,8.0,2.0,,1.0,7.0,6.0,1.0,5.0,4.0,2.0,8.0,,3.0,7.0,6.0,3.0,2.0,1.0,4.0,8.0,,5.0,7.0,6.0,1.0,5.0,4.0,2.0,8.0,,3.0
white_wine,Regression,11,1163,8,xgb,shapiq,kernel,8.0,1.0,3.0,4.0,6.0,5.0,7.0,,2.0,2.0,7.0,3.0,6.0,5.0,8.0,4.0,,1.0,7.0,6.0,4.0,5.0,2.0,3.0,8.0,,1.0,7.0,6.0,3.0,2.0,1.0,4.0,8.0,,5.0,7.0,6.0,4.0,5.0,2.0,3.0,8.0,,1.0
white_wine,Regression,11,1163,16,nn,sage,permutation,8.0,1.0,4.0,2.0,6.0,3.0,7.0,,5.0,2.0,4.0,5.0,6.0,8.0,7.0,1.0,,3.0,6.0,7.0,5.0,1.0,2.0,4.0,8.0,,3.0,7.0,6.0,1.0,4.0,2.0,3.0,8.0,,5.0,4.0,3.0,3.0,2.0,1.0,5.0,5.0,,1.0
white_wine,Regression,11,1163,16,nn,shap,kernel,8.0,1.0,3.0,5.0,6.0,2.0,7.0,,4.0,2.0,5.0,8.0,6.0,7.0,3.0,4.0,,1.0,7.0,6.0,2.0,1.0,3.0,4.0,8.0,,5.0,7.0,6.0,1.0,4.0,2.0,3.0,8.0,,5.0,7.0,6.0,2.0,3.0,1.0,4.0,8.0,,5.0
white_wine,Regression,11,1163,16,nn,shapiq,kernel,8.0,1.0,5.0,3.0,6.0,4.0,7.0,,2.0,3.0,5.0,7.0,8.0,6.0,2.0,4.0,,1.0,7.0,6.0,3.0,4.0,1.0,2.0,8.0,,5.0,7.0,6.0,1.0,4.0,2.0,3.0,8.0,,5.0,6.0,7.0,3.0,5.0,1.0,2.0,8.0,,4.0
white_wine,Regression,11,1163,16,xgb,sage,permutation,8.0,1.0,4.0,2.0,5.0,3.0,7.0,,6.0,6.0,4.0,5.0,2.0,3.0,1.0,7.0,,8.0,7.0,6.0,1.0,3.0,5.0,4.0,8.0,,2.0,7.0,6.0,1.0,4.0,2.0,3.0,8.0,,5.0,4.0,3.0,1.0,1.0,1.0,1.0,5.0,,2.0
white_wine,Regression,11,1163,16,xgb,shap,kernel,8.0,1.0,4.0,3.0,6.0,5.0,7.0,,2.0,7.0,6.0,3.0,4.0,5.0,8.0,1.0,,2.0,7.0,6.0,2.0,1.0,3.0,5.0,8.0,,4.0,7.0,6.0,1.0,4.0,2.0,3.0,8.0,,5.0,7.0,6.0,2.0,1.0,3.0,4.0,8.0,,5.0
white_wine,Regression,11,1163,16,xgb,shapiq,kernel,8.0,1.0,4.0,3.0,6.0,5.0,7.0,,2.0,6.0,7.0,2.0,5.0,4.0,8.0,3.0,,1.0,7.0,6.0,4.0,2.0,1.0,5.0,8.0,,3.0,7.0,6.0,1.0,4.0,2.0,3.0,8.0,,5.0,7.0,6.0,5.0,1.0,2.0,4.0,8.0,,3.0
white_wine,Regression,11,1163,32,nn,sage,permutation,8.0,1.0,4.0,5.0,6.0,2.0,7.0,,3.0,2.0,4.0,6.0,7.0,5.0,8.0,1.0,,3.0,7.0,6.0,3.0,2.0,4.0,5.0,8.0,,1.0,7.0,5.0,3.0,4.0,1.0,2.0,8.0,,6.0,4.0,3.0,3.0,4.0,2.0,3.0,5.0,,1.0
white_wine,Regression,11,1163,32,nn,shap,kernel,8.0,1.0,4.0,2.0,5.0,3.0,7.0,,6.0,2.0,4.0,8.0,7.0,6.0,3.0,5.0,,1.0,7.0,6.0,5.0,3.0,1.0,2.0,8.0,,4.0,7.0,5.0,3.0,4.0,1.0,2.0,8.0,,6.0,7.0,6.0,5.0,3.0,1.0,2.0,8.0,,4.0
white_wine,Regression,11,1163,32,nn,shapiq,kernel,8.0,1.0,4.0,2.0,6.0,3.0,7.0,,5.0,2.0,8.0,6.0,5.0,7.0,3.0,4.0,,1.0,7.0,6.0,4.0,3.0,1.0,2.0,8.0,,5.0,7.0,5.0,3.0,4.0,1.0,2.0,8.0,,6.0,7.0,6.0,4.0,5.0,2.0,3.0,8.0,,1.0
white_wine,Regression,11,1163,32,xgb,sage,permutation,8.0,1.0,3.0,2.0,5.0,4.0,7.0,,6.0,7.0,5.0,2.0,3.0,6.0,4.0,1.0,,8.0,6.0,7.0,4.0,2.0,3.0,5.0,8.0,,1.0,7.0,5.0,2.0,3.0,1.0,4.0,8.0,,6.0,5.0,6.0,2.0,3.0,2.0,4.0,7.0,,1.0
white_wine,Regression,11,1163,32,xgb,shap,kernel,8.0,1.0,4.0,2.0,6.0,3.0,7.0,,5.0,7.0,6.0,3.0,5.0,4.0,8.0,2.0,,1.0,7.0,6.0,3.0,1.0,2.0,4.0,8.0,,5.0,7.0,5.0,2.0,3.0,1.0,4.0,8.0,,6.0,7.0,6.0,3.0,1.0,2.0,4.0,8.0,,5.0
white_wine,Regression,11,1163,32,xgb,shapiq,kernel,8.0,1.0,3.0,2.0,4.0,5.0,7.0,,6.0,6.0,7.0,2.0,5.0,4.0,8.0,3.0,,1.0,7.0,6.0,3.0,2.0,1.0,4.0,8.0,,5.0,7.0,5.0,2.0,3.0,1.0,4.0,8.0,,6.0,7.0,6.0,4.0,2.0,1.0,3.0,8.0,,5.0
white_wine,Regression,11,1163,64,nn,sage,permutation,8.0,1.0,3.0,4.0,5.0,2.0,7.0,,6.0,2.0,4.0,5.0,6.0,7.0,8.0,1.0,,3.0,6.0,7.0,3.0,4.0,2.0,5.0,8.0,,1.0,7.0,5.0,4.0,3.0,1.0,2.0,8.0,,6.0,2.0,1.0,1.0,1.0,1.0,2.0,3.0,,2.0
white_wine,Regression,11,1163,64,nn,shap,kernel,8.0,1.0,3.0,2.0,5.0,4.0,7.0,,6.0,2.0,4.0,7.0,6.0,8.0,3.0,5.0,,1.0,7.0,6.0,3.0,1.0,2.0,4.0,8.0,,5.0,7.0,5.0,4.0,3.0,1.0,2.0,8.0,,6.0,7.0,6.0,4.0,1.0,2.0,3.0,8.0,,5.0
white_wine,Regression,11,1163,64,nn,shapiq,kernel,8.0,1.0,4.0,2.0,5.0,3.0,7.0,,6.0,2.0,8.0,5.0,4.0,7.0,3.0,6.0,,1.0,7.0,6.0,3.0,1.0,4.0,2.0,8.0,,5.0,7.0,5.0,4.0,3.0,1.0,2.0,8.0,,6.0,7.0,6.0,3.0,2.0,4.0,1.0,8.0,,5.0
white_wine,Regression,11,1163,64,xgb,sage,permutation,8.0,1.0,4.0,2.0,5.0,3.0,6.0,,7.0,7.0,6.0,2.0,3.0,4.0,5.0,1.0,,8.0,7.0,6.0,3.0,4.0,2.0,1.0,8.0,,5.0,7.0,5.0,3.0,2.0,1.0,4.0,8.0,,6.0,5.0,3.0,4.0,2.0,2.0,2.0,6.0,,1.0
white_wine,Regression,11,1163,64,xgb,shap,kernel,8.0,1.0,2.0,3.0,5.0,4.0,7.0,,6.0,7.0,3.0,4.0,6.0,5.0,8.0,2.0,,1.0,7.0,6.0,3.0,4.0,1.0,2.0,8.0,,5.0,7.0,5.0,3.0,2.0,1.0,4.0,8.0,,6.0,7.0,6.0,3.0,4.0,1.0,2.0,8.0,,5.0
white_wine,Regression,11,1163,64,xgb,shapiq,kernel,8.0,1.0,2.0,5.0,4.0,3.0,7.0,,6.0,2.0,7.0,3.0,5.0,4.0,8.0,6.0,,1.0,7.0,6.0,4.0,3.0,1.0,2.0,8.0,,5.0,7.0,5.0,3.0,2.0,1.0,4.0,8.0,,6.0,7.0,6.0,2.0,4.0,1.0,3.0,8.0,,5.0
white_wine,Regression,11,1163,128,nn,sage,permutation,8.0,1.0,3.0,5.0,4.0,2.0,6.0,,7.0,2.0,7.0,4.0,5.0,6.0,8.0,1.0,,3.0,7.0,6.0,3.0,5.0,2.0,4.0,8.0,,1.0,7.0,6.0,3.0,1.0,2.0,4.0,8.0,,5.0,1.0,2.0,4.0,3.0,4.0,2.0,5.0,,2.0
white_wine,Regression,11,1163,128,nn,shap,kernel,8.0,1.0,3.0,2.0,5.0,4.0,6.0,,7.0,2.0,4.0,6.0,7.0,8.0,3.0,5.0,,1.0,7.0,6.0,4.0,3.0,5.0,2.0,8.0,,1.0,7.0,6.0,3.0,1.0,2.0,4.0,8.0,,5.0,7.0,6.0,4.0,2.0,5.0,1.0,8.0,,3.0
white_wine,Regression,11,1163,128,nn,shapiq,kernel,8.0,1.0,4.0,3.0,5.0,2.0,6.0,,7.0,2.0,8.0,4.0,5.0,7.0,3.0,6.0,,1.0,7.0,6.0,4.0,3.0,2.0,1.0,8.0,,5.0,7.0,6.0,3.0,1.0,2.0,4.0,8.0,,5.0,7.0,6.0,3.0,4.0,2.0,1.0,8.0,,5.0
white_wine,Regression,11,1163,128,xgb,sage,permutation,8.0,1.0,4.0,2.0,5.0,3.0,6.0,,7.0,7.0,6.0,4.0,5.0,2.0,3.0,1.0,,8.0,5.0,7.0,4.0,3.0,1.0,2.0,8.0,,6.0,7.0,6.0,3.0,1.0,2.0,4.0,8.0,,5.0,2.0,1.0,3.0,1.0,3.0,1.0,4.0,,1.0
white_wine,Regression,11,1163,128,xgb,shap,kernel,8.0,1.0,3.0,4.0,5.0,2.0,6.0,,7.0,7.0,3.0,4.0,6.0,5.0,8.0,2.0,,1.0,7.0,6.0,2.0,4.0,3.0,1.0,8.0,,5.0,7.0,6.0,3.0,1.0,2.0,4.0,8.0,,5.0,7.0,5.0,2.0,4.0,3.0,1.0,8.0,,6.0
white_wine,Regression,11,1163,128,xgb,shapiq,kernel,8.0,1.0,3.0,2.0,4.0,5.0,6.0,,7.0,2.0,7.0,3.0,5.0,4.0,8.0,6.0,,1.0,7.0,6.0,4.0,1.0,3.0,2.0,8.0,,5.0,7.0,6.0,3.0,1.0,2.0,4.0,8.0,,5.0,7.0,6.0,3.0,2.0,1.0,4.0,8.0,,5.0
wilt,Classification,5,1206,8,nn,sage,permutation,9.0,1.0,5.0,4.0,7.0,6.0,8.0,2.0,3.0,8.0,4.0,7.0,3.0,5.0,6.0,1.0,2.0,9.0,8.0,7.0,2.0,4.0,3.0,5.0,9.0,6.0,1.0,7.0,8.0,3.0,1.0,4.0,2.0,9.0,5.0,6.0,1.0,1.0,1.0,1.0,1.0,1.0,1.0,1.0,1.0
wilt,Classification,5,1206,8,nn,shap,kernel,9.0,1.0,5.0,4.0,7.0,6.0,8.0,2.0,3.0,7.0,5.0,2.0,4.0,3.0,6.0,1.0,9.0,8.0,8.0,5.0,3.0,2.0,1.0,4.0,9.0,7.0,6.0,7.0,8.0,3.0,1.0,4.0,2.0,9.0,5.0,6.0,1.0,1.0,1.0,1.0,1.0,1.0,1.0,1.0,1.0
wilt,Classification,5,1206,8,nn,shapiq,kernel,9.0,1.0,5.0,4.0,7.0,6.0,8.0,2.0,3.0,9.0,5.0,4.0,1.0,3.0,7.0,2.0,6.0,8.0,9.0,7.0,1.0,4.0,2.0,5.0,6.0,8.0,3.0,7.0,8.0,3.0,1.0,4.0,2.0,9.0,5.0,6.0,9.0,6.0,4.0,3.0,1.0,2.0,8.0,7.0,5.0
wilt,Classification,5,1206,8,xgb,sage,permutation,9.0,1.0,5.0,4.0,8.0,6.0,7.0,2.0,3.0,4.0,8.0,6.0,7.0,5.0,3.0,1.0,2.0,9.0,5.0,2.0,6.0,7.0,8.0,4.0,9.0,1.0,3.0,7.0,8.0,3.0,1.0,4.0,2.0,9.0,5.0,6.0,1.0,1.0,1.0,1.0,1.0,1.0,1.0,1.0,1.0
wilt,Classification,5,1206,8,xgb,shap,kernel,9.0,1.0,5.0,4.0,8.0,6.0,7.0,2.0,3.0,6.0,4.0,3.0,5.0,2.0,9.0,1.0,8.0,7.0,8.0,4.0,3.0,2.0,1.0,5.0,9.0,6.0,7.0,7.0,8.0,3.0,1.0,4.0,2.0,9.0,5.0,6.0,1.0,1.0,1.0,1.0,1.0,1.0,1.0,1.0,1.0
wilt,Classification,5,1206,8,xgb,shapiq,kernel,9.0,1.0,5.0,4.0,7.0,6.0,8.0,2.0,3.0,2.0,7.0,5.0,6.0,4.0,8.0,3.0,9.0,1.0,8.0,7.0,1.0,3.0,2.0,4.0,9.0,6.0,5.0,7.0,8.0,3.0,1.0,4.0,2.0,9.0,5.0,6.0,7.0,6.0,1.0,5.0,3.0,4.0,9.0,8.0,2.0
wilt,Classification,5,1206,16,nn,sage,permutation,9.0,1.0,5.0,4.0,7.0,6.0,8.0,2.0,3.0,2.0,6.0,5.0,3.0,7.0,8.0,1.0,4.0,9.0,6.0,7.0,1.0,8.0,3.0,2.0,9.0,4.0,5.0,7.0,8.0,2.0,1.0,3.0,4.0,9.0,5.0,6.0,1.0,1.0,1.0,1.0,1.0,1.0,1.0,1.0,1.0
wilt,Classification,5,1206,16,nn,shap,kernel,9.0,1.0,4.0,3.0,7.0,5.0,8.0,2.0,6.0,8.0,6.0,2.0,3.0,5.0,4.0,1.0,9.0,7.0,6.0,5.0,4.0,3.0,2.0,1.0,9.0,7.0,8.0,7.0,8.0,2.0,1.0,3.0,4.0,9.0,5.0,6.0,1.0,1.0,1.0,1.0,1.0,1.0,1.0,1.0,1.0
wilt,Classification,5,1206,16,nn,shapiq,kernel,9.0,1.0,6.0,4.0,7.0,5.0,8.0,2.0,3.0,9.0,5.0,2.0,4.0,3.0,7.0,1.0,6.0,8.0,8.0,7.0,4.0,3.0,5.0,1.0,9.0,6.0,2.0,7.0,8.0,2.0,1.0,3.0,4.0,9.0,5.0,6.0,8.0,7.0,3.0,2.0,5.0,1.0,9.0,6.0,4.0
wilt,Classification,5,1206,16,xgb,sage,permutation,9.0,1.0,4.0,3.0,6.0,5.0,7.0,2.0,8.0,3.0,4.0,9.0,8.0,5.0,7.0,1.0,2.0,6.0,5.0,4.0,1.0,8.0,7.0,2.0,9.0,3.0,6.0,7.0,8.0,2.0,1.0,3.0,4.0,9.0,5.0,6.0,1.0,1.0,1.0,1.0,1.0,1.0,1.0,1.0,1.0
wilt,Classification,5,1206,16,xgb,shap,kernel,9.0,1.0,5.0,3.0,6.0,7.0,8.0,2.0,4.0,7.0,4.0,2.0,5.0,3.0,9.0,1.0,8.0,6.0,6.0,5.0,4.0,3.0,2.0,1.0,9.0,7.0,8.0,7.0,8.0,2.0,1.0,3.0,4.0,9.0,5.0,6.0,1.0,1.0,1.0,1.0,1.0,1.0,1.0,1.0,1.0
wilt,Classification,5,1206,16,xgb,shapiq,kernel,9.0,1.0,5.0,4.0,7.0,6.0,8.0,2.0,3.0,2.0,8.0,6.0,3.0,5.0,7.0,4.0,9.0,1.0,8.0,7.0,6.0,4.0,3.0,2.0,9.0,5.0,1.0,7.0,8.0,2.0,1.0,3.0,4.0,9.0,5.0,6.0,7.0,6.0,5.0,4.0,2.0,3.0,9.0,8.0,1.0
wilt,Classification,5,1206,32,nn,sage,permutation,9.0,1.0,4.0,3.0,6.0,5.0,7.0,2.0,8.0,3.0,9.0,7.0,5.0,6.0,2.0,1.0,8.0,4.0,6.0,7.0,1.0,2.0,3.0,4.0,9.0,5.0,8.0,7.0,6.0,2.0,3.0,4.0,1.0,9.0,5.0,8.0,1.0,1.0,1.0,1.0,1.0,1.0,1.0,1.0,1.0
wilt,Classification,5,1206,32,nn,shap,kernel,9.0,1.0,4.0,3.0,6.0,5.0,7.0,2.0,8.0,7.0,4.0,3.0,6.0,5.0,2.0,1.0,9.0,8.0,5.0,6.0,3.0,2.0,4.0,1.0,9.0,7.0,8.0,7.0,6.0,2.0,3.0,4.0,1.0,9.0,5.0,8.0,1.0,1.0,1.0,1.0,1.0,1.0,1.0,1.0,1.0
wilt,Classification,5,1206,32,nn,shapiq,kernel,9.0,1.0,6.0,4.0,7.0,5.0,8.0,2.0,3.0,8.0,5.0,2.0,4.0,6.0,1.0,3.0,9.0,7.0,7.0,6.0,4.0,2.0,1.0,3.0,9.0,8.0,5.0,7.0,6.0,2.0,3.0,4.0,1.0,9.0,5.0,8.0,8.0,5.0,1.0,2.0,3.0,4.0,9.0,6.0,7.0
wilt,Classification,5,1206,32,xgb,sage,permutation,9.0,1.0,4.0,3.0,6.0,5.0,7.0,2.0,8.0,4.0,6.0,9.0,8.0,7.0,5.0,1.0,3.0,2.0,6.0,7.0,3.0,2.0,4.0,1.0,9.0,5.0,8.0,7.0,6.0,1.0,3.0,4.0,2.0,9.0,5.0,8.0,1.0,1.0,1.0,1.0,1.0,1.0,1.0,1.0,1.0
wilt,Classification,5,1206,32,xgb,shap,kernel,9.0,1.0,4.0,3.0,6.0,5.0,8.0,2.0,7.0,7.0,5.0,3.0,4.0,2.0,9.0,1.0,8.0,6.0,5.0,6.0,3.0,1.0,4.0,2.0,9.0,7.0,8.0,7.0,6.0,1.0,3.0,4.0,2.0,9.0,5.0,8.0,1.0,1.0,1.0,1.0,1.0,1.0,1.0,1.0,1.0
wilt,Classification,5,1206,32,xgb,shapiq,kernel,9.0,1.0,5.0,4.0,7.0,6.0,8.0,2.0,3.0,2.0,8.0,4.0,5.0,3.0,7.0,6.0,9.0,1.0,6.0,7.0,5.0,3.0,1.0,4.0,9.0,8.0,2.0,7.0,6.0,1.0,3.0,4.0,2.0,9.0,5.0,8.0,7.0,5.0,6.0,2.0,3.0,4.0,9.0,8.0,1.0
wilt,Classification,5,1206,64,nn,sage,permutation,9.0,1.0,4.0,3.0,7.0,5.0,6.0,2.0,8.0,2.0,9.0,5.0,8.0,6.0,4.0,1.0,7.0,3.0,6.0,5.0,2.0,1.0,4.0,3.0,9.0,7.0,8.0,7.0,6.0,1.0,3.0,4.0,2.0,9.0,5.0,8.0,1.0,1.0,1.0,1.0,1.0,1.0,1.0,1.0,1.0
wilt,Classification,5,1206,64,nn,shap,kernel,9.0,1.0,4.0,3.0,6.0,5.0,7.0,2.0,8.0,3.0,8.0,6.0,5.0,4.0,1.0,2.0,9.0,7.0,6.0,5.0,2.0,3.0,4.0,1.0,9.0,7.0,8.0,7.0,6.0,1.0,3.0,4.0,2.0,9.0,5.0,8.0,1.0,1.0,1.0,1.0,1.0,1.0,1.0,1.0,1.0
wilt,Classification,5,1206,64,nn,shapiq,kernel,9.0,1.0,5.0,3.0,6.0,4.0,7.0,2.0,8.0,3.0,8.0,6.0,4.0,7.0,2.0,5.0,9.0,1.0,7.0,5.0,4.0,1.0,2.0,3.0,9.0,6.0,8.0,7.0,6.0,1.0,3.0,4.0,2.0,9.0,5.0,8.0,8.0,6.0,3.0,2.0,1.0,5.0,9.0,4.0,7.0
wilt,Classification,5,1206,64,xgb,sage,permutation,9.0,1.0,4.0,3.0,7.0,5.0,6.0,2.0,8.0,4.0,8.0,6.0,9.0,7.0,5.0,1.0,3.0,2.0,7.0,5.0,3.0,1.0,4.0,2.0,9.0,6.0,8.0,7.0,6.0,2.0,3.0,4.0,1.0,9.0,5.0,8.0,1.0,1.0,1.0,1.0,1.0,1.0,1.0,1.0,1.0
wilt,Classification,5,1206,64,xgb,shap,kernel,9.0,1.0,4.0,3.0,6.0,5.0,7.0,2.0,8.0,6.0,5.0,2.0,4.0,3.0,9.0,1.0,8.0,7.0,6.0,5.0,3.0,2.0,4.0,1.0,9.0,7.0,8.0,7.0,6.0,2.0,3.0,4.0,1.0,9.0,5.0,8.0,1.0,1.0,1.0,1.0,1.0,1.0,1.0,1.0,1.0
wilt,Classification,5,1206,64,xgb,shapiq,kernel,9.0,1.0,4.0,3.0,6.0,5.0,7.0,2.0,8.0,2.0,7.0,4.0,5.0,6.0,8.0,3.0,9.0,1.0,6.0,5.0,4.0,3.0,1.0,2.0,9.0,8.0,7.0,7.0,6.0,2.0,3.0,4.0,1.0,9.0,5.0,8.0,8.0,4.0,5.0,3.0,1.0,2.0,9.0,6.0,7.0
wilt,Classification,5,1206,128,nn,sage,permutation,8.0,1.0,4.0,2.0,6.0,3.0,5.0,,7.0,7.0,6.0,4.0,5.0,8.0,3.0,1.0,,2.0,6.0,5.0,1.0,4.0,2.0,3.0,8.0,,7.0,6.0,5.0,1.0,2.0,3.0,4.0,8.0,,7.0,1.0,1.0,1.0,1.0,1.0,1.0,1.0,,1.0
wilt,Classification,5,1206,128,nn,shap,kernel,8.0,1.0,4.0,2.0,5.0,3.0,6.0,,7.0,4.0,7.0,5.0,8.0,6.0,1.0,2.0,,3.0,6.0,5.0,1.0,3.0,4.0,2.0,8.0,,7.0,6.0,5.0,1.0,2.0,3.0,4.0,8.0,,7.0,1.0,1.0,1.0,1.0,1.0,1.0,1.0,,1.0
wilt,Classification,5,1206,128,nn,shapiq,kernel,8.0,1.0,3.0,2.0,5.0,4.0,6.0,,7.0,3.0,8.0,4.0,6.0,5.0,2.0,7.0,,1.0,6.0,5.0,3.0,2.0,1.0,4.0,8.0,,7.0,6.0,5.0,1.0,2.0,3.0,4.0,8.0,,7.0,7.0,4.0,5.0,2.0,1.0,3.0,8.0,,6.0
wilt,Classification,5,1206,128,xgb,sage,permutation,8.0,1.0,3.0,2.0,5.0,4.0,6.0,,7.0,6.0,3.0,5.0,7.0,8.0,4.0,1.0,,2.0,6.0,5.0,3.0,1.0,2.0,4.0,8.0,,7.0,6.0,5.0,1.0,2.0,3.0,4.0,8.0,,7.0,1.0,1.0,1.0,1.0,1.0,1.0,1.0,,1.0
wilt,Classification,5,1206,128,xgb,shap,kernel,8.0,1.0,2.0,4.0,5.0,3.0,6.0,,7.0,6.0,5.0,2.0,4.0,3.0,8.0,1.0,,7.0,6.0,5.0,1.0,3.0,4.0,2.0,8.0,,7.0,6.0,5.0,1.0,2.0,3.0,4.0,8.0,,7.0,1.0,1.0,1.0,1.0,1.0,1.0,1.0,,1.0
wilt,Classification,5,1206,128,xgb,shapiq,kernel,8.0,1.0,3.0,2.0,5.0,4.0,6.0,,7.0,2.0,7.0,3.0,5.0,6.0,8.0,4.0,,1.0,6.0,4.0,3.0,2.0,1.0,5.0,8.0,,7.0,6.0,5.0,1.0,2.0,3.0,4.0,8.0,,7.0,6.0,4.0,3.0,2.0,1.0,5.0,8.0,,7.0