dataset,size,model,explainer,strategy,compression_time_arfpy_Not needed,compression_time_iid_Not needed,compression_time_kernel_thinning_gaussian,compression_time_kernel_thinning_inverse_multiquadric,compression_time_kernel_thinning_matern,compression_time_kernel_thinning_predictions,compression_time_kernel_thinning_sobolev,compression_time_kernel_thinning_stratified,compression_time_stein_thinning_Not needed,explanation_time_arfpy_Not needed,explanation_time_iid_Not needed,explanation_time_kernel_thinning_gaussian,explanation_time_kernel_thinning_inverse_multiquadric,explanation_time_kernel_thinning_matern,explanation_time_kernel_thinning_predictions,explanation_time_kernel_thinning_sobolev,explanation_time_kernel_thinning_stratified,explanation_time_stein_thinning_Not needed,mae_arfpy_Not needed,mae_iid_Not needed,mae_kernel_thinning_gaussian,mae_kernel_thinning_inverse_multiquadric,mae_kernel_thinning_matern,mae_kernel_thinning_predictions,mae_kernel_thinning_sobolev,mae_kernel_thinning_stratified,mae_stein_thinning_Not needed,mmd_arfpy_Not needed,mmd_iid_Not needed,mmd_kernel_thinning_gaussian,mmd_kernel_thinning_inverse_multiquadric,mmd_kernel_thinning_matern,mmd_kernel_thinning_predictions,mmd_kernel_thinning_sobolev,mmd_kernel_thinning_stratified,mmd_stein_thinning_Not needed,top_k_arfpy_Not needed,top_k_iid_Not needed,top_k_kernel_thinning_gaussian,top_k_kernel_thinning_inverse_multiquadric,top_k_kernel_thinning_matern,top_k_kernel_thinning_predictions,top_k_kernel_thinning_sobolev,top_k_kernel_thinning_stratified,top_k_stein_thinning_Not needed
GesturePhaseSegmentationProcessed,8,nn,expected_gradients,na,76.93097550868988,0.0002288579940795,0.0179893970489501,0.0122439622879027,0.0171433210372924,0.0225667476654052,0.0836996793746947,,0.0362104177474975,81.16469702720642,178.1815761089325,135.12113599777223,138.64408786296843,141.40071635246278,154.34722747802735,136.0842295885086,,79.75323793888091,0.0916286826133727,0.0752588782459497,0.0499774925410747,0.0459708087146282,0.0533073805272579,0.0515987873077392,0.8595378398895264,,0.0529433935880661,0.0922321303933867,0.0745442681996854,0.0309782627024894,0.0333926177723922,0.0320120599656575,0.0308939362833996,1.4291546116570353,,0.0476313852213665,0.6672904009720535,0.7003726204941272,0.7806399351964358,0.7901174564601052,0.7956257594167678,0.7491292021061158,0.366383151073309,,0.7701093560145807
GesturePhaseSegmentationProcessed,16,nn,expected_gradients,na,82.51274783611298,0.0002693891525267,0.0133352518081664,0.0127943038940429,0.0162337541580199,0.0132358074188231,0.0823038101196288,,0.033447766304016,137.65050644874572,225.0827764749527,177.0044252872467,183.77773628234863,183.42528049945832,251.43601682186127,183.83897352218628,,134.5982377052307,0.0714058283716439,0.0621185716241597,0.0336853452026844,0.0334229804575443,0.0403989255428314,0.035159284621477,0.8595378398895264,,0.0447180494666099,0.058395777012166,0.0341369020283416,0.0154566014175927,0.0146965486984965,0.0159884592385729,0.0160914867838807,1.4291546116570348,,0.0337274119260894,0.7199837991089509,0.7595787768327258,0.8605103280680438,0.8363872012960714,0.8223572296476306,0.8398217901984608,0.366383151073309,,0.7865532604293236
GesturePhaseSegmentationProcessed,17,nn,expected_gradients,na,,,,,,,,0.0024603843688964,,,,,,,,,142.43291838169097,,,,,,,,,0.0391841676086186,,,,,,,,,0.0202562600343842,,,,,,,,,0.8193438639125151,
GesturePhaseSegmentationProcessed,32,nn,expected_gradients,na,84.36635582447052,0.0002075672149657,0.0158126354217528,0.0146004676818847,0.0195441722869872,0.013105797767639,0.0822933673858642,,0.064974284172058,228.22296075820924,332.92752118110656,283.9976872205734,288.85365946292876,289.26047656536105,428.3261404275894,289.05959408283235,,225.5234042882919,0.0493461046367883,0.0469027223065494,0.0289488650858401,0.0288041539490222,0.0316903870552777,0.0311849765479564,0.66719651222229,,0.0300879534333943,0.0338670784311162,0.0187919067153316,0.007710903285219,0.0077826617777237,0.0080820156253049,0.0074527367203192,1.4250902722310668,,0.0182987548059584,0.7842851356824625,0.8015228837586067,0.8662292426083434,0.8674686107735925,0.8579181855002025,0.8521101660591333,0.3276306196840826,,0.8306196840826244
GesturePhaseSegmentationProcessed,34,nn,expected_gradients,na,,,,,,,,0.0030987262725829,,,,,,,,,227.22451469898223,,,,,,,,,0.0347508249804377,,,,,,,,,0.0122547194433667,,,,,,,,,0.8415390846496557,
GesturePhaseSegmentationProcessed,64,nn,expected_gradients,na,80.61949148178101,0.0002292394638061,0.014088225364685,0.012583303451538,0.0181328535079955,0.0279953956604003,0.0821231603622436,,0.1243202686309814,361.4366433858871,483.3795666456223,432.35680413246155,436.2790086507797,436.9529313087463,625.6939761161805,433.1057841300964,,356.83966999053956,0.0365268403664231,0.0313162505626677,0.0227981887757777,0.0224474417045711,0.0215063873678445,0.0235224746167659,0.5229405164718628,,0.0247249230742454,0.0237293514330667,0.0092861680334147,0.0038245606284055,0.0039718043844849,0.0038718026150942,0.0038088011205188,1.4220420176615909,,0.0169410738522777,0.8215714864317537,0.8490562980963953,0.8962575941676793,0.8969866342648846,0.8974807614418792,0.8939894694208181,0.2985662211421628,,0.8559740785743214
GesturePhaseSegmentationProcessed,68,nn,expected_gradients,na,,,,,,,,0.0028316259384154,,,,,,,,,361.97922134399414,,,,,,,,,0.0302699448540806,,,,,,,,,0.0073925152600324,,,,,,,,,0.859983799108951,
GesturePhaseSegmentationProcessed,128,nn,expected_gradients,na,64.90974595546723,0.0002845525741576,0.0155016899108886,0.0132506847381591,0.0166828870773315,0.0198081016540526,0.0839620351791381,,0.2369614601135254,655.0206706047059,813.5336249113083,764.4967355489731,769.3744476318359,769.6967985868454,973.830431675911,764.0490008592606,,644.5141564846039,0.0251557584851979,0.0227758837863802,0.0195707388222217,0.01814820561558,0.0173358146101235,0.0198779756203293,0.3786845207214355,,0.0262296386063098,0.011225171034864,0.004320569129496,0.0021376719346568,0.0021628550534703,0.0022232459860119,0.0021425236534784,1.4189937630921148,,0.0197762613330099,0.868473066018631,0.8771972458485215,0.8998541919805589,0.9144106925880924,0.921992709599028,0.9097043337383556,0.269501822600243,,0.8382341028756581
GesturePhaseSegmentationProcessed,136,nn,expected_gradients,na,,,,,,,,0.0027288198471068,,,,,,,,,685.6326403141022,,,,,,,,,0.0271060049533843,,,,,,,,,0.0052072853008975,,,,,,,,,0.8732280275415147,
PhishingWebsites,4,nn,sage,permutation,,,,,,,,0.0031154394149779,,,,,,,,,0.5950133323669433,,,,,,,,,0.004010968541963,,,,,,,,,0.1403811340664497,,,,,,,,,0.92,
PhishingWebsites,4,nn,shap,kernel,,,,,,,,0.0031565189361571,,,,,,,,,120.78204588890075,,,,,,,,,0.0087983058539612,,,,,,,,,0.1403811340664497,,,,,,,,,0.795493965131873,
PhishingWebsites,4,nn,shapiq,kernel,,,,,,,,0.0034836053848265,,,,,,,,,1220.6784902095794,,,,,,,,,0.0038669997665805,,,,,,,,,0.1403811340664497,,,,,,,,,0.4847295485024586,
PhishingWebsites,4,xgb,sage,permutation,,,,,,,,0.0039205789566039,,,,,,,,,0.617927360534668,,,,,,,,,0.0041457105222291,,,,,,,,,0.1398995309027646,,,,,,,,,0.8800000000000001,
PhishingWebsites,4,xgb,shap,kernel,,,,,,,,0.0042425870895385,,,,,,,,,168.7390417098999,,,,,,,,,0.0092896581005925,,,,,,,,,0.1398995309027646,,,,,,,,,0.7576396960214573,
PhishingWebsites,4,xgb,shapiq,kernel,,,,,,,,0.0044256448745727,,,,,,,,,1291.349006772041,,,,,,,,,0.0039286900311829,,,,,,,,,0.1398995309027646,,,,,,,,,0.4279660259275816,
PhishingWebsites,8,nn,sage,permutation,45.79014453887939,0.0001964807510375,0.0135619640350341,0.0111450672149657,0.0154236555099486,0.0131919860839843,0.0512004137039184,0.0031575679779052,0.0314354419708251,0.7801497459411622,0.4434448480606079,0.9708526372909546,0.5027498960494995,0.5034438371658325,0.8708841800689697,0.4860138654708862,0.4017091035842896,0.8928189039230346,0.0051395807623037,0.0046325869410667,0.0020942313637397,0.0022847669392322,0.0021950283527165,0.0020503206873821,0.2458610254651171,0.0023658622800332,0.0047469507897246,0.1047195082386613,0.0886749811451477,0.0509809577019398,0.0494600414258605,0.0509809577019398,0.0509809577019398,1.1717166568364807,0.0609193065178399,0.0984965238120375,0.8800000000000001,0.9,0.9,0.8,0.8800000000000001,0.8400000000000001,0.6799999999999999,0.94,1.0
PhishingWebsites,8,nn,shap,kernel,46.51771309375763,0.0002423763275146,0.012968611717224,0.0116252183914183,0.0158420801162719,0.0122714757919311,0.0571674585342406,0.0031869649887084,0.0163646459579467,143.12302515506744,172.5798576593399,169.94552912712098,168.3540967464447,168.6939556121826,155.21005239486695,158.15994172096254,154.95306525230407,145.78354358673096,0.0105334118530983,0.0088147467136281,0.0045584888097299,0.0044825467541137,0.0045678250500664,0.0045580488992293,0.027151541781808,0.0057869432609428,0.0066470227583071,0.1047195082386613,0.0886749811451477,0.0509809577019398,0.0494600414258605,0.0509809577019398,0.0509809577019398,1.1717166568364807,0.0609193065178399,0.0984965238120375,0.7481448368350468,0.8006616003576218,0.8685382208314707,0.857299955297273,0.8691104157353597,0.8690835940992401,0.375860527492177,0.8666607063030843,0.8639696021457308
PhishingWebsites,8,nn,shapiq,kernel,46.50281174182892,0.0002317190170287,0.0152123928070067,0.0149342536926269,0.0225514411926269,0.0135401248931884,0.057630157470703,0.003199553489685,0.0190597534179687,1457.2265727758409,1521.4539522647858,1510.2163922071456,1502.9563230991364,1506.2686595916748,1481.1176283597947,1516.049246263504,1470.0354090213775,1370.8388863563537,0.0038552175201594,0.0036049091730348,0.0033634715286589,0.0033505224408283,0.0033657130812057,0.0033653198265586,0.0077859134355323,0.0033966676501326,0.0034925276405306,0.1047195082386613,0.0886749811451477,0.0509809577019398,0.0494600414258605,0.0509809577019398,0.0509809577019398,1.1717166568364807,0.0609193065178399,0.0984965238120375,0.4356548949485918,0.4946893160482789,0.5266249441215913,0.5243272239606616,0.5266160035762182,0.5269021010281627,0.1559678140366562,0.5369870362092087,0.5412874385337505
PhishingWebsites,8,xgb,sage,permutation,45.62889568805694,0.0001745223999022,0.012334108352661,0.011460256576538,0.0151005744934081,0.0155756711959838,0.0506966829299926,0.0032582998275756,0.0154933691024779,0.8445049047470092,0.743322229385376,0.9305091619491576,0.7485755681991577,0.6922034740447998,3.5730190515518188,0.6915794372558594,0.7098979949951172,0.8826208591461182,0.0318412099009888,0.0045946913093532,0.0024652821289753,0.0023302105739866,0.0025521168978367,0.0025593339735509,0.2041056695469937,0.0028486607670725,0.0048725031132793,0.1047195082386613,0.0886749811451477,0.0509809577019398,0.0494600414258605,0.0509809577019398,0.0522280118004849,1.1717166568364807,0.0610293300003666,0.0984965238120375,0.72,0.8800000000000001,0.96,0.8400000000000001,0.86,1.0,0.6599999999999999,0.9,0.8200000000000001
PhishingWebsites,8,xgb,shap,kernel,46.56824681758881,0.0001909017562865,0.0159630775451659,0.0195277214050292,0.0234184980392455,0.0178316593170165,0.0548160791397094,0.0035183191299438,0.033570384979248,242.74594061374663,271.22254519462587,265.6276298999786,265.71784219741824,266.30415358543394,275.9227205753326,256.42139225006105,248.19548630714417,226.4358004570007,0.0141833568662868,0.0089278213465145,0.0046207356755839,0.0043678517344248,0.0046210391667195,0.0057889982127043,0.0307787984054156,0.0064314759238593,0.0071268422222001,0.1047195082386613,0.0886749811451477,0.0509809577019398,0.0494600414258605,0.0509809577019398,0.0522280118004849,1.1717166568364807,0.0610293300003666,0.0984965238120375,0.7094590970049173,0.7689584264640142,0.8494322753687975,0.8469289226642825,0.8487796155565489,0.8143048725972284,0.4289316048278945,0.8154313813142601,0.7945909700491729
PhishingWebsites,8,xgb,shapiq,kernel,47.72772195339203,0.0001921176910399,0.0139003992080688,0.0140049695968627,0.0171602249145507,0.0538455486297606,0.0506439447402953,0.0044638872146606,0.0542866230010985,1667.4555807590484,1588.1494213819503,1584.2385064840316,1583.915298819542,1584.2947088479996,1791.206929898262,1585.3684678792954,1634.9623720645905,1728.7432574510574,0.0036460906690092,0.0033370314106475,0.0030911818851216,0.003091248359881,0.0030932362412888,0.0039990776815235,0.0075709186333056,0.0032138745122243,0.0030965319987331,0.1047195082386613,0.0886749811451477,0.0509809577019398,0.0494600414258605,0.0509809577019398,0.0522280118004849,1.1717166568364807,0.0610293300003666,0.0984965238120375,0.3913902548055431,0.4695395619132766,0.5326329906124274,0.5318372820742066,0.5307107733571748,0.4255967814036656,0.1658024139472507,0.5020116227089853,0.5182208314707197
PhishingWebsites,16,nn,sage,permutation,53.86165633201599,0.0001874685287475,0.0137028455734252,0.0121591567993163,0.0163569688796996,0.0131204843521117,0.0527893781661986,0.0031185626983642,0.028415822982788,0.6138014316558837,0.9012282133102416,0.9756053447723388,0.957774019241333,0.944559407234192,0.8398556709289551,0.9349012613296508,0.9598489999771118,0.823296070098877,0.0028876604844936,0.0032416150177271,0.0019064827416295,0.0021483703369245,0.001608616801743,0.0018658439417373,0.2471397590683717,0.0018143480221172,0.0038136605232504,0.0534633223593166,0.0499379091505645,0.0231367383345657,0.0244361799228289,0.0218422644230988,0.0231367383345657,1.1717166568364807,0.026303491239697,0.0403220498646434,0.9,0.94,0.8,0.94,0.9,0.8,0.7,0.92,1.0
PhishingWebsites,16,nn,shap,kernel,54.72713477611542,0.0002434730529784,0.0178363323211669,0.0114864110946654,0.0158059358596801,0.0121936082839965,0.05210382938385,0.0031417369842528,0.0255580186843871,197.8899581193924,260.75980751514436,240.62245137691497,238.2909379720688,237.83492879867555,216.13209590911865,219.83671400547027,226.04767463207244,214.9810141324997,0.0072393587212424,0.0069174173992501,0.003600854912376,0.0039625823957913,0.0026827411879766,0.0036055233201213,0.0271579590956683,0.0040669878994244,0.0053123796739488,0.0534633223593166,0.0499379091505645,0.0231367383345657,0.0244361799228289,0.0218422644230988,0.0231367383345657,1.1717166568364807,0.026303491239697,0.0403220498646434,0.8203933839964238,0.8281627179257935,0.9050245864997764,0.8560572194903889,0.917568171658471,0.9063388466696468,0.3765668305766652,0.8851765757711221,0.89045149754135
PhishingWebsites,16,nn,shapiq,kernel,54.75804834365845,0.0002358436584472,0.0144974708557128,0.0129350185394286,0.0160974025726317,0.0137663841247558,0.053071641921997,0.0033655881881713,0.0475958347320556,1963.4446955680849,2064.917531657219,2027.5822117090224,2025.5352187871931,2018.278932952881,1998.518806695938,2025.897660589218,1969.4193131685256,1846.7554168224335,0.0032053022484855,0.0031411095891062,0.0028702530623345,0.0028995254162521,0.002800916053172,0.0028690008905819,0.0077842019932038,0.0029060607095631,0.0032647177288007,0.0534633223593166,0.0499379091505645,0.0231367383345657,0.0244361799228289,0.0218422644230988,0.0231367383345657,1.1717166568364807,0.026303491239697,0.0403220498646434,0.5265623603039785,0.5501654000894055,0.6186320965578901,0.6082968261063926,0.6452659812248547,0.6176575771122038,0.1566741171211443,0.6189628967367009,0.5736969155118462
PhishingWebsites,16,xgb,sage,permutation,53.77748281955719,0.0001730442047118,0.0123035669326781,0.0113218545913695,0.0155543088912963,0.0145619869232177,0.0511080265045165,0.003597593307495,0.0333323001861571,1.2675646543502808,1.3721718788146973,1.3523678302764892,1.2561920881271362,1.3199994087219238,1.324388527870178,1.2938891172409055,1.38295476436615,1.333977508544922,0.0100550423329481,0.0030463196891725,0.0022041107314524,0.002220915958887,0.0016961293985469,0.0019083291499981,0.2057816089529881,0.0017813853949129,0.003992494405309,0.0534633223593166,0.0499379091505645,0.0231367383345657,0.0244361799228289,0.0218422644230988,0.0215850312911946,1.1717166568364807,0.0263117516029495,0.0403220498646434,0.8,0.94,1.0,0.9,1.0,0.8200000000000001,0.6799999999999999,0.92,0.8400000000000001
PhishingWebsites,16,xgb,shap,kernel,54.80716161727905,0.0002665281295775,0.0134894132614135,0.013423991203308,0.0198190927505492,0.0145657300949096,0.0544213771820068,0.0032383441925048,0.0359690904617309,381.7993005037307,425.5963658809662,412.69976823329927,418.7725355386734,417.6285791158677,433.47193613052366,404.19623055458067,392.69507894515993,369.2748627662658,0.0115740873575398,0.0068853586334133,0.0038714243199824,0.0044880521901781,0.0036492431583095,0.0040052714242709,0.0307784322504953,0.0047504836720092,0.0057394767914169,0.0534633223593166,0.0499379091505645,0.0231367383345657,0.0244361799228289,0.0218422644230988,0.0215850312911946,1.1717166568364807,0.0263117516029495,0.0403220498646434,0.7574877067501118,0.80998658918194,0.8603308001788108,0.8129280286097451,0.8518104604380866,0.8581761287438534,0.4294948591864103,0.8475100581135449,0.8288332588287884
PhishingWebsites,16,xgb,shapiq,kernel,55.438452529907224,0.0006064414978026,0.0125495433807372,0.0119240045547484,0.0149349927902221,0.0191784381866454,0.0495635509490966,0.0046928882598876,0.0673739910125732,2375.7015614032744,2260.95359108448,2253.7669241189956,2255.86982691288,2255.9030961275103,2543.593475151062,2255.8481792926787,2324.1431287765504,2467.856091117859,0.0032897454574682,0.0029427051315555,0.0026949574639998,0.0027041873262198,0.0026067015076729,0.0026272164527899,0.0075704150563022,0.0027669607889257,0.0028409418241386,0.0534633223593166,0.0499379091505645,0.0231367383345657,0.0244361799228289,0.0218422644230988,0.0215850312911946,1.1717166568364807,0.0263117516029495,0.0403220498646434,0.4539472507822976,0.5253285650424676,0.603272239606616,0.588413053196245,0.6134286991506481,0.6019222172552525,0.1654984354045596,0.5741886455073759,0.5625301743406348
PhishingWebsites,32,nn,sage,permutation,50.78929743766785,0.0001948595046996,0.0179905414581298,0.0141283988952636,0.0163772344589233,0.0133335590362548,0.0549104928970336,0.0031403064727782,0.0520797491073608,1.1450133562088012,1.6860334634780885,1.845890259742737,1.8788629293441772,1.821864366531372,1.6636274099349977,1.7763076305389405,1.929085111618042,1.5513492822647097,0.0016404824044649,0.0018168549473324,0.0013493655224206,0.0013372140555003,0.00120614195591,0.0012451534651977,0.2461291184388168,0.0012290840216574,0.0022976835749647,0.027249956363244,0.0246237851141972,0.0104636913112508,0.0105091034962894,0.0102344507983228,0.0104753245134351,1.1717166568364807,0.0125397283719593,0.0248350384011372,0.96,0.98,0.96,0.96,0.94,0.96,0.74,0.96,0.98
PhishingWebsites,32,nn,shap,kernel,51.419610548019406,0.0003045082092284,0.0143665075302123,0.0137895822525023,0.0160444974899291,0.012405490875244,0.0534269332885741,0.0037261724472045,0.0564596891403197,325.9487993001938,484.7753087997437,412.45531899929045,406.70292766094207,413.06458551883696,360.4867499828339,385.6885846614838,381.49711594581606,354.00422670841215,0.0050937623443463,0.0048699494614441,0.0029933780348476,0.0030095995170319,0.0030401404873312,0.0028722281776099,0.0271242639923318,0.0031464811513454,0.0055789915559361,0.027249956363244,0.0246237851141972,0.0104636913112508,0.0105091034962894,0.0102344507983228,0.0104753245134351,1.1717166568364807,0.0125397283719593,0.0248350384011372,0.8670630308448815,0.8661600357621815,0.9133750558784084,0.9164684845775593,0.9185873938310236,0.916897630755476,0.375592311130979,0.9028430934286992,0.8867858739383102
PhishingWebsites,32,nn,shapiq,kernel,51.59638931751251,0.0002377748489379,0.0142202377319335,0.0148761987686156,0.0158227920532226,0.0124476671218871,0.0519410610198974,0.0032955408096312,0.0904330253601073,2961.3375549077987,3067.141119980812,3055.6610338687897,3049.003925728798,3032.771127796173,3014.7492928743363,3023.290065431595,2972.187262415886,2796.2198107004165,0.0028777922183259,0.0027622205543281,0.0026946756666408,0.002678892020579,0.0026604395621529,0.0026900801342095,0.0077920696693412,0.0026484592019453,0.0029857037862879,0.027249956363244,0.0246237851141972,0.0104636913112508,0.0105091034962894,0.0102344507983228,0.0104753245134351,1.1717166568364807,0.0125397283719593,0.0248350384011372,0.5727402771569066,0.6387215020116227,0.6736611533303531,0.6736343316942334,0.6721412606168976,0.6687974966472955,0.1565668305766651,0.6805274921770227,0.6053375055878408
PhishingWebsites,32,xgb,sage,permutation,50.49972460269928,0.0001734256744384,0.0123471021652221,0.0115193605422973,0.0181068420410155,0.014647603034973,0.0509819746017455,0.0039867639541625,0.0568242073059081,2.108552026748657,2.325429368019104,2.3473562479019163,2.2808884143829347,2.159837794303894,2.46029155254364,2.306769108772278,2.40031099319458,2.505416917800903,0.007373621908336,0.0019531727364763,0.0014837676155493,0.0014586064567199,0.0015861463457292,0.0012863188626546,0.2048444278806669,0.0012163577134968,0.0027772345012227,0.027249956363244,0.0246237851141972,0.0104636913112508,0.0105091034962894,0.0102344507983228,0.0103225972207817,1.1717166568364807,0.0123961534276367,0.0248350384011372,0.76,0.98,0.94,0.96,0.94,0.98,0.72,0.96,0.8400000000000001
PhishingWebsites,32,xgb,shap,kernel,51.75429718494415,0.0002148628234862,0.0130914211273192,0.0122179031372069,0.0223988533020019,0.0177438020706176,0.0558700799942016,0.003878879547119,0.0628203392028808,656.4156350135803,740.9837487697602,710.9087532520294,720.7385010480881,719.7506768941879,747.0258640527725,695.0975022792816,675.3367082118988,638.2095555543899,0.0107323361053087,0.0049516418773042,0.0035635712333984,0.003461398317824,0.0035707121139661,0.0031848594669277,0.0307681811422667,0.0035263781005743,0.0061106612412042,0.027249956363244,0.0246237851141972,0.0104636913112508,0.0105091034962894,0.0102344507983228,0.0103225972207817,1.1717166568364807,0.0123961534276367,0.0248350384011372,0.7605096110862762,0.8526508717031739,0.8797943674564147,0.8816182387125615,0.881770227983907,0.8850067054090299,0.4286186857398301,0.8805632543585158,0.8482253017434063
PhishingWebsites,32,xgb,shapiq,kernel,53.021789860725406,0.0004320859909057,0.012397265434265,0.0109451532363891,0.0153219461441039,0.0380589723587035,0.0497354269027709,0.0050930976867675,0.0957130193710326,3792.596009039879,3611.242655277252,3593.830000281334,3596.9719681978227,3595.6559184789658,4045.569205236435,3592.3538189888,3700.4821544647216,3920.2359560728073,0.0029331759244155,0.0026051502656814,0.0024784991039759,0.0024549564690225,0.0024803652592213,0.0024354588581149,0.0075740105522716,0.002417115385237,0.002545547271567,0.027249956363244,0.0246237851141972,0.0104636913112508,0.0105091034962894,0.0102344507983228,0.0103225972207817,1.1717166568364807,0.0123961534276367,0.0248350384011372,0.5068663388466697,0.613321412606169,0.6471881984801072,0.6473223066607063,0.6437729101475189,0.6489763075547608,0.166079570853822,0.6561645060348681,0.6096110862762629
PhishingWebsites,64,nn,sage,permutation,47.411951541900635,0.0003839492797851,0.0131666183471679,0.0120098114013671,0.016625952720642,0.0134044408798217,0.0519029617309569,0.003188920021057,0.1279392004013061,2.097317409515381,3.081654095649719,3.520992088317871,3.600124955177307,3.4551796436309816,3.193819546699524,3.4867226839065553,3.558936858177185,2.9602745294570925,0.0014783695261781,0.0016166101849769,0.0010541441938554,0.001196225352064,0.0009404378830376,0.0011137457817371,0.246118615948699,0.000967403642231,0.0015463897709254,0.0123806422843971,0.0117210333305015,0.0049861784080386,0.005060216829149,0.0048962126232318,0.0050266996814486,1.1717166568364807,0.0063123814995672,0.0112146607415928,0.96,0.96,0.96,0.98,0.98,0.98,0.72,0.96,1.0
PhishingWebsites,64,nn,shap,kernel,48.14580137729645,0.0002325773239135,0.014273428916931,0.0120727539062499,0.0187695264816283,0.0123283386230468,0.0528689861297607,0.0031503438949584,0.1199659585952758,634.8538967132569,884.1598518610001,785.1007740259171,776.9096964597702,784.9707855939865,708.1317824602127,749.9057461500167,740.3488434314728,688.977053642273,0.0041875396079918,0.0040115522157694,0.0025294220396996,0.0024399059211143,0.0024709472414443,0.0024051253325209,0.0271375674602269,0.0026863163297666,0.0037490571833687,0.0123806422843971,0.0117210333305015,0.0049861784080386,0.005060216829149,0.0048962126232318,0.0050266996814486,1.1717166568364807,0.0063123814995672,0.0112146607415928,0.8955297273133661,0.895628073312472,0.9260885113991952,0.9270630308448816,0.9271524362986142,0.9285292802860974,0.3760214573088958,0.9230129637907912,0.9102279839070184
PhishingWebsites,64,nn,shapiq,kernel,48.20361413955688,0.000281262397766,0.0142876386642455,0.0123049020767211,0.0157460927963256,0.0126117944717406,0.0519170522689819,0.0035280942916869,0.1390111207962035,4936.164487433433,5067.538553857803,5091.387626194954,5081.242802500725,5076.143280220032,4979.6968107938765,5061.502669215202,4975.048639273644,4695.925769591331,0.002652618872449,0.0025943668112854,0.0025027842594339,0.0025133132503089,0.0025076955491669,0.0025148166723146,0.0077883987805441,0.0025043952638794,0.0027559234197911,0.0123806422843971,0.0117210333305015,0.0049861784080386,0.005060216829149,0.0048962126232318,0.0050266996814486,1.1717166568364807,0.0063123814995672,0.0112146607415928,0.6056236030397855,0.6771926687527939,0.7100938757264192,0.7044881537773804,0.709584264640143,0.7115780062583817,0.1561019222172552,0.709351810460438,0.6519535091640589
PhishingWebsites,64,xgb,sage,permutation,47.264360022544864,0.0001795768737792,0.012437868118286,0.011383819580078,0.0151206970214843,0.0150601625442504,0.0531037807464599,0.0039162158966063,0.1239908218383788,4.022143292427063,4.254787015914917,4.389110684394836,4.309087157249451,4.302103161811829,4.688356351852417,4.524579739570617,4.432564401626587,4.623978781700134,0.0078776839604648,0.0016654723433475,0.0011914526577127,0.0012581230686118,0.0010748041440996,0.0011789655318758,0.2043101265385828,0.0012155000933094,0.0017230097218271,0.0123806422843971,0.0117210333305015,0.0049861784080386,0.005060216829149,0.0048962126232318,0.0050189250603847,1.1717166568364807,0.0063475431086447,0.0112146607415928,0.76,0.98,0.96,0.98,0.96,0.96,0.6599999999999999,0.94,0.96
PhishingWebsites,64,xgb,shap,kernel,48.370065975189206,0.0002021551132201,0.0149331808090209,0.0172320365905761,0.019864797592163,0.0168500900268554,0.0654214859008788,0.0032552957534789,0.1329987287521362,1212.5458344936371,1330.4971952438354,1309.1367852687836,1316.2136390447615,1298.5008625984192,1371.714784049988,1280.7396517276763,1236.923370885849,1173.760478925705,0.0110360926129456,0.0041445655994026,0.0026843192462538,0.0027635537443474,0.0028042813447807,0.0026206284560906,0.0307700496564439,0.0030228471135523,0.0041341362013755,0.0123806422843971,0.0117210333305015,0.0049861784080386,0.005060216829149,0.0048962126232318,0.0050189250603847,1.1717166568364807,0.0063475431086447,0.0112146607415928,0.7931962449709432,0.8761555654894948,0.9047563701385783,0.90681269557443,0.9044523915958872,0.9091908806437192,0.4289763075547608,0.8994099240053643,0.8860080464908359
PhishingWebsites,64,xgb,shapiq,kernel,49.46993842124939,0.0002335786819457,0.012227439880371,0.0124377727508544,0.0161921262741088,0.0216235160827636,0.0512026548385619,0.0061116456985473,0.1534343481063842,6570.1585356473925,6307.349076318741,6277.022105884552,6281.384444236755,6282.252917861939,7021.326877570153,6276.48616347313,6459.2179700136185,6830.124534010887,0.0027499757757045,0.0023297220287924,0.0022736350220459,0.0022634239302341,0.0022552930222384,0.0022704173673166,0.0075699860532259,0.0022623660047314,0.0023683383459516,0.0123806422843971,0.0117210333305015,0.0049861784080386,0.005060216829149,0.0048962126232318,0.0050189250603847,1.1717166568364807,0.0063475431086447,0.0112146607415928,0.5404112650871703,0.6656504246759052,0.6971032632990612,0.6935628073312472,0.6958068842199374,0.6989450156459543,0.1660974519445686,0.6925525257040679,0.6600804649083594
PhishingWebsites,128,nn,sage,permutation,47.410802125930786,0.0001850128173827,0.0123179912567138,0.0150099754333495,0.0153854131698608,0.0134799003601073,0.0517259836196898,0.0028725385665893,0.2374610662460327,4.0720152139663695,5.603898286819458,6.669814252853394,6.712410879135132,6.613649153709412,6.002519941329956,6.59051284790039,7.051878309249878,5.556400203704834,0.0011965538643184,0.0013362724739898,0.0009198555939502,0.0008909327173338,0.0009828363747449,0.0009501190303962,0.2323873173840423,0.0009829341632599,0.0014149630129972,0.007550879657716,0.0061757127290628,0.0026097499597565,0.0026265614505322,0.0025765236745687,0.0026481519075971,1.1105198613417964,0.0036484724041458,0.0047430929564057,0.96,0.98,1.0,1.0,1.0,0.98,0.72,0.98,1.0
PhishingWebsites,128,nn,shap,kernel,47.99228448867798,0.0002710819244384,0.0134505987167357,0.0136485576629638,0.015827441215515,0.0124995231628417,0.0512344360351562,0.0028966426849364,0.2260202646255492,1183.646163225174,1687.3348533868789,1440.5413782835008,1451.432655262947,1446.0227136135102,1322.6801817417145,1293.4405589818955,1377.102329659462,1289.9882769584656,0.0034797379909446,0.0035707058416879,0.0022791979007524,0.0022995586623598,0.0022013600112158,0.0022915450985264,0.0259444029694666,0.002630860900715,0.0029577971229472,0.007550879657716,0.0061757127290628,0.0026097499597565,0.0026265614505322,0.0025765236745687,0.0026481519075971,1.1105198613417964,0.0036484724041458,0.0047430929564057,0.90314707197139,0.9048904783191776,0.9318641037103262,0.9323826553419758,0.9342154671434958,0.9319713902548056,0.3986589181940098,0.9269557443004022,0.9229861421546712
PhishingWebsites,128,nn,shapiq,kernel,47.96764762401581,0.0002734184265136,0.0164968729019164,0.0130370616912841,0.0163692951202392,0.014143133163452,0.0565669059753417,0.0037649869918822,0.26925151348114,8867.89282643795,9106.076551914217,9142.535616469384,9155.073119139672,9118.940064382554,8935.480307245254,9101.040231084824,9019.341599988937,8482.335131072998,0.0024931748631872,0.0024831559373895,0.0024354519101884,0.002429564006298,0.0024371169978671,0.0024282593364317,0.0073866063499799,0.002431349062119,0.0026191682346933,0.007550879657716,0.0061757127290628,0.0026097499597565,0.0026265614505322,0.0025765236745687,0.0026481519075971,1.1105198613417964,0.0036484724041458,0.0047430929564057,0.6486544479213232,0.7086276262852034,0.730353151542244,0.7266428252123379,0.7275994635672776,0.7250961108627625,0.1643361645060348,0.7310147518998659,0.6892981671881985
PhishingWebsites,128,xgb,sage,permutation,47.140949320793155,0.0002152681350707,0.0138447523117064,0.0115319490432738,0.0152152776718139,0.0163813114166259,0.0508048057556151,0.0029267549514769,0.2255398750305175,8.046672129631043,8.409947061538697,8.16341712474823,8.169364833831787,8.376238799095153,9.344384241104128,8.368514323234558,8.653097081184388,9.148376083374025,0.0069047907039653,0.0015871373038968,0.0010261961339223,0.0009490506055041,0.0010842736957986,0.0011858505135079,0.2103723224157148,0.0010616202218861,0.0017027422861621,0.007550879657716,0.0061757127290628,0.0026097499597565,0.0026265614505322,0.0025765236745687,0.0026573309873847,1.1105198613417964,0.003543698231177,0.0047430929564057,0.76,0.96,0.96,0.94,0.98,0.98,0.6599999999999999,0.96,1.0
PhishingWebsites,128,xgb,shap,kernel,48.29823508262634,0.0002190351486205,0.0137540102005004,0.0131820440292358,0.0166518926620482,0.0147447824478148,0.0677810430526733,0.0029577493667601,0.2759901523590087,2326.444161272049,2486.4635039567947,2494.517898082733,2518.4404047727585,2489.4523808002473,2634.534531569481,2251.985164546966,2382.0173358201982,2246.6288999319077,0.0105702460444057,0.0037625602602476,0.0024437410671598,0.0023674340312167,0.0022717751228707,0.0022392529714909,0.0287529134732912,0.0026832463431798,0.0031582761460548,0.007550879657716,0.0061757127290628,0.0026097499597565,0.0026265614505322,0.0025765236745687,0.0026573309873847,1.1105198613417964,0.003543698231177,0.0047430929564057,0.7988287885561018,0.8919445686186857,0.91452838623156,0.916700938757264,0.9203755029056772,0.9181135449262404,0.4385069289226642,0.9117389360751004,0.9015467143495752
PhishingWebsites,128,xgb,shapiq,kernel,49.01331794261933,0.0002598524093627,0.0153998374938964,0.0116317987442015,0.020535397529602,0.0180128097534179,0.0517163753509521,0.0046664714813231,0.2752942323684691,12165.260009026528,11684.731553339958,11639.632197523117,11649.409941649435,11653.478461813927,13087.056561756131,11646.845539021491,11946.811505174635,12643.36966946125,0.0026354767809063,0.0022017953181479,0.0021630021552075,0.0021532053327341,0.0021465410304729,0.0021458003488555,0.0070677913709106,0.0021485624463825,0.002242157219062,0.007550879657716,0.0061757127290628,0.0026097499597565,0.0026265614505322,0.0025765236745687,0.0026573309873847,1.1105198613417964,0.003543698231177,0.0047430929564057,0.5490746535538669,0.7031917746982566,0.7257934734018774,0.7250782297720161,0.7278408582923558,0.7230397854269109,0.1708627626285203,0.7282253017434063,0.7009387572641931
abalone,8,nn,sage,permutation,5.820489144325256,0.0002851247787475,0.0114232301712035,0.0106889009475707,0.0156024456024169,0.0101962089538573,0.0241264104843139,,0.0044552564620971,1.8803825378417969,0.5068727254867553,1.0315561294555664,0.3021461963653564,0.3393896341323852,0.6464921712875367,0.1482139587402343,,1.6532076120376586,0.139215619114598,0.1141815508484325,0.0181754755885435,0.0241052693819813,0.02224783731061,0.013158510875427,3.124649463412884,,0.0858821045977149,0.0940032120581367,0.0596452108034123,0.0042235893832203,0.0049470820281103,0.0084233885789378,0.0047219656065446,1.3025940170033128,,0.03577771145344,0.78,0.92,1.0,1.0,0.92,1.0,0.6799999999999999,,0.76
abalone,8,nn,shap,kernel,5.822707724571228,0.0002933740615844,0.0106738328933715,0.0110531330108642,0.0234092712402343,0.0102030754089354,0.0172686338424682,,0.0035178422927855,7.283612728118896,10.170000910758972,9.58696026802063,9.488145899772643,9.70567502975464,7.836854982376099,8.50190291404724,,7.413327312469482,0.1316669331530218,0.0933469866272016,0.0255718339721905,0.0194402780444232,0.0171171369755797,0.0112028623163622,1.0067748515281172,,0.1163688015187085,0.0940032120581367,0.0596452108034123,0.0042235893832203,0.0049470820281103,0.0084233885789378,0.0047219656065446,1.3025940170033128,,0.03577771145344,0.8601339712918661,0.877799043062201,0.9586602870813398,0.9527272727272728,0.9400956937799044,0.9733971291866028,0.8392344497607656,,0.8805741626794259
abalone,8,nn,shapiq,kernel,5.723962688446045,0.0001457691192626,0.0344849109649657,0.0100703001022338,0.0129496574401854,0.0102310180664062,0.0179235696792602,,0.003029441833496,17.261489272117615,18.51926441192627,18.236746883392335,18.30370674133301,18.348731660842898,17.748600697517396,18.261660552024843,,16.85978407859802,0.0303898916155312,0.0236272475721016,0.0069782789810513,0.0074647954819264,0.0079265648313249,0.0065368960687699,0.1620664570359555,,0.0193279489213387,0.0940032120581367,0.0596452108034123,0.0042235893832203,0.0049470820281103,0.0084233885789378,0.0047219656065446,1.3025940170033128,,0.03577771145344,0.8036172248803828,0.840287081339713,0.9369952153110048,0.920574162679426,0.8880382775119617,0.9410526315789476,0.7263157894736842,,0.8692822966507178
abalone,8,xgb,sage,permutation,5.915935206413269,0.0001860857009887,0.0117182493209838,0.0100778341293334,0.0146151781082152,0.0103526592254638,0.0206415176391601,,0.0031213045120238,2.8216145038604736,1.6510971546173097,2.1625121593475343,1.2051738977432251,0.8604668140411377,0.8464392423629761,0.2944552659988403,,6.271625208854675,0.1240969961633062,0.1064382822190962,0.0322535819597713,0.0174328131771819,0.0341847545439652,0.0544258065614691,1.4659915313343084,,0.0852060039116154,0.0940032120581367,0.0596452108034123,0.0042235893832203,0.0049470820281103,0.0084233885789378,0.0096197623115901,1.3025940170033128,,0.03577771145344,0.8800000000000001,0.8800000000000001,1.0,1.0,1.0,1.0,1.0,,0.8
abalone,8,xgb,shap,kernel,5.874023652076721,0.0002205371856688,0.010815930366516,0.0101283073425292,0.0145686864852904,0.011593747138977,0.0159881353378295,,0.0027140855789184,15.74506938457489,15.433439350128172,15.480453300476077,15.388939023017883,15.397919750213624,17.78054654598236,13.457089805603028,,16.6747526884079,0.1122860832220837,0.0890435381968902,0.0450830771182891,0.0344073247769976,0.0584143804716176,0.0517267336890298,0.5809951782247702,,0.0711182860798366,0.0940032120581367,0.0596452108034123,0.0042235893832203,0.0049470820281103,0.0084233885789378,0.0096197623115901,1.3025940170033128,,0.03577771145344,0.8299712918660287,0.8478851674641149,0.8858181818181817,0.8872727272727273,0.8457416267942586,0.8681339712918661,0.7712918660287081,,0.8685167464114831
abalone,8,xgb,shapiq,kernel,5.863107037544251,0.0001655817031859,0.0133572340011596,0.0121165752410888,0.0169406652450561,0.0134740352630614,0.0270830392837524,,0.0029435634613036,26.59484205245972,30.462447309494017,30.27355251312256,30.569559574127197,30.48542764186859,30.760509753227232,30.490998458862304,,26.15141146183014,0.0558762650637053,0.0462925675468377,0.0283087978924949,0.0278339585422954,0.0310844130206251,0.0295491599375643,0.1998452507014795,,0.0455984371796647,0.0940032120581367,0.0596452108034123,0.0042235893832203,0.0049470820281103,0.0084233885789378,0.0096197623115901,1.3025940170033128,,0.03577771145344,0.8026602870813397,0.7918086124401914,0.8682488038277512,0.8641148325358852,0.8476555023923444,0.8738755980861244,0.5358851674641149,,0.8447846889952155
abalone,16,nn,sage,permutation,5.892773771286011,0.0002498865127563,0.0123702764511108,0.0087448358535766,0.0156888961791991,0.0102004051208495,0.0171419858932494,,0.0084740877151488,0.4411538362503052,1.607350778579712,0.6431149244308472,0.598080062866211,0.5654786348342895,0.3688394546508788,0.2715136528015136,,0.8681997776031494,0.0951427858856399,0.0615800228879716,0.0161873316952429,0.0234325901946431,0.0233702758584242,0.0197542294376386,3.1161575945053532,,0.0489479966115305,0.0373872560885198,0.0313515671792409,0.0029213680502278,0.0022660158943055,0.0022904914199671,0.0032264077864756,1.3025940170033128,,0.0115531412095815,0.8400000000000001,0.92,0.96,0.98,0.94,0.94,0.72,,0.96
abalone,16,nn,shap,kernel,5.904985356330871,0.0002160549163817,0.010014247894287,0.0089312314987182,0.0129518508911132,0.0103450775146483,0.0159348726272582,,0.0056017875671386,8.86152958869934,11.259395956993105,12.160925817489623,11.59297342300415,11.325356149673462,9.424993443489075,10.212763285636902,,8.854664540290832,0.0758152815981021,0.0662473321131296,0.0130371701422555,0.013043345462444,0.0169138360704934,0.0075678808030363,1.0067748515281172,,0.0720861546816365,0.0373872560885198,0.0313515671792409,0.0029213680502278,0.0022660158943055,0.0022904914199671,0.0032264077864756,1.3025940170033128,,0.0115531412095815,0.8968229665071771,0.9023157894736842,0.9611866028708134,0.959043062200957,0.9682296650717704,0.962488038277512,0.8392344497607656,,0.9136842105263158
abalone,16,nn,shapiq,kernel,5.93978271484375,0.0001479387283324,0.0097942113876342,0.0087791204452514,0.0129716634750365,0.0100723981857299,0.0164458751678466,,0.0049134492874145,31.361508655548096,33.88574161529541,33.42199783325195,33.67676975727081,33.69120087623596,32.32411386966705,33.316091012954715,,30.525089859962463,0.020043889331021,0.0158817472729204,0.0047843952132127,0.0040797780979885,0.0049496711165766,0.0048289991479244,0.1620664570359555,,0.0114491586423355,0.0373872560885198,0.0313515671792409,0.0029213680502278,0.0022660158943055,0.0022904914199671,0.0032264077864756,1.3025940170033128,,0.0115531412095815,0.8769377990430623,0.8871770334928231,0.948803827751196,0.95311004784689,0.9519617224880385,0.9469856459330144,0.7263157894736842,,0.9349282296650716
abalone,16,xgb,sage,permutation,5.882925796508789,0.0001731634140014,0.0132910728454589,0.0111055612564086,0.0134622335433959,0.0104519128799438,0.0189516067504882,,0.0069168090820311,1.9755358457565309,5.288577628135681,1.5929752588272097,1.851122546195984,1.306936264038086,1.450781512260437,0.4547763109207153,,3.913682794570923,0.0734626813804815,0.0662291000892784,0.0162798503526391,0.0250106875634375,0.0277114618478243,0.0173514494022317,1.4691106522253106,,0.0442219838463972,0.0373872560885198,0.0313515671792409,0.0029213680502278,0.0022660158943055,0.0022904914199671,0.0028457175591152,1.3025940170033128,,0.0115531412095815,0.92,0.86,0.96,1.0,1.0,1.0,1.0,,0.8
abalone,16,xgb,shap,kernel,5.89116632938385,0.0001478672027587,0.0101440906524657,0.0079181432723998,0.0116925954818725,0.0104763507843016,0.0147682428359984,,0.00478618144989,24.693114972114564,24.49073443412781,24.272433042526245,24.095486426353453,24.22136561870575,27.78455138206482,20.82920529842377,,26.193832063674925,0.0698830701875971,0.0635073998470341,0.0297995671062056,0.0345038194742507,0.0352632079082104,0.0293547791722698,0.5809951782247702,,0.0466380406540123,0.0373872560885198,0.0313515671792409,0.0029213680502278,0.0022660158943055,0.0022904914199671,0.0028457175591152,1.3025940170033128,,0.0115531412095815,0.8609186602870814,0.8730334928229665,0.9068516746411484,0.8777033492822965,0.8876555023923446,0.9092822966507176,0.7712918660287081,,0.8983732057416267
abalone,16,xgb,shapiq,kernel,5.947826814651489,0.000164246559143,0.0110920429229735,0.0092493295669555,0.0132783889770507,0.0104395866394042,0.0179347991943358,,0.0059114933013915,50.41137933731079,57.99764971733093,57.44564681053161,57.92199294567108,57.98581871986389,58.36135594844818,57.59579935073853,,49.07421066761017,0.0387521063890615,0.0335331860291178,0.0226108418150047,0.0248588880720288,0.0219408311844265,0.0200397495041235,0.1998452507014795,,0.0282038707018712,0.0373872560885198,0.0313515671792409,0.0029213680502278,0.0022660158943055,0.0022904914199671,0.0028457175591152,1.3025940170033128,,0.0115531412095815,0.837799043062201,0.8699904306220096,0.900822966507177,0.8830622009569378,0.9171291866028708,0.9115789473684212,0.5358851674641149,,0.8903349282296652
abalone,32,nn,sage,permutation,5.849634981155395,0.000209355354309,0.0150181055068969,0.0090095043182372,0.0152364492416381,0.0102971553802489,0.0188495635986327,,0.012669825553894,1.5359335660934448,3.3562533378601076,1.2360301256179809,1.0175058603286744,1.1717686653137207,0.8445012092590332,0.4736836910247802,,2.296329474449158,0.048980493426867,0.0617497542038784,0.0256755255477116,0.0305373787985079,0.0185382512169047,0.0217086594350117,3.1688307068170185,,0.058128473571964,0.0151139712758945,0.0197366390834692,0.0011422594495559,0.0011669732191016,0.0012640817460733,0.001145843112653,1.3025940170033126,,0.0115813544495344,0.96,0.8800000000000001,0.92,0.8800000000000001,0.92,0.94,0.74,,0.98
abalone,32,nn,shap,kernel,5.8237199783325195,0.0002433776855468,0.0114752292633056,0.0096784114837646,0.0171862125396728,0.0102952241897582,0.0176981449127196,,0.0163752317428588,12.388090920448304,19.60997416973114,20.68768286705017,19.027749705314637,19.934569668769836,13.758594918251038,16.53017270565033,,13.454572629928588,0.0510146895285681,0.0647664840538317,0.0105923268914831,0.0106672243134712,0.0086129810065555,0.0080915032508332,1.0067748515281172,,0.0754694920676139,0.0151139712758945,0.0197366390834692,0.0011422594495559,0.0011669732191016,0.0012640817460733,0.001145843112653,1.3025940170033126,,0.0115813544495344,0.9179330143540668,0.9149665071770336,0.9746602870813398,0.9724784688995216,0.975598086124402,0.978086124401914,0.8392344497607656,,0.9165550239234448
abalone,32,nn,shapiq,kernel,5.709264421463013,0.0001569986343383,0.0101009845733642,0.0090275764465331,0.0129308462142943,0.0101755380630492,0.0165312528610228,,0.0087494134902953,59.95710527896881,64.1164788722992,63.49680576324463,63.7385427236557,63.87205011844635,61.254036855697635,63.2891286611557,,58.05147035121918,0.0123031132659928,0.0137653169407115,0.0037710547892494,0.0033734661396121,0.0033624994763759,0.0030826471771309,0.1620664570359555,,0.0118065521756956,0.0151139712758945,0.0197366390834692,0.0011422594495559,0.0011669732191016,0.0012640817460733,0.001145843112653,1.3025940170033126,,0.0115813544495344,0.9094545454545456,0.8974545454545455,0.9620478468899524,0.9648612440191388,0.964,0.966755980861244,0.7263157894736842,,0.922488038277512
abalone,32,xgb,sage,permutation,5.861593389511109,0.0001408338546752,0.0145726442337035,0.0118021488189696,0.018746519088745,0.0105810403823852,0.0200560092926024,,0.0114216089248656,6.369837522506714,5.5757818698883055,2.5817312479019163,2.755019426345825,2.699618172645569,2.6202228546142576,0.8277564764022827,,9.99968616962433,0.0414604205334766,0.0539951561217283,0.0211222566784253,0.0170471971194215,0.0140858594540333,0.0216733601209584,1.4988430159408268,,0.0453974457061142,0.0151139712758945,0.0197366390834692,0.0011422594495559,0.0011669732191016,0.0012640817460733,0.0012516626827591,1.3025940170033126,,0.0115813544495344,0.9,0.8800000000000001,1.0,1.0,1.0,1.0,1.0,,0.92
abalone,32,xgb,shap,kernel,5.8600153684616085,0.000143003463745,0.010890769958496,0.0079726934432982,0.013798689842224,0.0104031562805175,0.0148540973663329,,0.010321807861328,42.27739009857178,42.195815086364746,41.46263146400452,41.21146788597107,41.222376918792726,47.33129661083221,35.220598983764646,,44.42997198104858,0.0473127934377164,0.0519035746737985,0.0217881538954169,0.0183615326393387,0.0196126882443176,0.0211712264213041,0.5809951782247702,,0.0476182454468147,0.0151139712758945,0.0197366390834692,0.0011422594495559,0.0011669732191016,0.0012640817460733,0.0012516626827591,1.3025940170033126,,0.0115813544495344,0.8885741626794259,0.8922296650717703,0.9303157894736844,0.937244019138756,0.9360574162679428,0.9327846889952154,0.7712918660287081,,0.9096650717703352
abalone,32,xgb,shapiq,kernel,5.897215414047241,0.0001640319824218,0.0101840019226073,0.009491729736328,0.0134955167770385,0.0103847503662108,0.019215154647827,,0.0100737333297729,97.55023107528686,110.54758408069613,110.04002931118012,111.4326789855957,110.75594463348388,111.8018125295639,111.01709191799164,,94.22873368263244,0.0277264026762998,0.0257081565026321,0.0146675289263663,0.0138058233143915,0.0127497826478015,0.0137608891283387,0.1998452507014795,,0.0231382811309198,0.0151139712758945,0.0197366390834692,0.0011422594495559,0.0011669732191016,0.0012640817460733,0.0012516626827591,1.3025940170033126,,0.0115813544495344,0.8835789473684212,0.8902966507177034,0.9275406698564592,0.9324593301435408,0.9352727272727274,0.933397129186603,0.5358851674641149,,0.9052631578947368
abalone,64,nn,sage,permutation,5.8297813653945925,0.0002269744873046,0.0101794958114623,0.0133903264999389,0.0202680826187133,0.0102858066558837,0.0239691019058226,,0.0192733287811278,2.284961724281311,2.1708112239837645,2.4105600357055663,2.456546115875244,2.3068307638168335,1.6906592845916748,0.9003235578536988,,1.9994396924972535,0.0502826576841343,0.0446917525746696,0.02402939435828,0.01991566935267,0.0232705574449989,0.0237174771832282,3.274687344552338,,0.0121944713017709,0.0111764490359889,0.008062482611379,0.0006801762610794,0.0006480847070003,0.0007235772288101,0.0006536218586351,1.3025940170033126,,0.0022203630316676,0.9,0.8800000000000001,0.8800000000000001,0.92,0.92,0.9,0.76,,0.94
abalone,64,nn,shap,kernel,5.866123676300049,0.000235080718994,0.011601424217224,0.0166002511978149,0.0146701335906982,0.0100999832153319,0.0162821531295775,,0.0186451673507689,23.422161555290224,36.485523104667664,43.43786346912384,41.69950625896454,42.74899799823761,26.530973863601684,34.548721480369565,,26.57240798473358,0.0499423309837549,0.0330596139931061,0.0103251440711603,0.0102419262098302,0.0093867802819642,0.0088419826395073,1.0067748515281172,,0.0132009493989658,0.0111764490359889,0.008062482611379,0.0006801762610794,0.0006480847070003,0.0007235772288101,0.0006536218586351,1.3025940170033126,,0.0022203630316676,0.9294354066985646,0.9390430622009568,0.9763062200956938,0.9786411483253588,0.9775693779904304,0.978755980861244,0.8392344497607656,,0.9737799043062202
abalone,64,nn,shapiq,kernel,5.688274502754211,0.0001514673233031,0.0099137067794799,0.0092045545578002,0.0132147789001464,0.0100522518157958,0.0164835691452025,,0.0170995235443114,117.2181780576706,124.20171976089478,123.3030969142914,124.19487047195436,123.785138463974,120.12469599246978,123.6277726650238,,113.22647681236268,0.0107662286384814,0.0085397377601018,0.0025726948714255,0.0025613633950899,0.0024820048250136,0.0022292976615845,0.1620664570359555,,0.0035657779603537,0.0111764490359889,0.008062482611379,0.0006801762610794,0.0006480847070003,0.0007235772288101,0.0006536218586351,1.3025940170033126,,0.0022203630316676,0.9208612440191388,0.935023923444976,0.9727272727272728,0.9744688995215312,0.9752344497607656,0.976822966507177,0.7263157894736842,,0.9567464114832536
abalone,64,xgb,sage,permutation,5.889065194129944,0.0001485347747802,0.0119634866714477,0.0105676412582396,0.0133687019348144,0.0106801748275756,0.0233143806457519,,0.0185234546661376,11.374655079841611,5.5886409997940065,5.044038224220276,5.046810364723205,4.801408314704895,5.588263726234436,1.4209062099456786,,5.989751267433166,0.0428806636724593,0.0336868375189532,0.0149504006780561,0.0131364919410143,0.0151124926970059,0.0143322461306452,1.49403966129267,,0.008745848748993,0.0111764490359889,0.008062482611379,0.0006801762610794,0.0006480847070003,0.0007235772288101,0.000706810901582,1.3025940170033126,,0.0022203630316676,0.96,0.96,1.0,1.0,1.0,1.0,1.0,,1.0
abalone,64,xgb,shap,kernel,5.8602571249008175,0.0001423120498656,0.0096955060958861,0.0079856157302856,0.0148348331451415,0.0108977794647216,0.0191184043884276,,0.0179112195968627,77.0877610206604,77.72381448745728,76.11708455085754,75.3802446603775,75.5505298614502,86.51081731319428,63.83893749713898,,81.46929242610932,0.0419598666865313,0.0292945521707794,0.0155320580017124,0.0137640673546751,0.0136453409647525,0.0148852738284363,0.5809951782247702,,0.0149010257780802,0.0111764490359889,0.008062482611379,0.0006801762610794,0.0006480847070003,0.0007235772288101,0.000706810901582,1.3025940170033126,,0.0022203630316676,0.9001722488038277,0.9187751196172248,0.9458373205741626,0.95088995215311,0.9523444976076556,0.9506028708133972,0.7712918660287081,,0.9544497607655504
abalone,64,xgb,shapiq,kernel,5.843825101852417,0.0001629352569579,0.0133553504943847,0.0113887071609496,0.0190754413604735,0.0125321149826049,0.0223982334136962,,0.0182950258255004,188.70866441726685,216.57221751213075,217.49435799121855,217.69317033290864,218.14430644512177,219.4224178791046,218.2296455383301,,184.20402765274048,0.0231326513162582,0.0165188859629343,0.0103026540553881,0.0100944619262678,0.0087916297130696,0.0101308859473925,0.1998452507014795,,0.0102795228929105,0.0111764490359889,0.008062482611379,0.0006801762610794,0.0006480847070003,0.0007235772288101,0.000706810901582,1.3025940170033126,,0.0022203630316676,0.9049186602870812,0.928842105263158,0.949244019138756,0.948708133971292,0.9551004784688996,0.9476937799043064,0.5358851674641149,,0.9475598086124404
abalone,128,nn,sage,permutation,5.89624924659729,0.0002532005310058,0.0134472846984862,0.0116356134414672,0.0160650253295898,0.0105486869812011,0.0207071542739867,,0.0490404129028319,3.543897843360901,5.741928219795227,5.149185585975647,5.259117197990418,4.821996450424194,3.218280720710754,1.8626712322235108,,3.4768781423568726,0.0351543264485616,0.0346547270554517,0.0173735528062064,0.0154128073784333,0.0193235749318281,0.0238386653667264,3.1696796926474287,,0.0245389608671749,0.0052698135233745,0.0041132438437965,0.0005338710561644,0.000494064637136,0.0005219787968933,0.0005209917694043,1.3025940170033126,,0.0026456041047641,0.94,0.96,0.86,0.92,0.94,0.94,0.7,,0.96
abalone,128,nn,shap,kernel,5.885859036445618,0.000490379333496,0.01099054813385,0.0106407642364501,0.0141514062881469,0.0103011846542357,0.0185503959655761,,0.0329785585403441,52.2420485496521,91.50853214263915,91.58761677742004,89.36873416900634,90.3813362121582,58.61445648670197,74.56005759239197,,57.40648181438446,0.0248740519688973,0.0312975959138857,0.0090362435551372,0.0094890726700385,0.0098609619161745,0.0112930663879963,1.0067748515281172,,0.0095900268996501,0.0052698135233745,0.0041132438437965,0.0005338710561644,0.000494064637136,0.0005219787968933,0.0005209917694043,1.3025940170033126,,0.0026456041047641,0.9475215311004784,0.9464688995215312,0.979732057416268,0.9793110047846888,0.9788516746411484,0.9762105263157896,0.8392344497607656,,0.9645933014354068
abalone,128,nn,shapiq,kernel,5.950484871864319,0.0001459836959838,0.0104774475097655,0.0101807594299315,0.0132611036300658,0.0104541301727294,0.0165751457214355,,0.0335250377655028,231.01124095916748,242.89249351024628,243.11278166770936,244.53948788642884,244.38007314205169,237.84733853340148,242.5575727462769,,223.79817683696743,0.006567407529149,0.0064437306971793,0.0021609192907629,0.0020965862852322,0.0020945510046275,0.0022415474240038,0.162066460046137,,0.004866087342733,0.0052698135233745,0.0041132438437965,0.0005338710561644,0.000494064637136,0.0005219787968933,0.0005209917694043,1.3025940170033126,,0.0026456041047641,0.943866028708134,0.95311004784689,0.9766124401913876,0.9788325358851674,0.9783349282296652,0.9781435406698564,0.7253588516746412,,0.9517703349282298
abalone,128,xgb,sage,permutation,5.898853397369384,0.0001602411270141,0.0132974386215209,0.0121280908584594,0.0146114826202391,0.0104899168014525,0.0207818031311034,,0.0366189956665038,11.78417146205902,11.507609558105468,9.128349375724792,9.962108206748962,9.53970010280609,10.059731793403625,2.6174243211746218,,9.393201756477357,0.026708927724746,0.0237914276330915,0.0148144323594965,0.013274849875171,0.0117818771303857,0.0164964527741919,1.4865283063305783,,0.0175426246331071,0.0052698135233745,0.0041132438437965,0.0005338710561644,0.000494064637136,0.0005219787968933,0.0005325851002678,1.3025940170033126,,0.0026456041047641,0.96,1.0,1.0,1.0,1.0,1.0,1.0,,1.0
abalone,128,xgb,shap,kernel,5.868222069740296,0.0001425981521605,0.010507035255432,0.0083096027374267,0.0116206407546996,0.011618137359619,0.0149371862411498,,0.0422282218933105,147.74706058502198,148.40921049118043,144.82535889148713,143.85742361545562,144.36387388706208,164.93893177509307,120.79778723716736,,154.80707409381867,0.0294798436518741,0.0244004850862458,0.011154220805052,0.0114600595251237,0.0106403492377747,0.0121906081346845,0.5809951782247702,,0.0132624133731891,0.0052698135233745,0.0041132438437965,0.0005338710561644,0.000494064637136,0.0005219787968933,0.0005325851002678,1.3025940170033126,,0.0026456041047641,0.9156555023923444,0.936267942583732,0.9619138755980862,0.9597129186602872,0.9639234449760764,0.9606315789473684,0.7712918660287081,,0.9571291866028708
abalone,128,xgb,shapiq,kernel,5.923301315307617,0.000169277191162,0.0123432397842406,0.0092926263809203,0.0134121417999267,0.0125319957733153,0.0206602096557616,,0.0331865787506103,373.0124507904053,421.60875203609464,423.46730306148527,423.9531587839126,423.2683101415634,428.8224700689316,422.82127420902253,,360.20967173576355,0.0175644330614459,0.0122994473451525,0.007498801024381,0.0072403394843697,0.0063628149684415,0.0074357933828827,0.1998452507014795,,0.0104872319312876,0.0052698135233745,0.0041132438437965,0.0005338710561644,0.000494064637136,0.0005219787968933,0.0005325851002678,1.3025940170033126,,0.0026456041047641,0.9275789473684212,0.9448038277511962,0.9630430622009568,0.962928229665072,0.9687655502392346,0.9650143540669858,0.5358851674641149,,0.944688995215311
adult,6,nn,sage,permutation,,,,,,,,0.0061770677566528,,,,,,,,,0.7875120401382446,,,,,,,,,0.0026937505102442,,,,,,,,,0.0586704529777326,,,,,,,,,1.0,
adult,6,nn,shap,kernel,,,,,,,,0.0064056158065795,,,,,,,,,213.99533107280732,,,,,,,,,0.0097334273397543,,,,,,,,,0.0586704529777326,,,,,,,,,0.8649560546875001,
adult,6,nn,shapiq,kernel,,,,,,,,0.007410168647766,,,,,,,,,1613.7379135131837,,,,,,,,,0.0030429158838153,,,,,,,,,0.0586704529777326,,,,,,,,,0.5202685546874999,
adult,6,xgb,sage,permutation,,,,,,,,0.0061788082122802,,,,,,,,,1.220208501815796,,,,,,,,,0.0037076814599347,,,,,,,,,0.0596924393782589,,,,,,,,,1.0,
adult,6,xgb,shap,kernel,,,,,,,,0.0067553520202636,,,,,,,,,354.00096917152405,,,,,,,,,0.0126690962305992,,,,,,,,,0.0596924393782589,,,,,,,,,0.8307861328125001,
adult,6,xgb,shapiq,kernel,,,,,,,,0.0093665361404418,,,,,,,,,1853.743128633499,,,,,,,,,0.0037569578051727,,,,,,,,,0.0596924393782589,,,,,,,,,0.5587500000000001,
adult,12,nn,sage,permutation,,,,,,,,0.0061550855636596,,,,,,,,,0.6438400268554687,,,,,,,,,0.0024639803106924,,,,,,,,,0.0289229382171308,,,,,,,,,1.0,
adult,12,nn,shap,kernel,,,,,,,,0.0063516855239867,,,,,,,,,311.17806951999665,,,,,,,,,0.0086052744528412,,,,,,,,,0.0289229382171308,,,,,,,,,0.8647412109375001,
adult,12,nn,shapiq,kernel,,,,,,,,0.0066154479980468,,,,,,,,,2282.2727159261703,,,,,,,,,0.0023511024564195,,,,,,,,,0.0289229382171308,,,,,,,,,0.605185546875,
adult,12,xgb,sage,permutation,,,,,,,,0.0064799070358275,,,,,,,,,1.4304636716842651,,,,,,,,,0.0028408111919408,,,,,,,,,0.0304796818552342,,,,,,,,,0.98,
adult,12,xgb,shap,kernel,,,,,,,,0.0062876701354979,,,,,,,,,564.9440249681472,,,,,,,,,0.0102319616039425,,,,,,,,,0.0304796818552342,,,,,,,,,0.8792871093750001,
adult,12,xgb,shapiq,kernel,,,,,,,,0.0069165229797362,,,,,,,,,2799.284523057938,,,,,,,,,0.0029587896352612,,,,,,,,,0.0304796818552342,,,,,,,,,0.6341943359375,
adult,16,nn,sage,permutation,190.52261805534363,0.0002564430236815,0.2178127765655517,0.1960539102554321,0.2739163160324096,0.1853693962097167,0.4922341108322143,,0.0854919672012328,1.481967568397522,1.5885497331619265,2.0726727724075316,1.5552942514419557,1.4902490854263306,1.6303849697113038,0.4371649742126465,,1.177938723564148,0.0018667194905329,0.0024053214677948,0.0013054908469915,0.0010556173908038,0.0012177588263183,0.0007854806108559,1.4800079375771893,,0.0038352734090682,0.0502859671808795,0.0454549367644346,0.0148678820425035,0.0172150210089857,0.0154639639447342,0.0143968236507016,1.2416405016119565,,0.0363395179748105,1.0,0.92,1.0,1.0,1.0,1.0,0.4,,1.0
adult,16,nn,shap,kernel,185.8235984802246,0.0002606153488158,0.3195847749710082,0.3000823020935058,0.3632711648941039,0.2570573329925537,0.5745148181915283,,0.0672328948974609,333.24455935955046,499.1633513689041,422.5272511005402,433.0231347322464,451.628549861908,338.11525955200193,402.2225588083267,,328.7306024074554,0.0083460595353036,0.0084731116711343,0.0063111142220052,0.0051462159435393,0.0050019069995593,0.0034306392807241,0.069703348083,,0.0094357845339397,0.0502859671808795,0.0454549367644346,0.0148678820425035,0.0172150210089857,0.0154639639447342,0.0143968236507016,1.2416405016119565,,0.0363395179748105,0.8609765625000001,0.8625146484375001,0.8745654296875001,0.9172802734375,0.8792968750000002,0.954775390625,0.5618212890625,,0.8809375000000002
adult,16,nn,shapiq,kernel,188.15998845100404,0.000288963317871,0.264963674545288,0.251083755493164,0.3326161623001098,0.2837785959243774,0.5567715167999268,,0.060460591316223,2656.554943871498,2647.2775053739547,2871.78394138813,2835.9510515213015,2839.7114797353743,2877.293640947342,2849.8127063274383,,2684.1583179712297,0.0024581870072451,0.0023204176916403,0.0017222324973039,0.0020271823577627,0.0019878253726914,0.0017496741502347,0.0105630286510214,,0.0023260355784431,0.0502859671808795,0.0454549367644346,0.0148678820425035,0.0172150210089857,0.0154639639447342,0.0143968236507016,1.2416405016119565,,0.0363395179748105,0.6020849609375001,0.6348779296875,0.7394287109375001,0.6890576171875,0.7071484375,0.7137451171875,0.1348193359375,,0.619873046875
adult,16,xgb,sage,permutation,190.0667411327362,0.0002009391784667,0.2199135541915893,0.1999828338623046,0.2756962776184081,0.2728033542633056,0.4828855991363525,,0.0828378200531005,2.845942974090576,2.393828511238098,3.4950269937515257,2.6573862075805663,3.121013617515564,5.938137555122376,0.6297746896743774,,1.5575397253036498,0.006677576976514,0.0040592527487484,0.001603285103764,0.0015475189114781,0.0011907418401452,0.0015402728126892,0.5212611441284908,,0.0048933017495858,0.0502859671808795,0.0454549367644346,0.0148678820425035,0.0172150210089857,0.0154639639447342,0.0141869744399716,1.2416405016119565,,0.0363395179748105,0.96,0.94,1.0,1.0,1.0,1.0,0.6,,1.0
adult,16,xgb,shap,kernel,189.44128308296203,0.0002154350280761,0.2471142530441283,0.2351430892944335,0.313099455833435,0.3202799320220947,0.5186748266220093,,0.0965706825256347,747.9840798616409,678.8597080945968,674.5479849100113,682.0125145673752,687.9314256191253,777.1645141839981,625.255151963234,,693.756827712059,0.0121552456118655,0.0103044845680709,0.0073368352641364,0.0067944368437582,0.0071196215508906,0.0055257090576168,0.0681553222026303,,0.0121929634222732,0.0502859671808795,0.0454549367644346,0.0148678820425035,0.0172150210089857,0.0154639639447342,0.0141869744399716,1.2416405016119565,,0.0363395179748105,0.8123486328125,0.8390966796875,0.8442431640625001,0.8925341796875002,0.8263232421875001,0.910615234375,0.56337890625,,0.8708349609375002
adult,16,xgb,shapiq,kernel,185.5614627599716,0.0002671718597411,0.2641522169113159,0.2402599811553954,0.3223834276199341,0.2826434850692749,0.5233020305633544,,0.0685133218765258,3382.885023713112,3406.012949872017,3625.5399454593658,3628.628327012062,3604.080144643784,3904.595072579384,3592.851550531387,,3540.510679221153,0.0031782569269374,0.0027856337611793,0.0025356402805714,0.0024034241175781,0.00240684113085,0.002572721258801,0.0113747728742155,,0.0029164090523032,0.0502859671808795,0.0454549367644346,0.0148678820425035,0.0172150210089857,0.0154639639447342,0.0141869744399716,1.2416405016119565,,0.0363395179748105,0.5834619140624999,0.6509619140625,0.6918261718750001,0.7100244140624999,0.68998046875,0.65478515625,0.1588232421875,,0.624736328125
adult,24,nn,sage,permutation,,,,,,,,0.0062926769256591,,,,,,,,,1.568841004371643,,,,,,,,,0.0016750470577759,,,,,,,,,0.0143488387216438,,,,,,,,,1.0,
adult,24,nn,shap,kernel,,,,,,,,0.0064632892608642,,,,,,,,,545.5902091741561,,,,,,,,,0.0066933441013364,,,,,,,,,0.0143488387216438,,,,,,,,,0.908994140625,
adult,24,nn,shapiq,kernel,,,,,,,,0.0065554618835448,,,,,,,,,3612.356678009033,,,,,,,,,0.0018422400257435,,,,,,,,,0.0143488387216438,,,,,,,,,0.6960009765625,
adult,24,xgb,sage,permutation,,,,,,,,0.0063307285308837,,,,,,,,,2.980970788002014,,,,,,,,,0.0021392848059382,,,,,,,,,0.0147957290737705,,,,,,,,,1.0,
adult,24,xgb,shap,kernel,,,,,,,,0.0068628549575805,,,,,,,,,968.3945273160934,,,,,,,,,0.0084099277991074,,,,,,,,,0.0147957290737705,,,,,,,,,0.8978222656250001,
adult,24,xgb,shapiq,kernel,,,,,,,,0.0067075729370116,,,,,,,,,4676.996820878982,,,,,,,,,0.0022977025869178,,,,,,,,,0.0147957290737705,,,,,,,,,0.692900390625,
adult,32,nn,sage,permutation,181.02050895690917,0.0002067327499389,0.2117274999618529,0.2016876935958861,0.2686586380004882,0.1923314571380615,0.4854360818862915,,0.1407428503036498,2.76336088180542,3.1003801345825197,2.992153215408325,3.1279577732086183,3.2275901317596434,2.713275742530823,0.8199673175811768,,1.1738997220993042,0.0020246055031455,0.0015108922136175,0.0005937516899759,0.0006640901657905,0.0006351297466572,0.0006064045749559,1.4772836920812558,,0.0044060686212059,0.0277686035043895,0.0289760015491631,0.0053370623570306,0.0052884088215222,0.005820868108523,0.005956154942409,1.2416405016119565,,0.0212863007481526,1.0,0.98,1.0,1.0,1.0,1.0,0.4,,1.0
adult,32,nn,shap,kernel,176.47570774555206,0.0002693414688109,0.3000627040863036,0.3077421903610229,0.362754201889038,0.2574302911758422,0.593494987487793,,0.152183723449707,580.9896795988083,866.1595042943954,785.1966364860534,792.8169038772583,810.6269897699356,561.6290972471237,725.3088330745697,,571.5099716186523,0.0070216312066789,0.0073166959148692,0.0022265209057864,0.0020838600391443,0.0017417018799866,0.0027021038071573,0.0697047120342314,,0.0102072629768503,0.0277686035043895,0.0289760015491631,0.0053370623570306,0.0052884088215222,0.005820868108523,0.005956154942409,1.2416405016119565,,0.0212863007481526,0.8925390625,0.8845117187500001,0.96712890625,0.959052734375,0.9746142578125,0.94017578125,0.5620361328125,,0.8854248046875002
adult,32,nn,shapiq,kernel,178.44321355819702,0.0003031969070434,0.266205620765686,0.2524420261383056,0.3467911005020141,0.2850691795349121,0.5541568994522095,,0.1247867822647094,4422.988979148865,4398.855876946449,4733.200978732109,4706.323303174972,4694.210099625588,4797.946198678017,4725.954471230507,,4458.964409923554,0.0019389469868229,0.0020113443583028,0.0013390338164996,0.0013518266506538,0.0012007388654577,0.0012318667035021,0.0105632006400159,,0.0018800928045954,0.0277686035043895,0.0289760015491631,0.0053370623570306,0.0052884088215222,0.005820868108523,0.005956154942409,1.2416405016119565,,0.0212863007481526,0.6822705078125001,0.6703125,0.7934033203125,0.7894433593750001,0.8460986328125001,0.8326806640625002,0.1349121093749999,,0.6532470703125
adult,32,xgb,sage,permutation,181.42094564437863,0.0001703023910522,0.2188190221786498,0.1990860223770141,0.274001669883728,0.2686623096466064,0.4826815605163574,,0.1627330541610717,4.3932377576828,4.656244587898255,5.046472978591919,4.0336470127105715,4.790710663795471,4.958976674079895,1.2504192113876342,,2.6628297090530397,0.0057233731971598,0.0019423203607488,0.0010285988689618,0.0012320806601402,0.0015197214133891,0.0013581380348549,0.5198953565514994,,0.0050964864516596,0.0277686035043895,0.0289760015491631,0.0053370623570306,0.0052884088215222,0.005820868108523,0.0056666725950424,1.2416405016119565,,0.0212863007481526,0.86,1.0,1.0,1.0,1.0,1.0,0.6,,0.98
adult,32,xgb,shap,kernel,179.7583006620407,0.0002589941024779,0.2454906702041625,0.2322803258895873,0.3115866422653198,0.285564112663269,0.5154232263565064,,0.1530134677886962,1286.4944123506546,1207.8368163347243,1205.6407010316848,1213.9025892496109,1203.1235947847367,1356.365270280838,1101.1728187561034,,1235.0593555212022,0.0113675678667303,0.0081184956185175,0.0038151184339849,0.0051843704945586,0.0038035323972898,0.0041104340119652,0.0681577360140339,,0.011723760626527,0.0277686035043895,0.0289760015491631,0.0053370623570306,0.0052884088215222,0.005820868108523,0.0056666725950424,1.2416405016119565,,0.0212863007481526,0.8418750000000002,0.8733935546875001,0.91412109375,0.920361328125,0.9351220703125,0.9315380859375,0.5634814453125,,0.889697265625
adult,32,xgb,shapiq,kernel,176.6794533967972,0.0002854585647582,0.2555248975753784,0.2449941158294677,0.3244832754135131,0.2745808124542236,0.5295425176620483,,0.1233556985855102,5885.291770529747,5930.702959632874,6283.447861480713,6270.230918908119,6242.516919016838,6796.386745858193,6221.083999037743,,6111.791954350471,0.0027048961258247,0.0022809478524424,0.0017175062524087,0.0018402093041121,0.0017093468440086,0.0018748692288295,0.0113746875653079,,0.0023858474203693,0.0277686035043895,0.0289760015491631,0.0053370623570306,0.0052884088215222,0.005820868108523,0.0056666725950424,1.2416405016119565,,0.0212863007481526,0.6107958984375,0.7007373046875001,0.7805517578125001,0.7461572265625,0.7911767578125001,0.7490869140625,0.159345703125,,0.6770556640625001
adult,48,nn,sage,permutation,,,,,,,,0.0062666654586791,,,,,,,,,2.657299256324768,,,,,,,,,0.0018255847095219,,,,,,,,,0.0090025210375299,,,,,,,,,1.0,
adult,48,nn,shap,kernel,,,,,,,,0.0065438508987426,,,,,,,,,1068.6467815637589,,,,,,,,,0.0065830919544448,,,,,,,,,0.0090025210375299,,,,,,,,,0.914853515625,
adult,48,nn,shapiq,kernel,,,,,,,,0.0066293478012084,,,,,,,,,6307.698159718513,,,,,,,,,0.0015229075969636,,,,,,,,,0.0090025210375299,,,,,,,,,0.7381738281250001,
adult,48,xgb,sage,permutation,,,,,,,,0.0063184976577758,,,,,,,,,4.704371452331543,,,,,,,,,0.0018562396294127,,,,,,,,,0.0086801012382215,,,,,,,,,1.0,
adult,48,xgb,shap,kernel,,,,,,,,0.0063207626342773,,,,,,,,,1760.8194865465164,,,,,,,,,0.0077112097660731,,,,,,,,,0.0086801012382215,,,,,,,,,0.9177587890625,
adult,48,xgb,shapiq,kernel,,,,,,,,0.0085716485977172,,,,,,,,,8439.644533014298,,,,,,,,,0.0017638699497748,,,,,,,,,0.0086801012382215,,,,,,,,,0.7735546875000001,
adult,64,nn,sage,permutation,170.71592848300935,0.0002443075180053,0.2190596342086791,0.202619981765747,0.2722870588302611,0.1879648923873901,0.4903103828430176,,0.3434614419937133,12.021943998336791,5.917403721809388,5.5801820993423465,5.125671172142029,5.782742953300476,4.60978946685791,2.075894498825073,,2.7737937211990356,0.0008898020536158,0.0011859366881544,0.0005080867208225,0.0005949238520003,0.000578651095958,0.0005710718203937,0.9105116321782796,,0.0035928433385524,0.014653930683373,0.0120437206260685,0.0024226670899529,0.0023560195908232,0.0022660933348756,0.0023771673714568,1.223415841895542,,0.0103041432563585,1.0,1.0,1.0,1.0,1.0,1.0,0.4,,1.0
adult,64,nn,shap,kernel,166.71599156856536,0.0013395071029662,0.2964879274368286,0.2934442281723022,0.3614499330520629,0.259715723991394,0.5939703464508057,,0.2821518898010254,1144.4452166557312,1813.1590303897856,1570.2427452087402,1548.3555243968965,1587.652731156349,1099.23965780735,1183.4374301671985,,1148.5196462631225,0.0042070531420128,0.0046884731293754,0.0018770422151684,0.0014646935908085,0.0015188853192737,0.0015088686685973,0.0554284988930262,,0.0081587438751589,0.014653930683373,0.0120437206260685,0.0024226670899529,0.0023560195908232,0.0022660933348756,0.0023771673714568,1.223415841895542,,0.0103041432563585,0.9227490234375,0.92435546875,0.9428515625,0.9663134765625,0.966689453125,0.9639990234375,0.5221289062500001,,0.8952246093750003
adult,64,nn,shapiq,kernel,168.79452378749846,0.0003302574157714,0.2678325891494751,0.2514912605285644,0.3354595184326172,0.2893036603927612,0.5506576061248779,,0.227148962020874,7888.6267290592195,7890.595612955093,8461.307491183281,8415.663277316093,8404.146048617364,8606.903791117667,8469.145679354668,,7979.102027916908,0.001423251222225,0.0014543986080738,0.0010406073602537,0.0009813198382235,0.000982901258703,0.0010202904220674,0.0096473391182845,,0.0015749044351598,0.014653930683373,0.0120437206260685,0.0024226670899529,0.0023560195908232,0.0022660933348756,0.0023771673714568,1.223415841895542,,0.0103041432563585,0.7782031250000001,0.7690917968750001,0.8486181640625,0.8629296875000001,0.863779296875,0.8522363281250002,0.1362744140625,,0.6807421875
adult,64,xgb,sage,permutation,171.92113127708436,0.0001696348190307,0.2171321392059326,0.1989570379257201,0.2856610536575317,0.2709449052810668,0.4826458930969238,,0.3026943683624267,8.18730297088623,8.67062005996704,9.44612784385681,9.281881928443909,8.795980334281921,9.62867443561554,2.2446749210357666,,4.871889591217041,0.0051251492813762,0.0014816364144623,0.0007511289416165,0.0010939890354592,0.0009576147931833,0.0007840630664554,0.3625159105795077,,0.0046292753114101,0.014653930683373,0.0120437206260685,0.0024226670899529,0.0023560195908232,0.0022660933348756,0.0024227380602593,1.223415841895542,,0.0103041432563585,0.86,1.0,1.0,1.0,1.0,1.0,0.6,,1.0
adult,64,xgb,shap,kernel,168.20466170310974,0.0003116130828856,0.2469130516052245,0.2310670614242553,0.3233759403228759,0.2880567789077758,0.5179068326950074,,0.31683931350708,2369.2847588300706,2232.6940969228745,2232.495183968544,2238.859340453148,2236.3081513166426,2516.4232419967652,1698.7509573221207,,2290.7613759994506,0.0105045226056697,0.0052317152831544,0.0032930912905194,0.003092075080476,0.0032062303521182,0.0028730444452787,0.0527316895175365,,0.0108635411234239,0.014653930683373,0.0120437206260685,0.0024226670899529,0.0023560195908232,0.0022660933348756,0.0024227380602593,1.223415841895542,,0.0103041432563585,0.8557666015625001,0.9154833984375,0.9361572265625,0.946748046875,0.9337255859375,0.939423828125,0.5142480468749999,,0.8951123046875
adult,64,xgb,shapiq,kernel,167.08147926330565,0.0003147840499877,0.260057783126831,0.2475374937057494,0.3296355962753295,0.2820058584213256,0.52979416847229,,0.2697124242782592,10800.991263484955,10891.974921894074,11545.461152505875,11564.77870607376,11476.646917796135,12531.91871855259,11492.821349430084,,11234.816470575332,0.0022223682939116,0.001625136761029,0.0013565526441418,0.0013419329147815,0.00132501643076,0.0013663554846917,0.0099112103338697,,0.0019333900144172,0.014653930683373,0.0120437206260685,0.0024226670899529,0.0023560195908232,0.0022660933348756,0.0024227380602593,1.223415841895542,,0.0103041432563585,0.6799560546875,0.7951660156250001,0.8322607421875002,0.8369335937500001,0.8378076171875002,0.8312402343750002,0.1603662109375,,0.7210498046875
adult,96,nn,sage,permutation,,,,,,,,0.0061413526535033,,,,,,,,,5.5267417430877686,,,,,,,,,0.0016032804649019,,,,,,,,,0.0062264061611877,,,,,,,,,1.0,
adult,96,nn,shap,kernel,,,,,,,,0.006279420852661,,,,,,,,,2029.0020378351212,,,,,,,,,0.006270107322766,,,,,,,,,0.0062264061611877,,,,,,,,,0.917783203125,
adult,96,nn,shapiq,kernel,,,,,,,,0.0076328516006469,,,,,,,,,11665.034734487534,,,,,,,,,0.0013639662388899,,,,,,,,,0.0062264061611877,,,,,,,,,0.7506884765625,
adult,96,xgb,sage,permutation,,,,,,,,0.0063042402267455,,,,,,,,,9.28140811920166,,,,,,,,,0.0016106959679529,,,,,,,,,0.0058126689838787,,,,,,,,,1.0,
adult,96,xgb,shap,kernel,,,,,,,,0.0064493417739867,,,,,,,,,3341.979495573044,,,,,,,,,0.0070937812988454,,,,,,,,,0.0058126689838787,,,,,,,,,0.9249560546875,
adult,96,xgb,shapiq,kernel,,,,,,,,0.0069581985473632,,,,,,,,,15920.94404246807,,,,,,,,,0.0015082645576503,,,,,,,,,0.0058126689838787,,,,,,,,,0.8041308593750001,
adult,128,nn,sage,permutation,172.39943561553957,0.0002299547195434,0.2194929838180541,0.1877688407897949,0.2714822769165038,0.1916234731674194,0.4744762182235718,,0.5293471336364746,10.005817365646362,10.708834385871889,11.008918118476869,11.083282160758973,10.738596963882449,8.812372922897339,3.874874448776245,,5.483704209327698,0.0007421897880671,0.0007846863765367,0.0005331264389347,0.0005523152961669,0.0005294352559068,0.0005037689695289,0.7639078606844747,,0.0034237349206062,0.007429484692305,0.005998265123925,0.0010309067864973,0.0010517191718886,0.0010144586886025,0.0011014291665423,1.2188596769664384,,0.010080197463163,1.0,1.0,1.0,1.0,1.0,1.0,0.4,,1.0
adult,128,nn,shap,kernel,167.11816730499268,0.0002656459808349,0.3166826248168945,0.2933884859085083,0.3771619796752929,0.2583391427993774,0.592713475227356,,0.5406303167343139,2168.7771089076996,3447.6820413827895,2950.815234208107,2976.6608530282974,2946.396351146698,2020.5614024162292,2140.534298276901,,2126.979284954071,0.0034009606559762,0.0033005752923134,0.001212131477446,0.0011170186842928,0.0011585155023604,0.0011981549993899,0.0518580037942012,,0.008076914105762,0.007429484692305,0.005998265123925,0.0010309067864973,0.0010517191718886,0.0010144586886025,0.0011014291665423,1.2188596769664384,,0.010080197463163,0.9308837890625,0.9400537109375,0.9759765625,0.978310546875,0.974091796875,0.9746826171875,0.5118505859375,,0.8966601562500001
adult,128,nn,shapiq,kernel,168.80954921245575,0.0003752946853637,0.2681844234466552,0.2517806053161621,0.3429076671600342,0.2847474098205566,0.5637404918670654,,0.4566926479339599,14866.829549598691,14797.335699820518,15928.510001802444,15834.77553510666,15814.17746489048,16062.004162812233,15912.796560239793,,14908.0672052145,0.0011546347662753,0.0010898942573249,0.0008298638071369,0.0008096588980668,0.0008020456034961,0.0008341323256725,0.0094182366331846,,0.0015162318661636,0.007429484692305,0.005998265123925,0.0010309067864973,0.0010517191718886,0.0010144586886025,0.0011014291665423,1.2188596769664384,,0.010080197463163,0.8179052734375001,0.832236328125,0.8859179687500001,0.8957666015625001,0.8997851562500001,0.8820947265625001,0.1367578125,,0.6573828125000001
adult,128,xgb,sage,permutation,169.53965437412262,0.0001831054687499,0.2302579641342162,0.2004456281661986,0.2752287864685058,0.2679696559906005,0.4837327003479004,,0.6920389890670776,17.52556176185608,16.649840569496156,16.85399305820465,17.45373339653015,17.119028544425966,18.347933650016785,4.824070882797241,,9.687417984008787,0.0030231271047182,0.0009422974883527,0.0008980109033537,0.0007777762312073,0.0007580950623198,0.0007159935008582,0.3194687713404495,,0.0041118001712862,0.007429484692305,0.005998265123925,0.0010309067864973,0.0010517191718886,0.0010144586886025,0.0010581938449409,1.2188596769664384,,0.010080197463163,0.92,1.0,1.0,1.0,1.0,1.0,0.6,,1.0
adult,128,xgb,shap,kernel,170.55291645526887,0.0003311872482299,0.2472368717193603,0.2357761144638061,0.3156565189361572,0.2907048463821411,0.5199173212051391,,0.5814616441726684,4531.1214378356935,4287.749557733536,4283.15874657631,4307.528790664673,4283.6809515476225,4765.06992161274,3100.4229090452195,,4366.396309947968,0.0080452257272065,0.003688308452937,0.0022241412245741,0.0022156321048129,0.0023090853219492,0.0019894524813909,0.0488707377580636,,0.0101815234796089,0.007429484692305,0.005998265123925,0.0010309067864973,0.0010517191718886,0.0010144586886025,0.0010581938449409,1.2188596769664384,,0.010080197463163,0.9002490234375001,0.9406396484375,0.9630712890625,0.9619287109375,0.9506640625,0.9674755859375,0.5017822265625,,0.8931396484375002
adult,128,xgb,shapiq,kernel,167.44788098335266,0.0003089189529418,0.2591834545135497,0.2669452428817748,0.3402041912078857,0.3039349317550659,0.5324571371078491,,0.5575619220733643,20708.743377041817,20799.0157276392,22015.1048633337,22160.32420694828,21969.830979704857,24052.207078790663,22008.130783867837,,21381.80232360363,0.0019085352698069,0.0012649745644609,0.0010658191741339,0.0010351255089534,0.0010548622326468,0.0010683863669398,0.0095484718193243,,0.0018582977249866,0.007429484692305,0.005998265123925,0.0010309067864973,0.0010517191718886,0.0010144586886025,0.0010581938449409,1.2188596769664384,,0.010080197463163,0.7330468750000001,0.8450585937500001,0.8743701171875001,0.8830517578125001,0.8811962890625,0.875244140625,0.16083984375,,0.7073828125
adult,192,nn,sage,permutation,,,,,,,,0.005911350250244,,,,,,,,,11.088436794281003,,,,,,,,,0.0015773344045331,,,,,,,,,0.0053844833864828,,,,,,,,,1.0,
adult,192,nn,shap,kernel,,,,,,,,0.006613254547119,,,,,,,,,3949.69405477047,,,,,,,,,0.0062763420762618,,,,,,,,,0.0053844833864828,,,,,,,,,0.92240234375,
adult,192,nn,shapiq,kernel,,,,,,,,0.0075329542160033,,,,,,,,,22441.190907359123,,,,,,,,,0.0012905005338992,,,,,,,,,0.0053844833864828,,,,,,,,,0.7538378906250001,
adult,192,xgb,sage,permutation,,,,,,,,0.0059173345565795,,,,,,,,,18.85399568080902,,,,,,,,,0.0015481780002175,,,,,,,,,0.0053473940424525,,,,,,,,,1.0,
adult,192,xgb,shap,kernel,,,,,,,,0.0070103168487548,,,,,,,,,6495.541334414482,,,,,,,,,0.0069221611879398,,,,,,,,,0.0053473940424525,,,,,,,,,0.9269189453125,
adult,192,xgb,shapiq,kernel,,,,,,,,0.007820177078247,,,,,,,,,30846.554863715173,,,,,,,,,0.0013326537547773,,,,,,,,,0.0053473940424525,,,,,,,,,0.8201220703125001,
adult,256,nn,sage,permutation,157.10304124355315,0.0002285957336425,0.2272187948226928,0.2052135944366454,0.2750823497772216,0.1883371353149413,0.4838306903839111,,1.126346755027771,20.86498692035675,22.584560871124268,23.226963067054747,22.515525460243225,23.118957710266113,18.169125962257382,5.880776739120483,,10.926446199417114,0.000724093454116,0.0006870947652037,0.0005612493832567,0.00048679201514,0.0005257637454341,0.0004898167933607,1.482639671674288,,0.0034273095320853,0.0052111893895406,0.0029128186941351,0.0005377894246747,0.0005331180049365,0.0005084777469409,0.0005415265173208,1.2416405016119565,,0.0110740414733858,1.0,1.0,1.0,1.0,1.0,1.0,0.4,,1.0
adult,256,nn,shap,kernel,152.48162853717804,0.0002527236938476,0.2930186748504638,0.2923815250396728,0.3784186124801635,0.2608997344970703,0.5741388320922851,,1.1343912124633788,4173.76747405529,5473.572022628784,5813.463475680352,5864.406043577194,5807.820209670067,3883.292604851723,5413.869237089157,,4088.8554838180544,0.0027794474829301,0.0024647285363994,0.0010297845865009,0.0009496177270265,0.0009566888841952,0.0009515306987217,0.0697050656529571,,0.0077293450644884,0.0052111893895406,0.0029128186941351,0.0005377894246747,0.0005331180049365,0.0005084777469409,0.0005415265173208,1.2416405016119565,,0.0110740414733858,0.949951171875,0.9484326171875,0.979052734375,0.9815234375,0.9801318359375,0.98140625,0.5619531249999999,,0.9041650390625
adult,256,nn,shapiq,kernel,154.12815086841584,0.0003313302993774,0.2772447109222412,0.2574496507644653,0.3364084482192993,0.2933708429336548,0.5634608030319214,,0.9093716382980348,28725.061725449563,29254.3324655056,31027.091764783858,30693.99109892845,30644.57726135254,31476.753295493127,30774.323962235452,,28723.25522119999,0.0010004856841312,0.0008669998181453,0.0007329989109568,0.0007151547170396,0.0007055208562853,0.0007153861189409,0.0105629450652564,,0.0014115900603872,0.0052111893895406,0.0029128186941351,0.0005377894246747,0.0005331180049365,0.0005084777469409,0.0005415265173208,1.2416405016119565,,0.0110740414733858,0.8437890625000002,0.8784521484375001,0.904169921875,0.911015625,0.9148828125,0.9071630859375,0.134951171875,,0.6533837890624999
adult,256,xgb,sage,permutation,155.62019114494325,0.000173783302307,0.2207508563995361,0.2016934633255004,0.2913800001144409,0.267856478691101,0.4842505693435669,,1.3350560188293457,32.76123697757721,31.701080918312073,33.48224670886994,34.008711981773374,33.81570782661438,36.320616364479065,8.674466514587403,,17.781640005111694,0.0032696147437544,0.0008590996429094,0.0007710034961592,0.0007160807660865,0.0007154356210537,0.0006633657775182,0.5216549909155525,,0.0047816016534382,0.0052111893895406,0.0029128186941351,0.0005377894246747,0.0005331180049365,0.0005084777469409,0.0005379208820998,1.2416405016119565,,0.0110740414733858,0.94,1.0,1.0,1.0,1.0,1.0,0.6,,1.0
adult,256,xgb,shap,kernel,155.9844008207321,0.0002211570739745,0.2500686407089233,0.2421494483947753,0.3137878179550171,0.286573052406311,0.5171195507049561,,1.1306838512420654,8874.071795082093,8405.359653663636,8409.943128228188,8396.308804559707,8383.527467608452,9445.414707159996,7778.577208518982,,8548.620129179955,0.0084762822398902,0.0030602902980938,0.0017143740681421,0.0017409979365092,0.0017324660731437,0.0015796931130687,0.0681586571547229,,0.0100992080419806,0.0052111893895406,0.0029128186941351,0.0005377894246747,0.0005331180049365,0.0005084777469409,0.0005379208820998,1.2416405016119565,,0.0110740414733858,0.8971630859375,0.9449169921875,0.9690673828125,0.9686181640625,0.97005859375,0.9714111328125,0.5636376953125,,0.9020654296875
adult,256,xgb,shapiq,kernel,151.82618508338928,0.0003041267395019,0.2582380533218383,0.2423578023910522,0.3297963380813598,0.2900638818740844,0.5317723751068115,,1.093790626525879,40491.46968352795,40656.5446731329,42832.62512812614,43007.72266101837,43079.11621661186,47267.21376953125,43123.96679122448,,42183.30946297645,0.001881704872422,0.0010229628680691,0.0009043140837122,0.0008920667798013,0.0008726435644532,0.0008889778047364,0.0113745471972317,,0.0016145147010837,0.0052111893895406,0.0029128186941351,0.0005377894246747,0.0005331180049365,0.0005084777469409,0.0005379208820998,1.2416405016119565,,0.0110740414733858,0.7243066406249999,0.8797412109375001,0.8990869140625,0.8988232421875001,0.9073291015625,0.90259765625,0.15873046875,,0.729482421875
bank-marketing,5,nn,sage,permutation,,,,,,,,0.0058537483215331,,,,,,,,,1.2092843532562256,,,,,,,,,0.0014486246091486,,,,,,,,,0.0905560051332857,,,,,,,,,0.96,
bank-marketing,5,nn,shap,kernel,,,,,,,,0.0058804988861083,,,,,,,,,218.2784377813339,,,,,,,,,0.00832097865316,,,,,,,,,0.0905560051332857,,,,,,,,,0.6674951171875001,
bank-marketing,5,nn,shapiq,kernel,,,,,,,,0.0064751625061034,,,,,,,,,1774.1657141923904,,,,,,,,,0.0023696696830915,,,,,,,,,0.0905560051332857,,,,,,,,,0.4926953125,
bank-marketing,6,xgb,sage,permutation,,,,,,,,0.0063754558563231,,,,,,,,,1.4674813985824584,,,,,,,,,0.0063006794915296,,,,,,,,,0.0726152260019106,,,,,,,,,0.8400000000000001,
bank-marketing,6,xgb,shap,kernel,,,,,,,,0.0070223093032836,,,,,,,,,392.4408143758774,,,,,,,,,0.0145856002597653,,,,,,,,,0.0726152260019106,,,,,,,,,0.6486767578125,
bank-marketing,6,xgb,shapiq,kernel,,,,,,,,0.0087929964065551,,,,,,,,,2041.0094869852064,,,,,,,,,0.0040560920476109,,,,,,,,,0.0726152260019106,,,,,,,,,0.4491064453125,
bank-marketing,10,nn,sage,permutation,,,,,,,,0.0061036109924315,,,,,,,,,0.9752809286117554,,,,,,,,,0.0015470055946961,,,,,,,,,0.0388779579073196,,,,,,,,,0.98,
bank-marketing,10,nn,shap,kernel,,,,,,,,0.0061819791793822,,,,,,,,,285.40943441390993,,,,,,,,,0.0062796770293061,,,,,,,,,0.0388779579073196,,,,,,,,,0.8010839843750001,
bank-marketing,10,nn,shapiq,kernel,,,,,,,,0.0061766147613524,,,,,,,,,2362.954296207428,,,,,,,,,0.0019580428145973,,,,,,,,,0.0388779579073196,,,,,,,,,0.5018798828125,
bank-marketing,12,xgb,sage,permutation,,,,,,,,0.0067633152008056,,,,,,,,,1.639915919303894,,,,,,,,,0.0057899083564076,,,,,,,,,0.0367835692818748,,,,,,,,,0.86,
bank-marketing,12,xgb,shap,kernel,,,,,,,,0.0067934036254882,,,,,,,,,602.5017496109009,,,,,,,,,0.012981058170755,,,,,,,,,0.0367835692818748,,,,,,,,,0.7065478515625,
bank-marketing,12,xgb,shapiq,kernel,,,,,,,,0.0065514802932738,,,,,,,,,2985.286711168289,,,,,,,,,0.0032729207197059,,,,,,,,,0.0367835692818748,,,,,,,,,0.5494042968749999,
bank-marketing,16,nn,sage,permutation,52.39898798465729,0.0002058744430541,0.2830505847930908,0.2664278030395507,0.3528411149978637,0.2826512098312377,0.6546193122863769,,0.0693325996398925,1.7757472276687625,3.453711915016174,3.827067041397094,3.6435381412506103,2.975127339363098,1.9076225757598877,0.7172556161880493,,2.5226875066757204,0.0013566841559804,0.0014035620941177,0.0009547660407384,0.0004026215107205,0.0004626743486104,0.0008575228404026,0.0773099523959347,,0.0006515487963365,0.0479270237235927,0.0421422631733004,0.0157075919823055,0.0169751082233462,0.0174214908779537,0.0157075919823055,1.2493059017166506,,0.0459320143008549,0.98,0.96,1.0,1.0,1.0,1.0,0.4,,1.0
bank-marketing,16,nn,shap,kernel,52.38933942317963,0.0002525568008422,0.3293319940567016,0.3363547801971435,0.4203167676925659,0.2850321769714355,0.753799843788147,,0.0656734228134154,355.91841716766356,453.0315243721008,464.7810579299927,461.4219478845597,441.4457180738449,359.24078316688536,181.5965425491333,,357.3758667469025,0.0061826595515895,0.0062210905608161,0.0029340593806542,0.0041393953379235,0.0035787846560017,0.0029337548464296,0.0502933802583622,,0.0048711626351449,0.0479270237235927,0.0421422631733004,0.0157075919823055,0.0169751082233462,0.0174214908779537,0.0157075919823055,1.2493059017166506,,0.0459320143008549,0.7634912109375,0.7421630859375,0.8089208984375,0.7855908203125,0.8295458984375002,0.809375,0.5485888671874999,,0.7762695312500001
bank-marketing,16,nn,shapiq,kernel,52.19063501358032,0.0002374410629271,0.2606173038482665,0.2521298885345459,0.3241586446762085,0.2845680952072144,0.6526233196258545,,0.0722339630126952,2767.708477091789,2786.974494934082,2899.817353248596,2902.3645791769027,2898.5295811414717,2785.214812016487,2901.7108013629913,,2776.618472099304,0.0019103794027573,0.0016893335779366,0.0012227162938339,0.0014373328198566,0.0015064821592801,0.0012229956266503,0.0095612557489142,,0.0017668716087383,0.0479270237235927,0.0421422631733004,0.0157075919823055,0.0169751082233462,0.0174214908779537,0.0157075919823055,1.2493059017166506,,0.0459320143008549,0.5653417968750001,0.5978271484375,0.6609814453125,0.636494140625,0.6376904296875,0.6605224609375,0.2340771484375,,0.667314453125
bank-marketing,16,xgb,sage,permutation,51.56589250564575,0.0001778841018676,0.2664564132690429,0.2543116331100463,0.3312160015106201,0.2835216522216796,0.6387363195419311,,0.072248363494873,5.956364846229553,5.045321893692017,5.530396032333374,5.31620991230011,5.617223620414734,5.760385274887085,0.8413896799087525,,5.345636296272278,0.0027499167261664,0.0026926855629589,0.0028374338492751,0.0008970913088961,0.0021127615462014,0.0027471781390715,0.1877400412284774,,0.0027290558323833,0.0479270237235927,0.0421422631733004,0.0157075919823055,0.0169751082233462,0.0174214908779537,0.0157075919823055,1.2493059017166506,,0.0459320143008549,0.86,0.8800000000000001,1.0,1.0,1.0,1.0,0.6,,0.8
bank-marketing,16,xgb,shap,kernel,54.61730461120605,0.0002515316009521,0.2675791263580322,0.2560729503631591,0.3367973089218139,0.3072045564651489,0.645593810081482,,0.0803627490997314,768.0276337862015,720.7894824504853,722.2567422389984,714.9772686958313,719.7181475400924,808.6413919448853,304.2875950098038,,751.8918114900589,0.0090059534051701,0.0080203368780524,0.0059485112784167,0.0069923780325275,0.005511490638862,0.0059492451874875,0.0674503167158231,,0.0098372876826057,0.0479270237235927,0.0421422631733004,0.0157075919823055,0.0169751082233462,0.0174214908779537,0.0157075919823055,1.2493059017166506,,0.0459320143008549,0.7115380859375,0.7549462890625,0.7506445312500001,0.7146630859374999,0.7599414062500001,0.7498583984375,0.54177734375,,0.729970703125
bank-marketing,16,xgb,shapiq,kernel,52.98223061561585,0.0002805471420287,0.2660851001739501,0.2514821290969848,0.3370497226715087,0.27937912940979,0.6744602918624878,,0.0724284648895263,3648.723709797859,3582.4611941814424,4003.523269152641,3953.382360768318,3958.3501566410064,4073.753275895119,3993.6465788602823,,3920.2011910438537,0.0028549293797835,0.002562644842031,0.002294895165444,0.0024666676799529,0.0023294875366529,0.0022932033008905,0.0149904664058217,,0.0030946115499319,0.0479270237235927,0.0421422631733004,0.0157075919823055,0.0169751082233462,0.0174214908779537,0.0157075919823055,1.2493059017166506,,0.0459320143008549,0.56712890625,0.6169970703125001,0.6842529296875,0.6093066406250001,0.66896484375,0.6844921875,0.2596923828125,,0.58595703125
bank-marketing,20,nn,sage,permutation,,,,,,,,0.0059758901596068,,,,,,,,,2.282542014122009,,,,,,,,,0.0016305030019751,,,,,,,,,0.0185249400272282,,,,,,,,,0.98,
bank-marketing,20,nn,shap,kernel,,,,,,,,0.0059447288513183,,,,,,,,,440.4112372636795,,,,,,,,,0.0057095531904859,,,,,,,,,0.0185249400272282,,,,,,,,,0.8382666015625,
bank-marketing,20,nn,shapiq,kernel,,,,,,,,0.0067087411880492,,,,,,,,,3523.961595463753,,,,,,,,,0.0014792606928089,,,,,,,,,0.0185249400272282,,,,,,,,,0.6310449218749999,
bank-marketing,24,xgb,sage,permutation,,,,,,,,0.0067474603652953,,,,,,,,,3.356960654258728,,,,,,,,,0.0053398501469111,,,,,,,,,0.0202820500602446,,,,,,,,,0.86,
bank-marketing,24,xgb,shap,kernel,,,,,,,,0.0068564176559447,,,,,,,,,1027.0499685049058,,,,,,,,,0.0120528884749967,,,,,,,,,0.0202820500602446,,,,,,,,,0.7318505859375,
bank-marketing,24,xgb,shapiq,kernel,,,,,,,,0.0070962667465209,,,,,,,,,4886.482305073738,,,,,,,,,0.0024955886246402,,,,,,,,,0.0202820500602446,,,,,,,,,0.6237207031249999,
bank-marketing,32,nn,sage,permutation,52.000810384750366,0.0002022504806518,0.2801328420639038,0.2630946159362793,0.334549331665039,0.2829111576080322,0.6557178258895874,,0.1229090690612792,2.6252981424331665,9.29959602355957,7.040099477767944,7.183205556869507,8.068969798088073,3.0497851610183715,1.4891762733459473,,4.781589365005493,0.0009999829402725,0.0010571820164616,0.0004497280250864,0.0004230678433115,0.0006289064613841,0.0004156128140221,0.0772975782258747,,0.0006459737691924,0.0295870240430376,0.0210992943145013,0.0065549331576588,0.0076596922418192,0.0063374872344047,0.0066719131998034,1.2493059017166506,,0.0268644477527171,0.98,1.0,1.0,1.0,1.0,1.0,0.4,,1.0
bank-marketing,32,nn,shap,kernel,51.966814494133,0.0003041505813598,0.3382877349853516,0.354854679107666,0.4188676357269287,0.2997222661972045,0.7496690273284912,,0.1284693479537963,625.8407618999481,799.3412935733795,786.9341785907745,832.9953290224075,783.1599410772324,595.2380067110062,326.6309617757797,,596.3272904872895,0.0053387541706467,0.0042868842118169,0.0019129296807931,0.0018370870382711,0.0022598780535642,0.0020189957798469,0.0502937996227258,,0.0034519888927388,0.0295870240430376,0.0210992943145013,0.0065549331576588,0.0076596922418192,0.0063374872344047,0.0066719131998034,1.2493059017166506,,0.0268644477527171,0.8026123046875,0.7968701171875001,0.9036962890625,0.8761523437500001,0.902861328125,0.8899365234375001,0.5485107421875,,0.8006542968750001
bank-marketing,32,nn,shapiq,kernel,52.3106814622879,0.0002683639526366,0.2540163278579711,0.2405440807342528,0.32034432888031,0.270622968673706,0.6315472602844239,,0.1327125072479247,4449.837702417373,4509.809625148773,4669.659789991379,4663.636908888817,4672.594211101532,4521.952844047546,4682.233244109154,,4500.784164953232,0.0014870632326079,0.0012300060002297,0.0010416870691963,0.0010469442631226,0.0009609021409177,0.0010584647293065,0.0095613076928705,,0.0012960296806328,0.0295870240430376,0.0210992943145013,0.0065549331576588,0.0076596922418192,0.0063374872344047,0.0066719131998034,1.2493059017166506,,0.0268644477527171,0.6419287109375,0.650400390625,0.7588085937500001,0.7513525390625,0.7277587890625,0.7527734375,0.234111328125,,0.7357666015625
bank-marketing,32,xgb,sage,permutation,51.37328941822052,0.0001566410064696,0.2696654081344604,0.2544173717498779,0.3313109159469604,0.2823565244674682,0.6398893356323242,,0.1457995414733886,9.002781796455384,9.935052537918091,9.283589553833009,10.44960515499115,10.498910355567933,10.874201917648316,1.543548846244812,,10.525263619422912,0.0017453242602055,0.0016577000675784,0.0007496059010269,0.0011539285119136,0.0007244341742425,0.0007317291764337,0.1859623706207905,,0.0011013358041807,0.0295870240430376,0.0210992943145013,0.0065549331576588,0.0076596922418192,0.0063374872344047,0.0066719131998034,1.2493059017166506,,0.0268644477527171,0.8200000000000001,0.98,0.8800000000000001,1.0,1.0,0.98,0.6,,0.8
bank-marketing,32,xgb,shap,kernel,54.65945916175842,0.0001984834671019,0.2715357542037964,0.2527239799499511,0.3360457181930542,0.2793097257614135,0.6455101728439331,,0.1745593070983886,1351.4029827594757,1349.5205143213273,1275.4062790870669,1264.4153510808944,1264.4060339689254,1417.1734638690948,533.364247918129,,1333.3919748306275,0.0076798938394718,0.0058413807270905,0.0035935101453454,0.0041007011536643,0.0037964637753902,0.0040522320011404,0.0674520432347836,,0.0061413586960999,0.0295870240430376,0.0210992943145013,0.0065549331576588,0.0076596922418192,0.0063374872344047,0.0066719131998034,1.2493059017166506,,0.0268644477527171,0.7438330078125001,0.7762011718750002,0.8329394531250001,0.7944775390625001,0.829599609375,0.8057031250000002,0.541787109375,,0.7694921875
bank-marketing,32,xgb,shapiq,kernel,52.85578668117523,0.0002888202667235,0.2679719686508178,0.2522632122039795,0.3408116817474365,0.3155874967575073,0.665592098236084,,0.1275083780288695,6213.442600989341,6097.323517417908,6802.559021949768,6684.637891674041,6715.075464105606,6914.476155686379,6789.760337376594,,6664.590553164482,0.0023033122066656,0.0019049608810468,0.001810151051976,0.0016554093387534,0.0017196149651709,0.0018458295200167,0.0149917998890089,,0.0021770470848988,0.0295870240430376,0.0210992943145013,0.0065549331576588,0.0076596922418192,0.0063374872344047,0.0066719131998034,1.2493059017166506,,0.0268644477527171,0.6446337890624999,0.6900146484375,0.7157080078125,0.7568994140625,0.7157617187499999,0.7130810546874999,0.25962890625,,0.6675146484375001
bank-marketing,40,nn,sage,permutation,,,,,,,,0.0057466030120849,,,,,,,,,4.117009854316711,,,,,,,,,0.0015671057298527,,,,,,,,,0.0103246874298,,,,,,,,,1.0,
bank-marketing,40,nn,shap,kernel,,,,,,,,0.0058419704437255,,,,,,,,,780.052164554596,,,,,,,,,0.0054490685823522,,,,,,,,,0.0103246874298,,,,,,,,,0.8517626953125002,
bank-marketing,40,nn,shapiq,kernel,,,,,,,,0.0065537929534911,,,,,,,,,5833.390884208679,,,,,,,,,0.0011753017472602,,,,,,,,,0.0103246874298,,,,,,,,,0.695927734375,
bank-marketing,48,xgb,sage,permutation,,,,,,,,0.0074514627456664,,,,,,,,,5.399251508712768,,,,,,,,,0.0050455375839593,,,,,,,,,0.0149139675359402,,,,,,,,,0.8800000000000001,
bank-marketing,48,xgb,shap,kernel,,,,,,,,0.0070905447006225,,,,,,,,,1881.3649504184723,,,,,,,,,0.0117491125547663,,,,,,,,,0.0149139675359402,,,,,,,,,0.7271093750000001,
bank-marketing,48,xgb,shapiq,kernel,,,,,,,,0.0099762678146361,,,,,,,,,8664.165039920807,,,,,,,,,0.0020743105608572,,,,,,,,,0.0149139675359402,,,,,,,,,0.6579833984375,
bank-marketing,64,nn,sage,permutation,52.2361679315567,0.0002099990844726,0.2723483800888061,0.2672165393829345,0.3463557720184326,0.2822417974472045,0.6639629125595092,,0.2568915605545043,4.358020853996277,15.529904961586,14.807788300514222,17.430487966537477,17.391920709609984,5.635906767845154,2.876888132095337,,7.765934777259827,0.0008186679785864,0.0006930802200677,0.0003668431542895,0.0003827732480487,0.0004346618556911,0.0003857071237031,0.0779423669165891,,0.0004283957226532,0.0155713769453604,0.0103581939092912,0.0027887636710491,0.0028768832201415,0.0027265146440469,0.0027612845997903,1.2493059017166503,,0.0144935605295737,1.0,1.0,1.0,1.0,1.0,1.0,0.4,,1.0
bank-marketing,64,nn,shap,kernel,51.99368834495544,0.0002524137496947,0.3902740478515625,0.3604257345199585,0.4236398935317993,0.2907769203186034,0.7670094013214112,,0.2610726118087768,1255.3550370931623,1483.439212703705,1557.663283777237,1595.6778625488282,1592.4282113075255,1194.2822295427322,621.3403260231019,,1211.130581688881,0.0038454512090441,0.0033741721286226,0.0013000608024848,0.0012438997276871,0.0015302052924641,0.0013841557027691,0.050292885495394,,0.0027547118531621,0.0155713769453604,0.0103581939092912,0.0027887636710491,0.0028768832201415,0.0027265146440469,0.0027612845997903,1.2493059017166503,,0.0144935605295737,0.8672119140625002,0.8466259765625,0.9295166015625,0.9303173828125,0.9185791015625,0.9253076171875,0.5486718749999999,,0.8376074218750003
bank-marketing,64,nn,shapiq,kernel,52.1517614364624,0.0003188133239745,0.2566595792770386,0.2444686174392699,0.3216614961624145,0.2723785400390625,0.6329195737838745,,0.2900585412979125,7818.866544699669,8072.858083391189,8235.772370123863,8244.42600569725,8246.350121235848,7963.428598141671,8263.135630846024,,7957.033866143227,0.0011820959466156,0.0010088209630886,0.0007902707143292,0.0007817827041224,0.0007799577765062,0.000788911401468,0.009561342934352,,0.0011409836188549,0.0155713769453604,0.0103581939092912,0.0027887636710491,0.0028768832201415,0.0027265146440469,0.0027612845997903,1.2493059017166503,,0.0144935605295737,0.7135205078125001,0.7411767578125,0.8008056640625,0.809638671875,0.8112597656250001,0.806708984375,0.2339208984375,,0.75375
bank-marketing,64,xgb,sage,permutation,51.44418063163757,0.0001664400100707,0.2671805143356323,0.2521311283111572,0.3313631534576416,0.297671627998352,0.6404479026794434,,0.2766279697418213,15.958784770965575,16.366302728652954,17.691210651397704,18.404353666305543,18.601630997657775,19.16909806728363,2.676793265342712,,18.13426330089569,0.0010755018351939,0.0008865658975182,0.0006220557416655,0.0005348220976226,0.0006571035111928,0.0005562832273586,0.1897831313064334,,0.0007948342949952,0.0155713769453604,0.0103581939092912,0.0027887636710491,0.0028768832201415,0.0027265146440469,0.0027485416848688,1.2493059017166503,,0.0144935605295737,0.9,0.92,1.0,1.0,0.98,1.0,0.6,,0.8
bank-marketing,64,xgb,shap,kernel,54.90485808849335,0.0002019882202147,0.27159583568573,0.2564869403839111,0.3322533369064331,0.2770184755325317,0.6425507068634033,,0.3278248071670532,2501.731254196167,2399.2943999767303,2356.7661819696427,2364.84158244133,2357.1324384450913,2639.7752182483673,986.6169921159744,,2494.441945552826,0.0059602399095795,0.0042457261198163,0.0028590873858075,0.0028565182340836,0.0028979743511033,0.0026028058676193,0.067450396750876,,0.0045398629243362,0.0155713769453604,0.0103581939092912,0.0027887636710491,0.0028768832201415,0.0027265146440469,0.0027485416848688,1.2493059017166503,,0.0144935605295737,0.7799951171875,0.8336767578125001,0.8555175781250002,0.8599414062500002,0.8640673828125001,0.871650390625,0.5416943359374999,,0.8129150390625
bank-marketing,64,xgb,shapiq,kernel,52.69084360599518,0.0003221035003661,0.2730754375457763,0.2572030782699585,0.3376132488250732,0.2755284547805786,0.661563515663147,,0.2691961765289306,11323.389822530746,11124.337354373933,12398.315336918831,12271.190155100823,12247.488292574884,12544.526367998124,12369.100886535643,,12121.67584030628,0.0019067095588175,0.0015331839413378,0.0013951413783381,0.0013823659229373,0.0013860577832796,0.0013917706821746,0.0149925949777669,,0.0018492779560537,0.0155713769453604,0.0103581939092912,0.0027887636710491,0.0028768832201415,0.0027265146440469,0.0027485416848688,1.2493059017166503,,0.0144935605295737,0.6998632812500001,0.7735742187500001,0.7960156250000001,0.8069384765625001,0.7986962890625,0.7979052734375001,0.259609375,,0.7168408203125
bank-marketing,80,nn,sage,permutation,,,,,,,,0.0061522722244262,,,,,,,,,7.788619923591614,,,,,,,,,0.0014687380410578,,,,,,,,,0.0067801202611884,,,,,,,,,1.0,
bank-marketing,80,nn,shap,kernel,,,,,,,,0.0058487892150878,,,,,,,,,1607.9493514537812,,,,,,,,,0.005241412415733,,,,,,,,,0.0067801202611884,,,,,,,,,0.8547314453125001,
bank-marketing,80,nn,shapiq,kernel,,,,,,,,0.0063106775283813,,,,,,,,,10437.19256424904,,,,,,,,,0.0010041889087839,,,,,,,,,0.0067801202611884,,,,,,,,,0.7103857421875001,
bank-marketing,96,xgb,sage,permutation,,,,,,,,0.0069785118103026,,,,,,,,,10.499434638023375,,,,,,,,,0.0046250046448557,,,,,,,,,0.0108409083150016,,,,,,,,,0.9,
bank-marketing,96,xgb,shap,kernel,,,,,,,,0.0068940639495849,,,,,,,,,3575.30172393322,,,,,,,,,0.0111141486676153,,,,,,,,,0.0108409083150016,,,,,,,,,0.7417187500000001,
bank-marketing,96,xgb,shapiq,kernel,,,,,,,,0.00797381401062,,,,,,,,,16233.095335793496,,,,,,,,,0.0017358068340663,,,,,,,,,0.0108409083150016,,,,,,,,,0.7164990234375,
bank-marketing,128,nn,sage,permutation,52.40409233570099,0.0002169847488402,0.2759885787963867,0.2685081481933593,0.3402736902236938,0.2639913320541381,0.647776198387146,,0.5145194053649902,9.308503317832947,30.575624418258663,29.61866726875305,29.54950623512268,30.01754972934723,11.756435251235962,6.3696682214736935,,14.822288084030152,0.0005776503694213,0.0005334439428913,0.0004101132123189,0.0004161098786904,0.000385694415783,0.0003435480125319,0.0781001962945852,,0.0004769730394302,0.0099059555121057,0.0060881157032687,0.0012517271519223,0.0012689488581621,0.0012334983354701,0.0012854076688057,1.2493059017166503,,0.0095457522836484,1.0,1.0,1.0,1.0,1.0,1.0,0.4,,1.0
bank-marketing,128,nn,shap,kernel,52.2448810338974,0.0003407955169677,0.3783684968948364,0.3471179246902466,0.4108963012695312,0.3082161664962768,0.7504741668701171,,0.5031890869140625,2387.6612510681152,2537.6468452215195,2871.40055372715,2956.1200727939604,3062.442100906372,2204.236133337021,1236.7942797660828,,2272.2453515052794,0.0032027465371976,0.0024779302703006,0.0010275565943436,0.0009798007657125,0.0010449615723308,0.0009933508513342,0.0502921750290608,,0.0030607948237479,0.0099059555121057,0.0060881157032687,0.0012517271519223,0.0012689488581621,0.0012334983354701,0.0012854076688057,1.2493059017166503,,0.0095457522836484,0.8723339843750001,0.8760498046875,0.946923828125,0.9482373046875,0.9419140625,0.942392578125,0.5485498046874999,,0.8978271484375002
bank-marketing,128,nn,shapiq,kernel,52.57087364196777,0.0003242015838622,0.266903805732727,0.2502447366714477,0.3258148193359375,0.2761752843856811,0.6410734415054321,,0.4678843736648559,14494.198156881332,14907.11177456379,15287.09296810627,15300.334520959854,15298.899772644045,14738.042301750183,15325.501598834991,,14768.138366103172,0.0009675779470499,0.0007859784381398,0.0006145504074341,0.0006089002101722,0.0006099368059289,0.0006107145698219,0.0095609806020697,,0.0010205571964489,0.0099059555121057,0.0060881157032687,0.0012517271519223,0.0012689488581621,0.0012334983354701,0.0012854076688057,1.2493059017166503,,0.0095457522836484,0.7813623046875,0.801484375,0.8641259765625001,0.8652001953125001,0.8656201171875001,0.8632128906250001,0.234130859375,,0.7714160156250001
bank-marketing,128,xgb,sage,permutation,51.71405668258667,0.0001711606979369,0.2708697795867919,0.2523095369338989,0.3321075201034545,0.2828481435775757,0.6460609197616577,,0.5918063402175904,33.38135948181152,32.35458495616913,33.83039560317993,33.18900513648987,33.78130745887756,36.289406704902646,4.992142057418823,,30.207612204551697,0.0006992907767679,0.0007163194383499,0.0005612433290311,0.0004516451334985,0.0005023706799099,0.0004734140469884,0.1895728424443069,,0.0010556096975828,0.0099059555121057,0.0060881157032687,0.0012517271519223,0.0012689488581621,0.0012334983354701,0.001265022687203,1.2493059017166503,,0.0095457522836484,0.92,0.96,1.0,1.0,1.0,1.0,0.6,,0.8200000000000001
bank-marketing,128,xgb,shap,kernel,55.05249104499817,0.0004335403442382,0.2693981647491454,0.2551111459732055,0.3375083684921264,0.2801907539367675,0.6469501733779908,,0.6675809621810913,4845.735981154442,4554.985568904876,4538.20645480156,4552.523737502098,4549.63522849083,5111.100000166893,1897.8501730680464,,4756.320271849632,0.005246629473519,0.0033267361898428,0.0021306990764838,0.0020655018373486,0.0020706495959307,0.0019874812880568,0.0674549606417717,,0.0045422493642574,0.0099059555121057,0.0060881157032687,0.0012517271519223,0.0012689488581621,0.0012334983354701,0.001265022687203,1.2493059017166503,,0.0095457522836484,0.8044335937500001,0.86513671875,0.8931494140625,0.8958886718750001,0.895458984375,0.8983837890625,0.5416455078125,,0.8278613281250001
bank-marketing,128,xgb,shapiq,kernel,52.709138655662535,0.0004000663757323,0.2700879573822021,0.2536373138427734,0.3412637710571288,0.2862186908721923,0.6633791923522949,,0.4973997116088867,21419.43114974499,21194.300385284423,23541.89210181236,23357.365224146844,23293.537491607665,23899.507203006742,23321.575751376153,,23091.823483133317,0.0016845912182548,0.0012640545833395,0.0011624609036964,0.0011562886948565,0.0011496318915833,0.0011354393085151,0.0149939168477752,,0.0015801055086916,0.0099059555121057,0.0060881157032687,0.0012517271519223,0.0012689488581621,0.0012334983354701,0.001265022687203,1.2493059017166503,,0.0095457522836484,0.7335791015625001,0.8210107421875001,0.8431152343750001,0.8463427734375001,0.8484326171875001,0.8523779296875,0.25962890625,,0.7480664062500001
bank-marketing,160,nn,sage,permutation,,,,,,,,0.0058093309402465,,,,,,,,,17.283003902435304,,,,,,,,,0.0012413760010546,,,,,,,,,0.0048565140649932,,,,,,,,,1.0,
bank-marketing,160,nn,shap,kernel,,,,,,,,0.0060272693634032,,,,,,,,,3083.933004665375,,,,,,,,,0.0048284216577879,,,,,,,,,0.0048565140649932,,,,,,,,,0.8690576171875002,
bank-marketing,160,nn,shapiq,kernel,,,,,,,,0.0065709590911864,,,,,,,,,19714.24654612541,,,,,,,,,0.0008587288865537,,,,,,,,,0.0048565140649932,,,,,,,,,0.7555712890625,
bank-marketing,192,xgb,sage,permutation,,,,,,,,0.006422209739685,,,,,,,,,19.06986801624298,,,,,,,,,0.0045892036741569,,,,,,,,,0.0095688035877699,,,,,,,,,0.92,
bank-marketing,192,xgb,shap,kernel,,,,,,,,0.0065876960754394,,,,,,,,,7004.828988695144,,,,,,,,,0.0109778786899955,,,,,,,,,0.0095688035877699,,,,,,,,,0.7464599609375,
bank-marketing,192,xgb,shapiq,kernel,,,,,,,,0.0088436841964721,,,,,,,,,31236.974731898303,,,,,,,,,0.0015183805005877,,,,,,,,,0.0095688035877699,,,,,,,,,0.7466210937500001,
bank-marketing,256,nn,sage,permutation,52.22016830444336,0.0001998901367186,0.2842246055603027,0.2627329111099242,0.3550177097320556,0.2855420112609863,0.6530489683151245,,1.0159103870391846,19.73364019393921,51.172776985168454,58.39992713928223,59.770877313613894,61.726306557655334,24.325220465660095,11.960666751861572,,27.058665084838868,0.0005849151492421,0.0004197248124304,0.0004069878962921,0.0004090940462009,0.0003929729257398,0.0004287502375742,0.0584677895938169,,0.0005233008000432,0.0068426655662616,0.002745419241893,0.0006963658086355,0.0006961347221575,0.0006741021861103,0.0006896268588099,1.0697252007944222,,0.0076538041406221,1.0,1.0,1.0,1.0,1.0,1.0,0.5,,1.0
bank-marketing,256,nn,shap,kernel,51.833094763755795,0.0002616167068481,0.3506317615509033,0.3520570278167724,0.4311084270477295,0.2921792745590209,0.7636520624160766,,1.0872437477111816,4659.390685343742,4844.046342515945,5718.894227027893,5849.365984392166,5900.782354211808,4246.261723589897,3430.3478162288666,,4524.944466614723,0.0028029403099741,0.0018136896446227,0.0008388218851281,0.0008040887379539,0.0008217449596235,0.0007840183898308,0.0422819156791054,,0.0029845730276589,0.0068426655662616,0.002745419241893,0.0006963658086355,0.0006961347221575,0.0006741021861103,0.0006896268588099,1.0697252007944222,,0.0076538041406221,0.905263671875,0.9098583984375,0.956630859375,0.95845703125,0.9576318359375,0.9591845703125,0.5758935546874999,,0.910048828125
bank-marketing,256,nn,shapiq,kernel,52.09421343803406,0.0003136157989501,0.2568175077438354,0.2481123685836791,0.3251194477081298,0.282618236541748,0.6425742387771607,,0.9933208465576172,27840.065129375456,29360.60175907612,29514.227385663988,29435.756707286833,29356.5774749279,28294.53379342556,29486.779575324057,,28310.874427485465,0.0008264700097722,0.0006299126382638,0.0005319975098696,0.000524785771932,0.0005167710421338,0.0005213364582828,0.0084477839568618,,0.0009321500236553,0.0068426655662616,0.002745419241893,0.0006963658086355,0.0006961347221575,0.0006741021861103,0.0006896268588099,1.0697252007944222,,0.0076538041406221,0.818505859375,0.8572607421875,0.8949267578125001,0.8954980468750001,0.9012451171875,0.8970263671875001,0.224599609375,,0.7969042968750001
bank-marketing,256,xgb,sage,permutation,51.45105409622192,0.0001711130142211,0.2661050081253051,0.2541995286941528,0.3319591999053954,0.2869123697280883,0.6474177360534668,,1.097235918045044,60.65296688079834,62.991410279273985,62.74861869812012,65.80030930042267,64.33859269618988,70.15382285118103,9.940962743759156,,58.50178124904632,0.0006714416498949,0.0005190048629846,0.0004523574245377,0.0004803455170337,0.0005110260480999,0.0004437110445006,0.1367428265882683,,0.0008592437083966,0.0068426655662616,0.002745419241893,0.0006963658086355,0.0006961347221575,0.0006741021861103,0.0007056933832747,1.0697252007944222,,0.0076538041406221,0.98,0.96,0.96,0.96,0.98,1.0,0.6,,0.8
bank-marketing,256,xgb,shap,kernel,54.38523066043854,0.0002331018447875,0.2729630231857299,0.2604025602340698,0.3369688510894775,0.2963170289993285,0.6490800380706787,,1.2520271301269532,9488.289335465432,8904.322638893127,8877.799047851562,8911.454866361619,8925.31244661808,10014.704484796524,5284.694396853447,,9280.84021782875,0.0048498884471663,0.0024325114192858,0.001626661727638,0.0016919897752439,0.0015627549341376,0.0015324778570641,0.0562672048905148,,0.0037415392957895,0.0068426655662616,0.002745419241893,0.0006963658086355,0.0006961347221575,0.0006741021861103,0.0007056933832747,1.0697252007944222,,0.0076538041406221,0.8183251953125001,0.8971191406250002,0.917099609375,0.9158447265625,0.9202001953125,0.92083984375,0.5356982421875001,,0.8618994140625
bank-marketing,256,xgb,shapiq,kernel,52.782001399993895,0.0003314495086669,0.280878210067749,0.2563093662261962,0.3442163228988647,0.3073177814483642,0.6629939317703247,,1.03174147605896,41670.457556080815,41365.13708515167,45797.16600670815,45548.89573810101,45492.82967822552,46672.67759706974,45383.807922387125,,44876.54352400303,0.0014908703519359,0.0010689745076645,0.0009973046179592,0.0009954545897044,0.0009935739523601,0.0009872028720044,0.0128119749795459,,0.0014533145412459,0.0068426655662616,0.002745419241893,0.0006963658086355,0.0006961347221575,0.0006741021861103,0.0007056933832747,1.0697252007944222,,0.0076538041406221,0.7655371093750001,0.8638720703125001,0.8813720703125002,0.8791308593750001,0.8834179687500001,0.885078125,0.2464013671875,,0.767724609375
brazilian_houses,8,nn,sage,permutation,8.17627785205841,0.0002594232559203,0.0156059503555297,0.0126864910125731,0.0184770822525023,0.0131525754928588,0.0270389795303344,,0.0077016592025756,23.16652433872223,35.829950881004336,35.72276339530945,35.675164222717285,35.45385799407959,24.658643698692323,27.517915987968443,,17.686829614639283,0.0016934912838629,0.0011564942123831,0.0006503313039513,0.0009998881572338,0.0007889769127619,0.000619489538604,0.0295941048561369,,0.0051442385954775,0.0771633536059582,0.0697368053961763,0.0129397885027594,0.0149821767932391,0.0150620520836257,0.0128685406401556,0.972374761277161,,0.0759430354056613,0.9,0.92,1.0,1.0,1.0,1.0,0.6,,1.0
brazilian_houses,8,nn,shap,kernel,8.177973127365112,0.0001988172531127,0.0106520891189574,0.0105897903442382,0.0156742811203002,0.0112879991531371,0.0236352682113646,,0.006964349746704,31.690185570716856,31.227390837669372,32.41803829669952,32.644689083099365,32.588709473609924,36.52823417186737,22.06133170127869,,33.48234527111053,0.0136214309886706,0.0127555229296269,0.0059707654682181,0.0090049039588719,0.0064640343801135,0.0065354856378987,0.0748859771787227,,0.0243730501143133,0.0771633536059582,0.0697368053961763,0.0129397885027594,0.0149821767932391,0.0150620520836257,0.0128685406401556,0.972374761277161,,0.0759430354056613,0.8313700189753319,0.8560834914611005,0.9080834914611003,0.8951802656546487,0.8973055028462997,0.8991271347248577,0.7812523719165083,,0.8015939278937381
brazilian_houses,8,nn,shapiq,kernel,8.300748348236084,0.0002222537994384,0.012046194076538,0.0129677772521972,0.0173444509506225,0.0150032281875609,0.0261687517166137,,0.0065663814544677,83.14107575416566,87.28793373107911,87.04739971160889,86.38884725570679,86.74964916706085,91.01911454200744,86.67813374996186,,80.24079358577728,0.0037821827630269,0.0032819945647852,0.0021031658398181,0.0022216755226248,0.0023304126710122,0.0021554286745256,0.0165669898689932,,0.0035825202592659,0.0771633536059582,0.0697368053961763,0.0129397885027594,0.0149821767932391,0.0150620520836257,0.0128685406401556,0.972374761277161,,0.0759430354056613,0.5207514231499051,0.5975332068311194,0.6964705882352941,0.7191650853889943,0.6827324478178368,0.6880455407969639,0.4168500948766603,,0.6185199240986717
brazilian_houses,8,xgb,sage,permutation,8.113956212997437,0.0001989841461181,0.0122811555862426,0.0091652154922484,0.0130342721939086,0.0117202997207641,0.0217301368713378,,0.0076466321945189,22.192531776428225,22.222769379615784,9.130805563926696,4.498057436943054,24.055346512794493,8.16411612033844,4.440808176994324,,6.310356187820434,0.0107568947539521,0.0156746736968102,0.0090120482869815,0.0107124334096742,0.0068192397788657,0.0098883424645114,0.034572445655967,,0.0144834025458922,0.0771633536059582,0.0697368053961763,0.0129397885027594,0.0149821767932391,0.0150620520836257,0.0128685406401556,0.972374761277161,,0.0759430354056613,0.92,0.86,0.8400000000000001,1.0,1.0,0.8200000000000001,0.62,,1.0
brazilian_houses,8,xgb,shap,kernel,8.136312556266784,0.000196623802185,0.0102463960647582,0.0096615552902221,0.0136138677597045,0.0114424943923949,0.0238288640975951,,0.0069307088851928,68.30645773410797,68.1371325492859,74.11839985847473,72.71554019451142,73.36364281177521,69.18274886608124,47.669492149353026,,72.28898770809174,0.0273068136177264,0.0291773820857599,0.0153820404086025,0.0249131119629462,0.0216657552522208,0.0153538149467029,0.0778113954918478,,0.0375886874445996,0.0771633536059582,0.0697368053961763,0.0129397885027594,0.0149821767932391,0.0150620520836257,0.0128685406401556,0.972374761277161,,0.0759430354056613,0.7836963946869069,0.7822163187855787,0.8485768500948767,0.7883111954459202,0.7750284629981024,0.8500948766603414,0.6415180265654649,,0.7801138519924097
brazilian_houses,8,xgb,shapiq,kernel,8.168513655662537,0.0002212285995482,0.0335937499999999,0.0119691848754882,0.020290970802307,0.0113367080688475,0.0292181968688964,,0.0064735889434813,122.3226716041565,129.85800042152405,134.07488334178925,134.57452585697175,135.7694280862808,123.9547643661499,134.08174526691437,,128.53917796611785,0.0140350512509866,0.0164401004647454,0.0114748327614286,0.0127600748216059,0.0124626885701842,0.0113861263286368,0.0391844924263528,,0.0155867778217371,0.0771633536059582,0.0697368053961763,0.0129397885027594,0.0149821767932391,0.0150620520836257,0.0128685406401556,0.972374761277161,,0.0759430354056613,0.5308159392789374,0.5529715370018975,0.6879696394686906,0.5032258064516129,0.5007210626185958,0.6966223908918405,0.2953320683111954,,0.4701328273244781
brazilian_houses,16,nn,sage,permutation,8.05458950996399,0.0001963615417479,0.0096531391143798,0.0110951423645019,0.012407374382019,0.0111081838607787,0.0220247268676757,,0.0112245321273803,42.829615926742555,60.690123319625854,61.99940671920776,60.1203396320343,60.03453068733215,46.848068428039554,43.15175104141235,,40.309456658363345,0.00196745553165,0.0013071886515365,0.0006273313198419,0.0005686690477419,0.0005592473346208,0.0007089367619844,0.0305338379582965,,0.0029328611049672,0.0407134254530825,0.0451262488902639,0.0060442332697416,0.0042052687111887,0.0054338852220068,0.0053009177786418,0.972374761277161,,0.0313791348072495,0.98,0.94,1.0,1.0,1.0,1.0,0.6,,1.0
brazilian_houses,16,nn,shap,kernel,8.168504691123962,0.0001934528350829,0.0107702255249022,0.0088510990142821,0.0135647296905517,0.0111539363861083,0.0211454868316649,,0.0109182596206664,42.40842716693878,45.58691878318787,45.8286892414093,45.62861618995667,46.108389949798585,46.7824248790741,28.314561438560485,,44.13197603225708,0.0137435118993147,0.0095058398345557,0.0077238819601871,0.0039957798746895,0.0037904914138466,0.0076355622317499,0.0748859771787227,,0.0162122097960233,0.0407134254530825,0.0451262488902639,0.0060442332697416,0.0042052687111887,0.0054338852220068,0.0053009177786418,0.972374761277161,,0.0313791348072495,0.870899430740038,0.8812827324478179,0.906717267552182,0.940493358633776,0.9438330170777988,0.9102087286527512,0.7812523719165083,,0.8554838709677419
brazilian_houses,16,nn,shapiq,kernel,8.232142877578735,0.0002147436141967,0.0108420848846435,0.0098162174224853,0.0140747308731078,0.0108815908432006,0.0232194423675536,,0.0108022689819335,152.8404099225998,160.95491242408752,160.80601346492767,159.6585884809494,160.35503644943236,169.51296429634095,159.24075005054473,,148.99267563819885,0.0027052116439837,0.0026456317444157,0.0015309398992062,0.0013615436363779,0.0014105210693805,0.0014668580302214,0.0165669898689932,,0.0024303377956968,0.0407134254530825,0.0451262488902639,0.0060442332697416,0.0042052687111887,0.0054338852220068,0.0053009177786418,0.972374761277161,,0.0313791348072495,0.6466717267552182,0.6744895635673623,0.766831119544592,0.8009108159392788,0.7962049335863378,0.7878557874762808,0.4168500948766603,,0.7043643263757114
brazilian_houses,16,xgb,sage,permutation,8.03805239200592,0.0001927852630614,0.0100404500961303,0.0089861869812011,0.0131768226623534,0.0102188348770141,0.021106457710266,,0.0172962903976439,59.77472035884857,24.340937161445616,28.063540291786193,20.528932309150697,37.03742568492889,24.59241199493408,7.204675507545471,,12.9653391122818,0.0096649334290764,0.0087514918316988,0.004877599010882,0.0031724720073877,0.0059331881048603,0.0049873898871819,0.0347700912936628,,0.006154699558645,0.0407134254530825,0.0451262488902639,0.0060442332697416,0.0042052687111887,0.0054338852220068,0.0061704493533328,0.972374761277161,,0.0313791348072495,0.9,0.98,1.0,1.0,1.0,1.0,0.62,,1.0
brazilian_houses,16,xgb,shap,kernel,8.045713186264038,0.0001853942871093,0.010011863708496,0.0108447551727294,0.0131104707717895,0.0111192703247069,0.0216951847076415,,0.0224606037139892,110.16345598697664,117.643310713768,118.4121705532074,117.58006904125212,118.08537912368774,110.9870456457138,75.94881668090821,,116.58933675289154,0.0228438698183492,0.0206711542526853,0.0134851521566731,0.0100335470631369,0.0105807222056755,0.0132682775880622,0.0778113954918478,,0.0226962202761839,0.0407134254530825,0.0451262488902639,0.0060442332697416,0.0042052687111887,0.0054338852220068,0.0061704493533328,0.972374761277161,,0.0313791348072495,0.8078557874762808,0.8192485768500948,0.8421252371916509,0.8823529411764707,0.8947248576850095,0.8546489563567363,0.6415180265654649,,0.8293738140417458
brazilian_houses,16,xgb,shapiq,kernel,8.096595239639282,0.000232434272766,0.0109311819076537,0.0111373901367187,0.0138114690780639,0.0112074375152587,0.0234933137893676,,0.0115193128585815,230.81882581710815,245.25479364395144,252.84855043888092,253.41584267616273,620.575881934166,235.42651495933532,252.7882539510727,,242.36101870536805,0.0120516508727204,0.0111799090113546,0.007667619160379,0.0077391993765961,0.0068991199549514,0.0083821797640037,0.0391844924263528,,0.0099041740065459,0.0407134254530825,0.0451262488902639,0.0060442332697416,0.0042052687111887,0.0054338852220068,0.0061704493533328,0.972374761277161,,0.0313791348072495,0.6099278937381404,0.6257229601518026,0.6859203036053131,0.7139278937381404,0.7673624288425046,0.6820493358633776,0.2953320683111954,,0.6656546489563566
brazilian_houses,32,nn,sage,permutation,8.270996642112731,0.0002084255218505,0.0104023218154906,0.0093101739883422,0.0179246187210082,0.0112114429473876,0.0230390787124633,,0.0212308406829833,89.73275692462921,129.2007690668106,132.8675951242447,130.91029760837554,129.232989358902,94.55267808437348,128.75022926330567,,98.92740108966828,0.0027696054973871,0.0009316530048577,0.0005746375507813,0.0006158997499976,0.0006069759661576,0.0005237059149211,0.0192576278455977,,0.0012039947259218,0.01945622203576,0.0225491799704555,0.0022614902485667,0.0024257169292109,0.0023826728083848,0.0022107238224248,0.7824174798498967,,0.0143032008567904,0.92,0.98,1.0,1.0,1.0,1.0,0.72,,1.0
brazilian_houses,32,nn,shap,kernel,8.159892511367797,0.0003283262252807,0.0109077215194701,0.0101841688156127,0.0142992496490478,0.0113384246826171,0.0213138818740844,,0.0210477352142333,72.90317401885986,81.37230424880981,77.7796373128891,78.62735290527344,77.86243908405304,74.8235716342926,46.477304220199585,,71.10012114048004,0.0144216418146257,0.0087555836308763,0.0039046855573659,0.0042888023071561,0.0037952511405821,0.0038112566000558,0.0547280478011109,,0.0089324360671088,0.01945622203576,0.0225491799704555,0.0022614902485667,0.0024257169292109,0.0023826728083848,0.0022107238224248,0.7824174798498967,,0.0143032008567904,0.8769032258064516,0.8975028462998103,0.9474686907020872,0.943696394686907,0.9487893738140418,0.94865275142315,0.7884478178368121,,0.9051992409867172
brazilian_houses,32,nn,shapiq,kernel,8.393897914886475,0.0002376556396483,0.0120906352996825,0.0099794626235961,0.0141365289688109,0.0110840082168578,0.0232911586761474,,0.0204151153564452,295.97085983753203,304.56625509262085,306.8802439928055,305.29502604007723,306.30522964000704,319.6532309770584,306.0101515054703,,286.34201834201815,0.0021789568703558,0.0018502730316818,0.0009699724927587,0.0010302207057982,0.0009816789963504,0.0009671556827426,0.0132272258624574,,0.0015284124684828,0.01945622203576,0.0225491799704555,0.0022614902485667,0.0024257169292109,0.0023826728083848,0.0022107238224248,0.7824174798498967,,0.0143032008567904,0.7366982922201137,0.7564098671726754,0.8651764705882353,0.8534648956356736,0.8631650853889943,0.86680834914611,0.4139278937381404,,0.8088045540796964
brazilian_houses,32,xgb,sage,permutation,8.204466295242309,0.0002345323562621,0.0110666275024413,0.0099896192550658,0.012734031677246,0.0113579273223876,0.0239433526992797,,0.0221978664398192,60.83559122085571,43.22611782550812,36.21644172668457,38.45068657398224,34.878426218032835,35.352620577812196,10.565051722526553,,27.3771301984787,0.0086182258197296,0.0058787161466465,0.0026073224514036,0.0037682691054973,0.0037307819460169,0.0024291428798013,0.0741309791607732,,0.0035775727461699,0.01945622203576,0.0225491799704555,0.0022614902485667,0.0024257169292109,0.0023826728083848,0.0023254371204741,0.7824174798498967,,0.0143032008567904,0.92,1.0,1.0,1.0,1.0,1.0,0.72,,1.0
brazilian_houses,32,xgb,shap,kernel,8.206091976165771,0.0001828432083129,0.012607192993164,0.0105941295623778,0.0129737854003905,0.0103692770004271,0.0216898441314696,,0.0212911128997802,192.6726151227951,202.6711525440216,208.61079576015473,207.22294845581055,207.1545480251312,195.02627084255215,129.93861446380615,,203.25825645923615,0.0228279465943393,0.015230165939737,0.0096793218513638,0.0109979463300173,0.0095887167661903,0.0097133777947329,0.0743405317317515,,0.0129461660000004,0.01945622203576,0.0225491799704555,0.0022614902485667,0.0024257169292109,0.0023826728083848,0.0023254371204741,0.7824174798498967,,0.0143032008567904,0.8219734345351043,0.8504136622390892,0.8927514231499052,0.8902998102466793,0.8973282732447817,0.8905123339658443,0.6751499051233396,,0.8620872865275142
brazilian_houses,32,xgb,shapiq,kernel,8.17360692024231,0.0002164840698241,0.0108425617218017,0.0096477270126342,0.018958568572998,0.0107113599777221,0.0230360746383666,,0.0232308626174926,443.6346592664719,474.1719521522522,491.46421403884887,493.4175636529922,494.02651286125183,451.7357273817062,492.20364022254944,,468.1516051054001,0.0114425041577152,0.0079701601593248,0.0057648337902795,0.0062120495683394,0.0058119810342978,0.006082360398491,0.0411519694924866,,0.0067575380346467,0.01945622203576,0.0225491799704555,0.0022614902485667,0.0024257169292109,0.0023826728083848,0.0023254371204741,0.7824174798498967,,0.0143032008567904,0.6335711574952562,0.7301859582542694,0.7633320683111954,0.7675066413662239,0.7701252371916508,0.7423984819734344,0.341472485768501,,0.7914990512333966
brazilian_houses,64,nn,sage,permutation,8.14263575077057,0.0002080678939818,0.0098652839660644,0.0117274999618529,0.0144604682922362,0.012216830253601,0.0266614198684691,,0.04190194606781,204.799458861351,241.04153583049776,265.9155124425888,260.23997619152067,254.77584941387175,180.74454233646392,220.1614070892334,,192.93794133663175,0.0010659075688548,0.0006597996236239,0.0004752250504105,0.0004496764616062,0.0004790676784024,0.0004481362744906,0.0280502030620893,,0.0016458144614115,0.0108191809153576,0.009087186640492,0.0012507265840459,0.0011880402963593,0.0012575957845442,0.001148996717111,0.9089432725668722,,0.0132855504508501,0.96,1.0,1.0,1.0,1.0,1.0,0.6,,1.0
brazilian_houses,64,nn,shap,kernel,8.2457426071167,0.0001908779144286,0.010197615623474,0.0090247631072997,0.0135880947113036,0.0115791797637939,0.0224143981933593,,0.0406331062316894,142.14985013008118,160.16692781448364,154.02555434703828,154.07244255542756,152.992685174942,134.6345807313919,88.37438521385192,,146.67759022712707,0.0083697344185815,0.0061455625762855,0.0036129697204586,0.0026574958188157,0.0038149400660911,0.0033153500655353,0.0720247965361097,,0.0110662647686944,0.0108191809153576,0.009087186640492,0.0012507265840459,0.0011880402963593,0.0012575957845442,0.001148996717111,0.9089432725668722,,0.0132855504508501,0.9144440227703984,0.9189981024667933,0.95146110056926,0.9597874762808348,0.9481745730550284,0.957168880455408,0.7826185958254269,,0.8958633776091081
brazilian_houses,64,nn,shapiq,kernel,8.507017278671265,0.0002533197402953,0.010824155807495,0.0101100921630858,0.0168768405914306,0.0158852100372314,0.0231494903564452,,0.0398419857025146,572.4415436983109,597.7827298641205,600.2034851074219,600.2375359296799,599.8914846658706,625.8380663871765,600.7651218891144,,559.6265949249267,0.0015676708865286,0.0012828866525108,0.0007294348291074,0.0006491270704525,0.0006884691178915,0.0006820015966541,0.0159713074047962,,0.0015351082003676,0.0108191809153576,0.009087186640492,0.0012507265840459,0.0011880402963593,0.0012575957845442,0.001148996717111,0.9089432725668722,,0.0132855504508501,0.791324478178368,0.8095787476280834,0.9006982922201139,0.9026261859582544,0.8984212523719164,0.9016091081593928,0.4224667931688805,,0.8076660341555977
brazilian_houses,64,xgb,sage,permutation,8.097882008552551,0.0005577564239501,0.0102508783340453,0.0102663993835448,0.020598006248474,0.0106545686721801,0.0209826707839965,,0.0415643453598022,114.33230724334716,105.16243875026704,58.84774119853974,58.18294999599457,89.35518379211426,95.58089652061464,24.593585872650145,,73.52329461574554,0.0058617376494864,0.004505705811598,0.0029919119985112,0.0022728924571936,0.0032892854065487,0.0036843323464671,0.0315509365348925,,0.0107633311255293,0.0108191809153576,0.009087186640492,0.0012507265840459,0.0011880402963593,0.0012575957845442,0.0012046969326592,0.9089432725668722,,0.0132855504508501,0.96,1.0,1.0,1.0,1.0,1.0,0.62,,0.8
brazilian_houses,64,xgb,shap,kernel,8.139979553222656,0.0002485513687133,0.0106575489044189,0.0092957258224486,0.0133905887603759,0.0105168342590331,0.0217562675476073,,0.0400025129318236,355.75882127285,382.5070947170258,391.9646106958389,386.0355468034744,386.41141333580015,363.914305138588,239.4973392724991,,376.69064223766327,0.0163736560364065,0.0121037743342531,0.0080490747968415,0.0061712365456074,0.0069161603032685,0.0078930110143415,0.0750514581557049,,0.0352677926882304,0.0108191809153576,0.009087186640492,0.0012507265840459,0.0011880402963593,0.0012575957845442,0.0012046969326592,0.9089432725668722,,0.0132855504508501,0.8451992409867172,0.8864895635673624,0.9194231499051232,0.9259051233396584,0.9222846299810248,0.9219127134724856,0.6426565464895635,,0.8611764705882352
brazilian_houses,64,xgb,shapiq,kernel,8.145751714706421,0.000536012649536,0.01320161819458,0.0107736587524413,0.0139959335327147,0.0203005552291869,0.0261171579360961,,0.0426761627197265,873.7669950008392,926.4332362890244,953.7541350364684,954.8590395927428,960.5928243875504,888.0796074867249,956.1963436365128,,917.0608088731766,0.0086668589922747,0.0061349825701913,0.0041489892456772,0.0040677110845348,0.0044050462725415,0.0049061228083353,0.0379173437200291,,0.0098367663281308,0.0108191809153576,0.009087186640492,0.0012507265840459,0.0011880402963593,0.0012575957845442,0.0012046969326592,0.9089432725668722,,0.0132855504508501,0.6909297912713472,0.8000455407969639,0.8517267552182164,0.8317115749525616,0.8318481973434533,0.851977229601518,0.2958633776091082,,0.7663757115749525
brazilian_houses,128,nn,sage,permutation,8.10496265888214,0.0003759145736693,0.0119846105575561,0.0104265928268431,0.0158131837844847,0.0123300790786742,0.0223799467086791,,0.0814011812210082,437.07475235462186,529.8559373855591,535.6115443944931,540.749443268776,527.700595164299,382.2720997810364,509.06475393772126,,362.7421890974045,0.0010921935152976,0.0006190303528593,0.0004815805793573,0.0003457102072194,0.0006787207888527,0.000419981598195,0.0217976745825512,,0.0027315493746448,0.0054819714602297,0.0051106533598536,0.0008843937416003,0.0008597033893383,0.000877488885107,0.0008738136571331,0.825755727989568,,0.0161969883428163,1.0,1.0,1.0,1.0,1.0,1.0,0.6799999999999999,,1.0
brazilian_houses,128,nn,shap,kernel,8.182780957221985,0.000190234184265,0.0101034641265868,0.01131854057312,0.0127717733383178,0.0114054203033446,0.020903706550598,,0.0786845207214355,286.60547721385956,338.5496400356293,317.1611518859863,318.4577136278152,320.61449882984164,276.0670142173767,187.8533548116684,,300.64015967845916,0.0083024417004128,0.0041754410703047,0.0028123345123811,0.0028823015804585,0.0029493663843831,0.0030184923511157,0.0605889426569737,,0.0154701674572856,0.0054819714602297,0.0051106533598536,0.0008843937416003,0.0008597033893383,0.000877488885107,0.0008738136571331,0.825755727989568,,0.0161969883428163,0.9294497153700187,0.957032258064516,0.960235294117647,0.9596812144212524,0.9584136622390892,0.9577836812144211,0.7859127134724858,,0.9016318785578749
brazilian_houses,128,nn,shapiq,kernel,8.256142735481262,0.0002497434616088,0.0110638618469237,0.0102324485778808,0.0140503406524657,0.0135758399963378,0.0234722852706908,,0.0862490892410277,1127.304588651657,1176.4207206487656,1174.702475094795,1174.2800733327863,1176.460054898262,1223.3819210529327,1176.420962977409,,1101.1067526578904,0.0012681958221037,0.0008463884215086,0.0005180435109177,0.0005090934642229,0.000503514405173,0.0005229608048076,0.0141392441049463,,0.0016248957045178,0.0054819714602297,0.0051106533598536,0.0008843937416003,0.0008597033893383,0.000877488885107,0.0008738136571331,0.825755727989568,,0.0161969883428163,0.8299278937381404,0.8790891840607211,0.9264895635673625,0.9292296015180264,0.930178368121442,0.9263225806451614,0.4163339658444023,,0.8113092979127133
brazilian_houses,128,xgb,sage,permutation,8.1519300699234,0.0002665281295775,0.0113044500350951,0.0091116428375243,0.0133621454238891,0.0120839834213256,0.0215053558349609,,0.0806092262268066,243.6854783296585,123.295880484581,122.93629968166351,121.89983661174774,116.1756024837494,113.37318255901336,41.165364146232605,,85.80612242221832,0.0063533451464465,0.0033267179089085,0.0017589313876336,0.0021104289221911,0.0017751577131017,0.0018229780767834,0.0603272870683151,,0.0084618408973343,0.0054819714602297,0.0051106533598536,0.0008843937416003,0.0008597033893383,0.000877488885107,0.0008897564329981,0.825755727989568,,0.0161969883428163,0.98,1.0,1.0,1.0,1.0,1.0,0.7,,1.0
brazilian_houses,128,xgb,shap,kernel,8.254446959495544,0.0001901865005492,0.0118024110794066,0.0104156255722045,0.0148306131362914,0.0118690967559814,0.0243169546127318,,0.0823281049728393,690.635164642334,733.5564187049865,750.3496264696121,738.5061363935471,747.081083703041,697.3645231008529,453.4302387237549,,724.2924448728561,0.0151897417663695,0.0076420048139365,0.0065877611413624,0.0060255047821827,0.0051451820976281,0.006003990207048,0.0747542986708357,,0.0280347545627657,0.0054819714602297,0.0051106533598536,0.0008843937416003,0.0008597033893383,0.000877488885107,0.0008897564329981,0.825755727989568,,0.0161969883428163,0.8551954459203035,0.9210853889943074,0.9282201138519924,0.9375104364326377,0.9419810246679317,0.9320531309297916,0.6641366223908918,,0.8601138519924099
brazilian_houses,128,xgb,shapiq,kernel,8.124014353752136,0.0002686023712157,0.0149064302444457,0.0130658626556396,0.0253780603408812,0.0224023342132567,0.0268319129943847,,0.0837634086608886,1734.3228701591493,1821.0919754981992,1868.1509780406952,1876.001018333435,1865.9974888324737,1737.3749989509583,1875.9500197410584,,1805.3069474935533,0.0078331605258605,0.0044815027070839,0.0035132605996942,0.0032663849876918,0.0029388510737968,0.0033587393103044,0.0401356494120572,,0.0072463779770129,0.0054819714602297,0.0051106533598536,0.0008843937416003,0.0008597033893383,0.000877488885107,0.0008897564329981,0.825755727989568,,0.0161969883428163,0.6960834914611005,0.825965844402277,0.8425654648956357,0.8703453510436432,0.8736698292220113,0.8511423149905124,0.3261328273244782,,0.7831499051233395
california_housing,16,nn,sage,permutation,64.17095296382904,0.0005260705947875,0.2526484489440918,0.2498746633529662,0.3274131059646606,0.2627103090286254,0.3801735162734985,,0.0227335691452025,1.3365250825881958,0.6826510429382324,1.4451271057128907,0.9122360229492188,0.986512565612793,1.5342962265014648,0.1453197717666625,,1.7437289476394653,0.0633745836987308,0.0625035436293723,0.0139473371883127,0.013739464245551,0.0132832184209606,0.0133880720077896,1.2544586774343298,,0.0386288230896753,0.0504737556343706,0.042757316719228,0.0058889968495432,0.0055515270261427,0.0061960855783649,0.0055098255194004,1.3322047737920255,,0.0167353390857672,0.86,0.82,0.86,1.0,0.96,0.92,0.54,,0.8
california_housing,16,nn,shap,kernel,67.46586165428161,0.0003001451492309,0.2813982248306274,0.2683090209960937,0.3453536033630371,0.263011884689331,0.396895670890808,,0.0256651878356933,36.53378005027771,34.58923420906067,35.239196920394896,35.63963143825531,35.09318118095398,37.63374524116516,34.62873136997223,,34.054806447029115,0.0890246064849946,0.0920610932337544,0.032792006173976,0.0230463479077539,0.0311455650200283,0.0224126098501776,0.6885933344917885,,0.0522453492507112,0.0504737556343706,0.042757316719228,0.0058889968495432,0.0055515270261427,0.0061960855783649,0.0055098255194004,1.3322047737920255,,0.0167353390857672,0.8892578125,0.8831201171875002,0.9235009765625,0.9609375,0.943359375,0.952978515625,0.692626953125,,0.903662109375
california_housing,16,nn,shapiq,kernel,64.37953879833222,0.0002187490463256,0.253211498260498,0.2448836088180541,0.3439968824386596,0.2584405422210693,0.4002222061157227,,0.0258374691009521,118.42153508663178,131.02779071331025,125.96321635246277,126.86613671779632,126.77943799495696,130.85630881786346,126.32651796340944,,122.77588624954224,0.0434802783511542,0.041904884631529,0.016522839225958,0.0145829118581181,0.018370148711493,0.0155977288815872,0.4550979981538737,,0.0311455541197864,0.0504737556343706,0.042757316719228,0.0058889968495432,0.0055515270261427,0.0061960855783649,0.0055098255194004,1.3322047737920255,,0.0167353390857672,0.7475439453125,0.79078125,0.9069140625,0.91201171875,0.878173828125,0.89931640625,0.4638671875,,0.8377441406250001
california_housing,16,xgb,sage,permutation,66.30159456729889,0.0001501083374022,0.2427737951278686,0.2305593490600585,0.3116115808486938,0.257228136062622,0.3756062984466552,,0.0261059999465941,1.9748571157455443,2.035307431221008,3.408429193496704,2.5877427577972414,2.034060072898865,2.3866734504699707,0.4476768016815186,,2.7753769874572756,0.046132835869907,0.0422943089938327,0.0166470156320603,0.022423472238297,0.0165719658983945,0.0212924771614526,0.6933246616171259,,0.0241652350020985,0.0504737556343706,0.042757316719228,0.0058889968495432,0.0055515270261427,0.0061960855783649,0.0064283820982329,1.3322047737920255,,0.0167353390857672,0.8,0.8800000000000001,0.8,0.98,0.92,1.0,0.72,,0.94
california_housing,16,xgb,shap,kernel,64.02523539066314,0.0001856088638305,0.2421182870864867,0.2343970775604247,0.3192500591278076,0.2572794675827026,0.3723579883575439,,0.0237898588180541,100.38371443748474,96.96728551387788,97.60828080177308,97.35126760005951,96.8151494026184,108.7520380973816,96.78222591876984,,100.27538380622865,0.0778794567566517,0.0774432273388125,0.0411101537145859,0.0267140534780691,0.0458005601523283,0.0343847763545966,0.4798984080291911,,0.0406328629545879,0.0504737556343706,0.042757316719228,0.0058889968495432,0.0055515270261427,0.0061960855783649,0.0064283820982329,1.3322047737920255,,0.0167353390857672,0.8499169921875002,0.8509619140625,0.894423828125,0.92197265625,0.880859375,0.9168798828125,0.72705078125,,0.895654296875
california_housing,16,xgb,shapiq,kernel,63.507794165611266,0.0002161502838134,0.263922619819641,0.2472777366638183,0.330679726600647,0.2619829654693603,0.3943240165710449,,0.0297309398651122,197.10463206768037,224.44187042713165,222.7524298429489,224.5758549451828,224.55306255817413,204.04005408287048,223.6877714395523,,201.1325618982315,0.0338727739558307,0.0329964331183022,0.0247179209741363,0.0235473896829746,0.0237541867081179,0.024508279623139,0.1966540157067071,,0.0261898529450796,0.0504737556343706,0.042757316719228,0.0058889968495432,0.0055515270261427,0.0061960855783649,0.0064283820982329,1.3322047737920255,,0.0167353390857672,0.7494287109375001,0.7684277343750001,0.8116113281250001,0.81748046875,0.8240234375,0.81884765625,0.471875,,0.8234863281250002
california_housing,32,nn,sage,permutation,68.78874323368072,0.0001694202423095,0.258150029182434,0.2539869785308837,0.3160210371017456,0.2618277311325073,0.3862415552139282,,0.0417744874954223,1.5647401571273805,1.4198267936706543,1.9204814672470092,1.966917872428894,1.6734127521514892,2.1877668142318725,0.2708797454833984,,2.848288130760193,0.0457257763784336,0.0440590192834757,0.0118356503902551,0.0084602485280865,0.0071977334009269,0.0070849172547629,1.2294438733733064,,0.0131126128838724,0.0241183340305011,0.0231148959168104,0.0017968481608787,0.0018410631395216,0.0016632845468459,0.0021827945305327,1.3322047737920255,,0.0114575298485364,0.92,0.8800000000000001,0.96,0.98,0.96,0.9,0.5599999999999999,,1.0
california_housing,32,nn,shap,kernel,72.043865275383,0.0001597404479979,0.2763768196105957,0.2633036613464355,0.3356126546859741,0.2731067895889282,0.3924646139144897,,0.0440734386444091,52.993021154403685,65.64070670604706,66.63962733745575,66.49463491439819,65.9879162311554,55.933329176902774,65.06455526351928,,47.532579112052915,0.0654935487826623,0.0634497345276857,0.011358835447109,0.0129587885705754,0.0193953745061851,0.016750868437369,0.6885933344917885,,0.0302742905891453,0.0241183340305011,0.0231148959168104,0.0017968481608787,0.0018410631395216,0.0016632845468459,0.0021827945305327,1.3322047737920255,,0.0114575298485364,0.9145068359375,0.9111669921875,0.972216796875,0.96685546875,0.967724609375,0.9748046875,0.692626953125,,0.9451171875
california_housing,32,nn,shapiq,kernel,69.02340071201324,0.0002367019653319,0.2714643716812134,0.2537282466888427,0.3245216608047485,0.2577360391616821,0.395163083076477,,0.0436108827590941,222.7260859489441,250.25986778736117,240.63288388252255,240.77944366931916,239.7796100616455,247.11245958805085,240.58858034610748,,233.77133524417877,0.0315453370444196,0.0271896592156139,0.0084641349974233,0.0103474196935679,0.0086905064608901,0.0095081018064216,0.4550979981538737,,0.0220766511095639,0.0241183340305011,0.0231148959168104,0.0017968481608787,0.0018410631395216,0.0016632845468459,0.0021827945305327,1.3322047737920255,,0.0114575298485364,0.8096533203125,0.8472949218750001,0.946728515625,0.943740234375,0.9458984375,0.9419921875,0.4638671875,,0.875634765625
california_housing,32,xgb,sage,permutation,70.81701371669769,0.0001377582550048,0.2479675531387328,0.2311421394348144,0.3132932901382446,0.2596846580505371,0.3804014921188354,,0.0402502059936522,3.2324997425079345,3.2268301248550415,3.500687289237976,3.367804932594299,3.8764574766159057,4.833521604537964,0.7721189737319947,,3.909644103050232,0.0325754364600593,0.022262509565972,0.0122454437064529,0.0088244500716918,0.0073518115247261,0.0139432052243336,0.6968408094692801,,0.0198123866196859,0.0241183340305011,0.0231148959168104,0.0017968481608787,0.0018410631395216,0.0016632845468459,0.0022158076523114,1.3322047737920255,,0.0114575298485364,0.92,0.8800000000000001,1.0,0.96,0.8,0.98,0.76,,1.0
california_housing,32,xgb,shap,kernel,69.01063098907471,0.0001756668090819,0.240768265724182,0.2322800159454345,0.3066621303558349,0.2588715553283691,0.3817999124526977,,0.0498600244522094,175.11857862472533,167.89579412937164,167.60302631855012,167.37619917392732,166.39925782680513,184.56701333522795,165.5073626756668,,173.09231934547424,0.0589757458758134,0.0498196642617076,0.0204165053130452,0.0221757149382146,0.0212178041162831,0.0275099714691317,0.4798984080291911,,0.034527131522591,0.0241183340305011,0.0231148959168104,0.0017968481608787,0.0018410631395216,0.0016632845468459,0.0022158076523114,1.3322047737920255,,0.0114575298485364,0.8830859375000001,0.8905078125000001,0.920751953125,0.93970703125,0.9360839843750002,0.9299804687500002,0.72705078125,,0.904736328125
california_housing,32,xgb,shapiq,kernel,68.41840879917144,0.0002015590667724,0.2593836069107055,0.2410101890563964,0.3286273002624511,0.263991904258728,0.3911344289779663,,0.0435954332351684,379.0800763130188,429.67030980587,427.09927864074706,430.8038410902023,433.626651263237,395.3647617340088,432.15804209709165,,390.7870085716248,0.0262570552452695,0.0221391631382477,0.0162122123560318,0.0152852987116747,0.0145723623848189,0.0164379728228101,0.1966540157067071,,0.0197273242992063,0.0241183340305011,0.0231148959168104,0.0017968481608787,0.0018410631395216,0.0016632845468459,0.0022158076523114,1.3322047737920255,,0.0114575298485364,0.7994677734375001,0.8250683593750001,0.8522949218750002,0.8725781250000001,0.88076171875,0.8667968750000001,0.471875,,0.8533203125000002
california_housing,64,nn,sage,permutation,72.24370968341827,0.0001855373382567,0.2636967897415161,0.2486133575439453,0.3228420257568359,0.2674131870269775,0.3933054208755493,,0.0842741012573241,3.226228356361389,3.614980697631836,3.915985226631165,3.704043102264405,3.587933564186096,4.687477350234985,0.543388843536377,,4.0953550100326535,0.0349935166710077,0.0436635102209601,0.0079217595810799,0.0070390675629378,0.0088658679670866,0.0084397932489749,1.2464015325624882,,0.0323840868894158,0.0120894907729897,0.0111477174071904,0.0007813975912585,0.0007281178877267,0.0007473171766719,0.0008350852511837,1.3322047737920255,,0.01695875152723,0.9,0.9,0.8800000000000001,0.96,0.96,0.9,0.54,,1.0
california_housing,64,nn,shap,kernel,75.92052717208863,0.000159478187561,0.2760376214981078,0.2691230058670044,0.3398181438446044,0.2635477781295776,0.4031717300415039,,0.0817983388900756,103.72910549640656,135.0172783613205,147.7766151189804,149.0185158252716,147.61528100967408,108.89561960697174,143.61265065670014,,80.17645487785339,0.0500071330428541,0.0554316258828109,0.0112674674073309,0.0099395229280906,0.0107151990841504,0.0103219374493532,0.6885933344917885,,0.0395560178430855,0.0120894907729897,0.0111477174071904,0.0007813975912585,0.0007281178877267,0.0007473171766719,0.0008350852511837,1.3322047737920255,,0.01695875152723,0.9273828125,0.92533203125,0.9775146484375,0.9797900390625,0.9797900390625,0.9798144531250002,0.692626953125,,0.9326171875
california_housing,64,nn,shapiq,kernel,72.30037438869476,0.0002190113067626,0.2530115127563476,0.244434356689453,0.3232600927352905,0.2682997226715087,0.4010494709014892,,0.0939994812011718,431.0822882413864,481.402344584465,465.9032208442688,466.270699763298,467.4727410554886,480.6039751291275,468.2347599029541,,453.1680393218994,0.0223964876348373,0.0227340617424976,0.0065564792833787,0.0055770989436323,0.0057812620886424,0.0061751226686614,0.4550979979937011,,0.0240675313585121,0.0120894907729897,0.0111477174071904,0.0007813975912585,0.0007281178877267,0.0007473171766719,0.0008350852511837,1.3322047737920255,,0.01695875152723,0.8609863281250002,0.8739160156250001,0.9576171875,0.9660400390625,0.96181640625,0.96025390625,0.463916015625,,0.882470703125
california_housing,64,xgb,sage,permutation,73.7914606332779,0.0001355648040771,0.2464167356491088,0.2332013130187988,0.308385157585144,0.2893942832946777,0.37061607837677,,0.0794091463088988,7.462268114089966,6.573248171806336,7.013843631744384,6.380119657516479,6.495758509635925,7.337718343734741,1.444822645187378,,7.62031397819519,0.0239031178818191,0.0187267672343782,0.0087871641228747,0.0102573779747692,0.0095464822068692,0.0075382648981782,0.6782181510113394,,0.015501972331162,0.0120894907729897,0.0111477174071904,0.0007813975912585,0.0007281178877267,0.0007473171766719,0.0008779304731133,1.3322047737920255,,0.01695875152723,0.8200000000000001,0.8800000000000001,0.94,0.98,0.92,0.94,0.74,,1.0
california_housing,64,xgb,shap,kernel,71.83682343959808,0.0002241849899291,0.2378706455230712,0.2300544500350951,0.2998398780822753,0.2563064336776733,0.3685184001922607,,0.1088902473449706,312.7484128236771,306.4487835884094,304.179630947113,304.4296674251556,303.76760244369507,341.66019158363343,301.8789186477661,,317.52376379966734,0.0420885723619121,0.0425072372402615,0.0173478571500914,0.0146027262902199,0.014516554902321,0.0144161932620999,0.4798984080291911,,0.0322554863710269,0.0120894907729897,0.0111477174071904,0.0007813975912585,0.0007281178877267,0.0007473171766719,0.0008779304731133,1.3322047737920255,,0.01695875152723,0.9085302734375,0.90818359375,0.950859375,0.95880859375,0.95865234375,0.9574169921875,0.72705078125,,0.9004394531250002
california_housing,64,xgb,shapiq,kernel,71.7878496170044,0.0001943349838256,0.2531330823898315,0.2410562515258788,0.3241636753082275,0.2677107095718384,0.398547625541687,,0.0843106508255004,747.4899029016494,839.842494058609,841.4660634994507,844.9912764310836,848.5169814825058,774.1720907926559,846.9142019271851,,763.1306378126144,0.0191026008335388,0.0168043539407414,0.0105968110973063,0.0099885088908512,0.0101202898176967,0.0102281175886216,0.1966540158348129,,0.0175996746014847,0.0120894907729897,0.0111477174071904,0.0007813975912585,0.0007281178877267,0.0007473171766719,0.0008779304731133,1.3322047737920255,,0.01695875152723,0.8424072265625,0.8676904296875001,0.9120068359375,0.91310546875,0.911923828125,0.9121240234375,0.471630859375,,0.8650390625
california_housing,128,nn,sage,permutation,75.56735618114472,0.0001728773117064,0.2614354372024536,0.2430800676345824,0.3153282403945922,0.2649801015853882,0.39868745803833,,0.1812514543533324,7.0504802703857425,6.970410633087158,7.515144109725952,7.768400931358338,7.647719359397888,9.754796195030211,1.1312728643417358,,7.315453553199768,0.0277774922565854,0.0281863970022913,0.0060085045229814,0.0080907407777179,0.0066064024262478,0.0063987580948811,1.2464236668187454,,0.0285609181257446,0.0083015521123026,0.0053175914208917,0.0003478160199011,0.0003178506305181,0.0003115563435714,0.0003704249206259,1.3322047737920255,,0.0193633513196154,0.96,0.92,0.98,0.98,1.0,0.96,0.5599999999999999,,0.8800000000000001
california_housing,128,nn,shap,kernel,79.25028502941132,0.0001594066619872,0.2753097534179687,0.270252251625061,0.3463011026382446,0.2571791172027587,0.4059396743774414,,0.1610098123550414,219.6735520124435,284.6010167360306,303.87163240909575,303.23806858062744,302.25594074726104,219.94493460655212,300.65273413658144,,156.14263982772826,0.0409893418805561,0.0380490020743484,0.0080308757871118,0.0067250948515902,0.0064740869949061,0.0073228704782762,0.6885933344917885,,0.0394364033030587,0.0083015521123026,0.0053175914208917,0.0003478160199011,0.0003178506305181,0.0003115563435714,0.0003704249206259,1.3322047737920255,,0.0193633513196154,0.941962890625,0.9420361328125,0.9849365234375,0.985576171875,0.9870068359375,0.9861376953125,0.692626953125,,0.924560546875
california_housing,128,nn,shapiq,kernel,75.91078848838806,0.0002285003662108,0.2535435914993286,0.2413171291351317,0.3256125450134277,0.2578915357589721,0.3985060691833496,,0.2283833026885985,861.913654088974,948.3754940509796,923.0280340194702,922.684573316574,922.0950999498368,946.7471795320512,923.2599969863892,,889.8066882610321,0.0193128937662288,0.0152900015807284,0.004280739542884,0.0037164790688449,0.0035190214196293,0.0042556434218324,0.4550979973614008,,0.0264290519672755,0.0083015521123026,0.0053175914208917,0.0003478160199011,0.0003178506305181,0.0003115563435714,0.0003704249206259,1.3322047737920255,,0.0193633513196154,0.8771923828125001,0.9121533203125,0.973037109375,0.9755078125,0.9764990234375,0.9718017578125,0.4638671875,,0.873193359375
california_housing,128,xgb,sage,permutation,76.73773732185364,0.0002298355102538,0.244380760192871,0.233575415611267,0.3135090351104735,0.2623425483703613,0.3699156284332275,,0.1926411151885986,13.58990387916565,12.05731761455536,12.496069693565367,12.113217067718503,12.038245368003846,14.032404613494872,2.592897653579712,,16.86520137786865,0.0171313262115536,0.0173943058662431,0.0062601622993078,0.0075886801771097,0.0063779186939294,0.0063364718485567,0.6697188435086782,,0.0120457800758676,0.0083015521123026,0.0053175914208917,0.0003478160199011,0.0003178506305181,0.0003115563435714,0.0003666354635133,1.3322047737920255,,0.0193633513196154,0.8800000000000001,0.8800000000000001,0.94,0.96,0.96,0.92,0.74,,1.0
california_housing,128,xgb,shap,kernel,75.40701520442963,0.0001726865768432,0.2365853548049926,0.2282870769500732,0.3036850929260253,0.2571630239486694,0.3684956550598144,,0.2036880731582641,591.1609042882919,581.3825099468231,577.5898697376251,578.3127313613892,577.992121052742,652.408726477623,572.8513869524002,,610.325205206871,0.0392651468758972,0.0302582768206978,0.0109633454539721,0.0102623613815122,0.0099607311819585,0.0111059659171447,0.4798984080291911,,0.0364735705550159,0.0083015521123026,0.0053175914208917,0.0003478160199011,0.0003178506305181,0.0003115563435714,0.0003666354635133,1.3322047737920255,,0.0193633513196154,0.915693359375,0.9286328125,0.9705712890625,0.969423828125,0.971171875,0.9686279296875,0.72705078125,,0.8923828125000002
california_housing,128,xgb,shapiq,kernel,75.19375123977662,0.0002340555191039,0.2539086580276489,0.2445952177047729,0.3301016092300414,0.2627686023712158,0.3931368827819824,,0.175326657295227,1442.026084780693,1644.2790353059768,1643.8398883342743,1644.6654952049255,1652.1265691280364,1524.3401901245118,1650.0603754997253,,1491.148996782303,0.01582851550742,0.0112978376241811,0.0069197771142913,0.0068123294784943,0.0066001155510366,0.0065962283397586,0.1966540157067071,,0.018886184614851,0.0083015521123026,0.0053175914208917,0.0003478160199011,0.0003178506305181,0.0003115563435714,0.0003666354635133,1.3322047737920255,,0.0193633513196154,0.8629882812500002,0.9044580078125002,0.938779296875,0.93890625,0.941025390625,0.9411083984375,0.471875,,0.861865234375
california_housing,256,nn,sage,permutation,78.9732126235962,0.0001815319061278,0.2524999380111694,0.2487954378128051,0.3123452186584472,0.2664672851562499,0.3939024448394775,,0.3547573566436767,14.765873861312866,15.600681161880493,16.316963934898375,16.304893255233765,16.16885995864868,19.139194464683538,2.393264651298523,,13.927761793136597,0.0192824169951779,0.0181918483306067,0.0081328938141132,0.0093817367915505,0.0078413402638951,0.0070580995993687,1.2358875354835257,,0.0280936917158915,0.0039731289064585,0.0024275653049094,0.0001725802991978,0.0001665734641703,0.0001761239426163,0.000184988646314,1.3322047737920255,,0.0190126549654746,0.92,0.94,1.0,0.96,1.0,1.0,0.62,,0.8200000000000001
california_housing,256,nn,shap,kernel,82.74853010177613,0.0001865148544311,0.2755922317504882,0.2601763248443604,0.3430351734161377,0.264147138595581,0.4010770082473754,,0.3271245002746582,449.63722772598265,632.1495168447494,637.0983413219452,634.8751578330994,638.2096325874329,444.3927607536316,633.6410135269165,,313.65799338817595,0.0255453809373743,0.0234420631811183,0.0052917902233296,0.0048900611036378,0.0052262019759217,0.0049118766183198,0.6885933344917885,,0.0458290221745925,0.0039731289064585,0.0024275653049094,0.0001725802991978,0.0001665734641703,0.0001761239426163,0.000184988646314,1.3322047737920255,,0.0190126549654746,0.950986328125,0.9629052734375,0.989111328125,0.99001953125,0.989228515625,0.989033203125,0.692626953125,,0.914697265625
california_housing,256,nn,shapiq,kernel,78.92074964046478,0.0002409696578979,0.2593364715576172,0.2470013380050658,0.3322498321533203,0.2659831762313842,0.4002472639083862,,0.4440683603286743,1694.1230699300766,1868.2075352191928,1815.932666015625,1817.5934824943545,1811.8544867515564,1868.7495851039887,1814.944092798233,,1749.2283543586732,0.0142746293640311,0.0098921005339767,0.0031451393190435,0.0025940091713244,0.0025270888758993,0.0028147074582674,0.4550979973614008,,0.0276404667063626,0.0039731289064585,0.0024275653049094,0.0001725802991978,0.0001665734641703,0.0001761239426163,0.000184988646314,1.3322047737920255,,0.0190126549654746,0.9079150390625002,0.9387841796875,0.979033203125,0.983359375,0.9846044921875,0.981513671875,0.4638671875,,0.87568359375
california_housing,256,xgb,sage,permutation,79.12959997653961,0.0001438617706298,0.2462625980377197,0.2347232103347777,0.3099875211715698,0.2641543149948119,0.3725079774856566,,0.3314401388168334,24.882786369323732,23.358928513526916,22.70688443183899,21.77319724559784,21.23139591217041,24.70716972351074,5.155604648590088,,29.88261218070984,0.0132231654973261,0.0088164280537641,0.0061713303579351,0.00626110295513,0.0066399937448972,0.007210691629282,0.6897866797227481,,0.0134203903537041,0.0039731289064585,0.0024275653049094,0.0001725802991978,0.0001665734641703,0.0001761239426163,0.0001927293644197,1.3322047737920255,,0.0190126549654746,0.8800000000000001,0.8800000000000001,0.94,0.9,0.96,0.92,0.74,,0.96
california_housing,256,xgb,shap,kernel,78.59188723564148,0.000182294845581,0.2379041671752929,0.2321230888366698,0.311506175994873,0.2624844789505005,0.3759750604629516,,0.3384563684463501,1173.1496564149857,1127.400819015503,1123.100042462349,1124.5231493234637,1122.1066520690918,1273.6546030282975,1118.8247610807418,,1188.8895001649855,0.0270054038992223,0.0172808400826923,0.0076866120536888,0.0074458980015946,0.0069547136015183,0.0074166621484185,0.4798984080291911,,0.0400705915439184,0.0039731289064585,0.0024275653049094,0.0001725802991978,0.0001665734641703,0.0001761239426163,0.0001927293644197,1.3322047737920255,,0.0190126549654746,0.933671875,0.9573291015625,0.978310546875,0.9790673828125,0.98033203125,0.9778857421875,0.72705078125,,0.8868164062500001
california_housing,256,xgb,shapiq,kernel,78.17087473869324,0.0002760648727416,0.2569240570068359,0.2456002473831176,0.3273539304733276,0.2647642850875854,0.3939904689788818,,0.345157766342163,2837.6980751276014,3230.7074601888658,3237.2027209043504,3246.483025121689,3240.814561963082,2981.219746041298,3239.597083878517,,2934.409919452667,0.0122061875494594,0.0073407129121848,0.0050475350360146,0.004731401724031,0.0041968199844899,0.0048307103090025,0.1966540157067071,,0.0191142664265791,0.0039731289064585,0.0024275653049094,0.0001725802991978,0.0001665734641703,0.0001761239426163,0.0001927293644197,1.3322047737920255,,0.0190126549654746,0.8931152343750002,0.9369091796875,0.9539990234375,0.955556640625,0.9593896484375,0.9549755859375,0.471875,,0.865869140625
churn,5,nn,sage,permutation,,,,,,,,0.0017850160598754,,,,,,,,,1.928641104698181,,,,,,,,,0.0045198912618034,,,,,,,,,0.1048341403856812,,,,,,,,,0.98,
churn,5,nn,shap,kernel,,,,,,,,0.0019519805908202,,,,,,,,,66.45059359073639,,,,,,,,,0.0118537868754068,,,,,,,,,0.1048341403856812,,,,,,,,,0.631648,
churn,5,nn,shapiq,kernel,,,,,,,,0.0017358064651488,,,,,,,,,507.7065508127213,,,,,,,,,0.0034938912062814,,,,,,,,,0.1048341403856812,,,,,,,,,0.430096,
churn,5,xgb,sage,permutation,,,,,,,,0.001793074607849,,,,,,,,,3.6923860788345335,,,,,,,,,0.015640748632001,,,,,,,,,0.104257708545195,,,,,,,,,0.82,
churn,5,xgb,shap,kernel,,,,,,,,0.0018220901489257,,,,,,,,,99.54261293411255,,,,,,,,,0.0141108409374841,,,,,,,,,0.104257708545195,,,,,,,,,0.5622879999999999,
churn,5,xgb,shapiq,kernel,,,,,,,,0.0017398118972777,,,,,,,,,576.0683142423629,,,,,,,,,0.0020265975601585,,,,,,,,,0.104257708545195,,,,,,,,,0.347968,
churn,8,nn,sage,permutation,21.81362133026123,0.0002869367599486,0.0206672430038451,0.0110554456710814,0.0188786268234252,0.0106662034988402,0.0605893850326537,,0.0089426517486571,1.872607135772705,3.038257884979248,3.959687805175782,4.270778298377991,4.35880937576294,2.7885804414749145,0.8880597591400147,,2.5522483825683593,0.0057104313605084,0.0062233539025659,0.0057668906610484,0.0021786141005137,0.0021516021854533,0.0050014541338792,0.032537047843743,,0.0142652515641372,0.1067557871332131,0.0904136325481978,0.0534370760300027,0.0564747204446577,0.0563654666446383,0.0526298591605248,0.9726441804930004,,0.2263115451189295,0.98,0.92,0.8,1.0,1.0,0.8,0.78,,0.6
churn,8,nn,shap,kernel,21.002973437309265,0.0003065824508666,0.0117446184158324,0.0172837018966674,0.0193410158157348,0.0108391046524047,0.0588501930236815,,0.009055995941162,77.30707702636718,100.23879675865172,96.96393887996672,97.02627067565918,98.74343433380128,73.55819993019104,95.21501898765564,,90.38358335494996,0.0123348037428127,0.0097396336133627,0.0082393551278719,0.00823014914401,0.0084606705479217,0.0062568134174431,0.0189912537420657,,0.0170083397053056,0.1067557871332131,0.0904136325481978,0.0534370760300027,0.0564747204446577,0.0563654666446383,0.0526298591605248,0.9726441804930004,,0.2263115451189295,0.6820639999999999,0.6563999999999999,0.648864,0.76752,0.764064,0.7358079999999999,0.4125279999999999,,0.5417919999999999
churn,8,nn,shapiq,kernel,21.471295857429503,0.0001832008361815,0.0156857013702392,0.0370051860809325,0.0255390167236327,0.0115168809890746,0.0546381950378417,,0.015964651107788,619.9919869184494,645.3109582185746,668.126908826828,664.2843454360961,665.1668653488159,649.2259460210801,665.2663050413132,,581.1306399345398,0.0035405134620093,0.0028860865397784,0.0023289272782158,0.0027478537656262,0.0027680208420271,0.0024240817569375,0.0055425644603108,,0.0035082045734517,0.1067557871332131,0.0904136325481978,0.0534370760300027,0.0564747204446577,0.0563654666446383,0.0526298591605248,0.9726441804930004,,0.2263115451189295,0.35824,0.469248,0.50024,0.46272,0.46752,0.5689599999999999,0.194992,,0.367136
churn,8,xgb,sage,permutation,21.91897580623627,0.000195288658142,0.0183504581451415,0.0175436973571776,0.0228656768798827,0.0137570142745971,0.0781842947006225,,0.0106135845184325,2.9547563552856446,2.995520067214966,1.4863880157470704,2.5908847093582152,2.955496907234192,1.5196624040603637,1.8400457143783568,,2.604149913787842,0.0225983944955073,0.0172776022551808,0.022597655454591,0.0140557686070036,0.0122065358816535,0.0202336137861192,0.0525977332776886,,0.0267945738494047,0.1067557871332131,0.0904136325481978,0.0534370760300027,0.0564747204446577,0.0563654666446383,0.0525648753046434,0.9726441804930004,,0.2263115451189295,0.8,0.86,0.9,0.78,0.58,1.0,0.6,,0.8
churn,8,xgb,shap,kernel,21.683138966560364,0.0001877069473265,0.0162496328353881,0.0158604621887206,0.0153205633163451,0.0156123876571654,0.0571989536285399,,0.014357042312622,119.52064440250396,120.17736291885376,119.16160638332369,118.52887411117554,119.44895901679992,137.5818319797516,118.1050862789154,,117.6737847328186,0.0105295866701214,0.0101217139203189,0.0113453301519086,0.0114047457800111,0.0116187125852011,0.0109606740900454,0.0157287795833021,,0.0189968069596533,0.1067557871332131,0.0904136325481978,0.0534370760300027,0.0564747204446577,0.0563654666446383,0.0525648753046434,0.9726441804930004,,0.2263115451189295,0.541664,0.6163519999999999,0.589168,0.6348799999999999,0.6363359999999999,0.632096,0.332032,,0.508624
churn,8,xgb,shapiq,kernel,21.872429490089417,0.0002125024795531,0.0240959405899047,0.018434166908264,0.0329081535339355,0.0137924909591674,0.0725097656249999,,0.0099028825759887,731.1447595357895,748.746109199524,764.6674486398697,763.8037951469421,760.1218605518341,810.6860055208206,764.7312136888504,,686.5120583534241,0.001529322057978,0.0016333358661677,0.001269043048194,0.0014398843591697,0.0015673044924436,0.0013906471778492,0.0027162666958981,,0.0024596014821146,0.1067557871332131,0.0904136325481978,0.0534370760300027,0.0564747204446577,0.0563654666446383,0.0525648753046434,0.9726441804930004,,0.2263115451189295,0.342944,0.38952,0.338848,0.322288,0.3297759999999999,0.342912,0.1714239999999999,,0.347504
churn,10,nn,sage,permutation,,,,,,,,0.001805543899536,,,,,,,,,2.229372239112854,,,,,,,,,0.0018573520101604,,,,,,,,,0.0511468212009536,,,,,,,,,1.0,
churn,10,nn,shap,kernel,,,,,,,,0.0020633220672606,,,,,,,,,85.81125376224517,,,,,,,,,0.0084399123594711,,,,,,,,,0.0511468212009536,,,,,,,,,0.767504,
churn,10,nn,shapiq,kernel,,,,,,,,0.0018696069717406,,,,,,,,,675.8216735839844,,,,,,,,,0.0027317758078431,,,,,,,,,0.0511468212009536,,,,,,,,,0.494288,
churn,10,xgb,sage,permutation,,,,,,,,0.0018168210983275,,,,,,,,,5.379440593719482,,,,,,,,,0.0045196352915501,,,,,,,,,0.0482829126921309,,,,,,,,,0.86,
churn,10,xgb,shap,kernel,,,,,,,,0.0022449254989623,,,,,,,,,145.3329235315323,,,,,,,,,0.0091738038782307,,,,,,,,,0.0482829126921309,,,,,,,,,0.7250399999999999,
churn,10,xgb,shapiq,kernel,,,,,,,,0.0028080224990844,,,,,,,,,807.5743872404098,,,,,,,,,0.0014627675300836,,,,,,,,,0.0482829126921309,,,,,,,,,0.432272,
churn,16,nn,sage,permutation,28.23008224964142,0.0003062486648559,0.0136152744293212,0.0106178760528564,0.0144335985183715,0.0106059789657592,0.0522402763366698,,0.0126571655273436,2.8289023876190185,6.832608103752136,6.893518424034118,6.287199187278747,6.440907645225525,5.588877868652344,1.679100513458252,,5.805026626586914,0.0038728733599093,0.0031168617737216,0.004321027503981,0.0024872276221378,0.004481145138983,0.0043628769692283,0.0332443814511063,,0.0038201975410545,0.0570130550225718,0.0471547919811297,0.0252871644366651,0.0233293360398197,0.023354677465429,0.0252871644366651,0.9726441804930004,,0.1080751488866127,1.0,0.94,1.0,1.0,1.0,1.0,0.8,,0.8
churn,16,nn,shap,kernel,27.11246452331543,0.000281262397766,0.0120110750198363,0.0107775449752807,0.0152158737182616,0.0109937191009521,0.0532883644104003,,0.0176031827926635,104.15885500907898,152.04593172073365,151.2254753112793,148.93596506118774,149.01837401390077,103.73841733932495,142.86078255176545,,143.2701979160309,0.0106462008881692,0.0083218592678623,0.0058619265520292,0.0049388914863808,0.0057701591457129,0.0058580661510374,0.0189827857340827,,0.0103623093038078,0.0570130550225718,0.0471547919811297,0.0252871644366651,0.0233293360398197,0.023354677465429,0.0252871644366651,0.9726441804930004,,0.1080751488866127,0.7265119999999999,0.7397279999999999,0.7509599999999998,0.8152959999999998,0.7532639999999999,0.7518719999999999,0.4133759999999999,,0.6874239999999999
churn,16,nn,shapiq,kernel,27.918393683433532,0.0001900911331176,0.0121747493743896,0.0148105621337889,0.0171973705291747,0.0115669965744018,0.05764901638031,,0.0317630529403686,894.2456367731095,928.7051977872848,957.3997388839722,956.2987980604172,956.6308080911635,936.7555443763732,957.3367109537124,,836.3318678379059,0.0030494342681706,0.0023469292624375,0.0019795541302001,0.0021272401345666,0.001916322370002,0.0019786063333347,0.0055472503903488,,0.0029216173012088,0.0570130550225718,0.0471547919811297,0.0252871644366651,0.0233293360398197,0.023354677465429,0.0252871644366651,0.9726441804930004,,0.1080751488866127,0.397088,0.5365439999999999,0.617552,0.622464,0.629872,0.61832,0.1946879999999999,,0.445552
churn,16,xgb,sage,permutation,28.08108768463135,0.0014371395111083,0.0118303775787353,0.0131440877914428,0.0149914264678954,0.0113348722457885,0.055079960823059,,0.0341247081756591,9.808260512351987,6.320234251022339,5.086266136169433,5.459661650657654,4.734182381629944,4.9644369840621945,3.373516488075256,,4.334131717681885,0.0109575881865149,0.0078225826676888,0.0083436260183329,0.007498879574625,0.0087864020090063,0.0085577749369569,0.0530812557268476,,0.0055355301606207,0.0570130550225718,0.0471547919811297,0.0252871644366651,0.0233293360398197,0.023354677465429,0.0252871644366651,0.9726441804930004,,0.1080751488866127,0.8,0.9,0.86,0.8,0.94,0.86,0.6,,0.8
churn,16,xgb,shap,kernel,28.21611394882202,0.0001732349395751,0.0103683233261107,0.0093321561813354,0.0137322902679443,0.0132597446441649,0.0476020097732543,,0.0201239585876464,186.59242746829983,194.7613159894943,186.874222445488,187.53259892463683,187.344366979599,216.340469455719,186.8495952606201,,185.2365075826645,0.0094458178476467,0.0091248817977043,0.0063998640439679,0.0060718316871632,0.0066413628492425,0.0063960548004403,0.0157245455116485,,0.0112695238169362,0.0570130550225718,0.0471547919811297,0.0252871644366651,0.0233293360398197,0.023354677465429,0.0252871644366651,0.9726441804930004,,0.1080751488866127,0.6444799999999999,0.7104159999999999,0.6909919999999999,0.696944,0.6813279999999999,0.6904319999999999,0.332976,,0.698992
churn,16,xgb,shapiq,kernel,28.05083601474762,0.0001914978027343,0.0116312980651855,0.0128308057785033,0.0148292541503905,0.0125570535659789,0.0560487270355224,,0.0145388603210448,1107.2300615787506,1134.736771988869,1159.7072729349136,1157.308411026001,1157.2711597681046,1229.7022877931597,1156.7369490385056,,1045.326945185661,0.0014332974460684,0.0013135607047374,0.0013762454794801,0.0013893825924918,0.0013462538542072,0.0013767374008833,0.0027168570102547,,0.0019270005618304,0.0570130550225718,0.0471547919811297,0.0252871644366651,0.0233293360398197,0.023354677465429,0.0252871644366651,0.9726441804930004,,0.1080751488866127,0.403792,0.4694719999999999,0.456128,0.463744,0.4587519999999999,0.454416,0.171456,,0.371648
churn,20,nn,sage,permutation,,,,,,,,0.0017714262008666,,,,,,,,,5.029046487808228,,,,,,,,,0.0012422701872875,,,,,,,,,0.0226328698822389,,,,,,,,,1.0,
churn,20,nn,shap,kernel,,,,,,,,0.0017369508743285,,,,,,,,,130.07394881248473,,,,,,,,,0.0057824317064337,,,,,,,,,0.0226328698822389,,,,,,,,,0.8413919999999999,
churn,20,nn,shapiq,kernel,,,,,,,,0.0022148370742797,,,,,,,,,1007.9303099155426,,,,,,,,,0.0020639819624489,,,,,,,,,0.0226328698822389,,,,,,,,,0.595392,
churn,20,xgb,sage,permutation,,,,,,,,0.0021690845489501,,,,,,,,,7.494139623641968,,,,,,,,,0.0014726853988122,,,,,,,,,0.0231463135615464,,,,,,,,,0.94,
churn,20,xgb,shap,kernel,,,,,,,,0.0025776147842406,,,,,,,,,235.67526559829713,,,,,,,,,0.0067702159354889,,,,,,,,,0.0231463135615464,,,,,,,,,0.8267679999999998,
churn,20,xgb,shapiq,kernel,,,,,,,,0.0029292345046996,,,,,,,,,1270.089911675453,,,,,,,,,0.0012318885826087,,,,,,,,,0.0231463135615464,,,,,,,,,0.477952,
churn,32,nn,sage,permutation,25.44185061454773,0.0005983352661132,0.0141403913497924,0.0108525991439818,0.0254238843917846,0.0106205940246581,0.0533031940460204,,0.0273864984512328,4.628292965888977,14.525824737548827,13.493640398979188,13.473495745658877,12.604227805137636,10.992050790786744,2.522364854812622,,13.42255358695984,0.0025564847783007,0.0019631371176951,0.0007384682728506,0.0008545257506615,0.0009548238952727,0.0007830266797987,0.0617746678068113,,0.0043695364850322,0.0307244602782415,0.0225630694109811,0.0104969149212114,0.0108130846272239,0.0100870627366098,0.0107189397597038,0.9883084428355589,,0.0458912863631206,0.98,1.0,1.0,1.0,1.0,1.0,0.66,,0.8200000000000001
churn,32,nn,shap,kernel,24.466040825843812,0.0002600669860839,0.0148580789566039,0.0154174089431762,0.0148291587829589,0.0108489513397216,0.0535203456878661,,0.0231086015701293,165.5608200311661,270.05345966815946,265.1128812789917,264.1997496366501,265.9293101072311,174.38321759700776,247.7468406915665,,255.46421494483948,0.0081751599037857,0.0054599883606864,0.0031774501149319,0.0033091193568442,0.0033557439703919,0.0031559434922217,0.0316923032153299,,0.0073610666071659,0.0307244602782415,0.0225630694109811,0.0104969149212114,0.0108130846272239,0.0100870627366098,0.0107189397597038,0.9883084428355589,,0.0458912863631206,0.7752319999999999,0.8144959999999999,0.8827999999999999,0.884928,0.88256,0.8844,0.436816,,0.7389279999999999
churn,32,nn,shapiq,kernel,25.11534435749054,0.000209093093872,0.0127445220947265,0.015269374847412,0.0173374652862548,0.0114031314849852,0.0540320634841918,,0.0329469680786132,1423.3963664770126,1500.0705926656724,1542.9672588825226,1537.2035728693008,1542.8342532396316,1514.8629982233049,1541.9037910699844,,1350.3632514715196,0.0024253807001128,0.0018181130939568,0.001642174899951,0.0016425749544701,0.0016311844873773,0.0016717065820317,0.0076722258521402,,0.0020211586589562,0.0307244602782415,0.0225630694109811,0.0104969149212114,0.0108130846272239,0.0100870627366098,0.0107189397597038,0.9883084428355589,,0.0458912863631206,0.477904,0.643664,0.7030559999999999,0.6963199999999999,0.715136,0.687456,0.1708479999999999,,0.592208
churn,32,xgb,sage,permutation,25.357125449180604,0.0002279043197631,0.0145715951919555,0.0152443885803222,0.0177618265151977,0.0115181684494018,0.0592156410217284,,0.0390191078186034,14.40521137714386,11.968363666534424,12.45020158290863,13.383891177177428,14.869163107872009,13.579267168045044,4.5160455226898195,,9.049782347679136,0.0092951528438486,0.0061393546087804,0.0026175801570968,0.0023069232685317,0.00281859421648,0.0029381682674551,0.1362168369381015,,0.0066231658026503,0.0307244602782415,0.0225630694109811,0.0104969149212114,0.0108130846272239,0.0100870627366098,0.0103876670160766,0.9883084428355589,,0.0458912863631206,0.76,0.8800000000000001,0.98,0.94,0.98,0.98,0.6,,1.0
churn,32,xgb,shap,kernel,25.51083450317383,0.0002520322799682,0.0103400707244872,0.0099592685699462,0.0130447387695312,0.0132688522338866,0.0476016521453856,,0.0331740379333495,323.9925230741501,338.8526511192322,320.91470477581026,322.2018204689026,324.6856850862503,373.76091332435607,323.2593569517136,,320.25529425144197,0.0084430897821982,0.0059967286283903,0.0042746424027696,0.0039569403669683,0.0042917414402072,0.0040275669926976,0.0295550671481466,,0.0074613647377201,0.0307244602782415,0.0225630694109811,0.0104969149212114,0.0108130846272239,0.0100870627366098,0.0103876670160766,0.9883084428355589,,0.0458912863631206,0.6531199999999999,0.75128,0.8036159999999999,0.797792,0.79104,0.7990079999999999,0.399408,,0.713344
churn,32,xgb,shapiq,kernel,25.40224423408508,0.0002138853073119,0.0134745121002196,0.0138749361038207,0.0161543130874633,0.0122838735580443,0.0624116659164428,,0.0321218252182006,1872.2863203048703,1894.8602478027344,1959.105115509033,1950.031193971634,1947.72163271904,2080.1593202829363,1951.4414032459256,,1759.5635402679443,0.0012234844209461,0.0010787429535525,0.0010090794710422,0.0010383957646298,0.0010201827561352,0.0010191756263762,0.0036977105162232,,0.001281532950355,0.0307244602782415,0.0225630694109811,0.0104969149212114,0.0108130846272239,0.0100870627366098,0.0103876670160766,0.9883084428355589,,0.0458912863631206,0.4658559999999999,0.511312,0.550624,0.521936,0.539984,0.534096,0.1666399999999999,,0.444352
churn,40,nn,sage,permutation,,,,,,,,0.0017857789993285,,,,,,,,,10.0945951461792,,,,,,,,,0.0011581135692737,,,,,,,,,0.0123588604663746,,,,,,,,,1.0,
churn,40,nn,shap,kernel,,,,,,,,0.0021667003631591,,,,,,,,,225.8389274120331,,,,,,,,,0.0048587050119674,,,,,,,,,0.0123588604663746,,,,,,,,,0.874032,
churn,40,nn,shapiq,kernel,,,,,,,,0.0023056745529174,,,,,,,,,1669.3351215839386,,,,,,,,,0.0016844656087211,,,,,,,,,0.0123588604663746,,,,,,,,,0.6758719999999999,
churn,40,xgb,sage,permutation,,,,,,,,0.0021641969680785,,,,,,,,,12.321361088752749,,,,,,,,,0.0010231889787096,,,,,,,,,0.0117327690054912,,,,,,,,,0.98,
churn,40,xgb,shap,kernel,,,,,,,,0.0018228292465209,,,,,,,,,414.94657888412473,,,,,,,,,0.0057338897366592,,,,,,,,,0.0117327690054912,,,,,,,,,0.868336,
churn,40,xgb,shapiq,kernel,,,,,,,,0.0026372671127318,,,,,,,,,2194.8877136468886,,,,,,,,,0.0010352257634257,,,,,,,,,0.0117327690054912,,,,,,,,,0.541808,
churn,64,nn,sage,permutation,20.45301773548126,0.0002883434295653,0.0175382375717162,0.0169623374938964,0.0175367593765258,0.0109087705612182,0.0520110607147216,,0.0499309301376342,9.283626627922056,24.37609703540802,25.299247527122496,25.61984944343567,24.32009334564209,19.272737765312193,4.667168474197387,,27.688060235977172,0.0014547778926883,0.0009880762810581,0.0006643928201891,0.0006029602235767,0.0007111900042518,0.0005911605737543,0.0630472579106034,,0.002501519951078,0.0163805674194449,0.0108624275498934,0.0047237724261222,0.0048981020540071,0.0046503437793888,0.004863344806056,0.9883084428355589,,0.0287773072087688,1.0,1.0,1.0,1.0,1.0,1.0,0.64,,0.96
churn,64,nn,shap,kernel,19.620960903167724,0.0002635002136229,0.0140340089797973,0.0110368967056273,0.0167165756225585,0.011409831047058,0.0508502721786498,,0.0471041917800902,325.07079927921296,538.3837285518646,525.4896636009216,525.6131321668624,525.8260797977448,344.98917694091796,509.53257341384887,,518.3399835824966,0.0057780549775107,0.0042090224439689,0.0025882458608558,0.002446261994499,0.0027160155466786,0.0025449703505158,0.0316863336363586,,0.0062166479857324,0.0163805674194449,0.0108624275498934,0.0047237724261222,0.0048981020540071,0.0046503437793888,0.004863344806056,0.9883084428355589,,0.0287773072087688,0.8236319999999999,0.854112,0.908624,0.918784,0.904304,0.912944,0.4364,,0.7828159999999998
churn,64,nn,shapiq,kernel,20.219570517539974,0.0002090454101562,0.0126582860946654,0.0147188425064086,0.0193592786788939,0.0116265296936034,0.0557293653488158,,0.0753265619277953,2528.400722360611,2631.620137763023,2712.816599202156,2706.008339715004,2698.4745334863665,2659.1564683914185,2696.804404425621,,2373.431724524498,0.0019608694932568,0.0014960121056835,0.001342853485178,0.0013686293245579,0.0013447974739825,0.0013581652052466,0.0076698933256452,,0.0017611416556085,0.0163805674194449,0.0108624275498934,0.0047237724261222,0.0048981020540071,0.0046503437793888,0.004863344806056,0.9883084428355589,,0.0287773072087688,0.561824,0.728944,0.7836639999999999,0.769392,0.780864,0.775984,0.1721279999999999,,0.607024
churn,64,xgb,sage,permutation,20.13871819972992,0.0001969814300536,0.0142797946929931,0.0140581607818603,0.0195481300354003,0.0125354290008544,0.0568931341171264,,0.0727570533752441,25.419670343399048,23.74142196178436,21.103438115119936,22.249101161956787,21.874673342704774,22.68575451374054,8.10334358215332,,19.852241826057433,0.0061734787427963,0.0027723694076263,0.0017596728487236,0.0012758594581248,0.0016508513581098,0.0013967241179169,0.1368326775762373,,0.0047644846395449,0.0163805674194449,0.0108624275498934,0.0047237724261222,0.0048981020540071,0.0046503437793888,0.0047770190843674,0.9883084428355589,,0.0287773072087688,0.78,0.98,1.0,1.0,1.0,0.98,0.6,,1.0
churn,64,xgb,shap,kernel,20.63528287410736,0.0001894712448119,0.0103070497512816,0.0106527805328368,0.0131964683532714,0.0169578075408934,0.0480040550231933,,0.0742783784866332,591.4584727048874,624.4103249073029,595.0678899049759,597.7523558378219,597.0565058231354,688.5852096319198,596.4027184724807,,590.4321726322174,0.0067178319823638,0.0046020538461738,0.0030398805201035,0.0027651015998972,0.0030494242623524,0.002770603424562,0.0295532402927797,,0.0066871190936096,0.0163805674194449,0.0108624275498934,0.0047237724261222,0.0048981020540071,0.0046503437793888,0.0047770190843674,0.9883084428355589,,0.0287773072087688,0.6950879999999999,0.820384,0.8589279999999999,0.8667679999999999,0.8525279999999998,0.865024,0.3996,,0.726768
churn,64,xgb,shapiq,kernel,20.25182204246521,0.000224995613098,0.0208855152130126,0.018454623222351,0.0184307813644408,0.0132159709930419,0.0557822465896606,,0.0499986171722411,3391.430330967903,3421.7923670291902,3536.007686519623,3524.777136349678,3522.497877192497,3770.99025785923,3547.191195344925,,3189.318195915222,0.0009782103828989,0.0008532387457857,0.0008094842016178,0.0008183604914387,0.0007950993390882,0.0008116054832519,0.0037016204785467,,0.0010902515722186,0.0163805674194449,0.0108624275498934,0.0047237724261222,0.0048981020540071,0.0046503437793888,0.0047770190843674,0.9883084428355589,,0.0287773072087688,0.5232319999999999,0.591648,0.6240479999999999,0.61632,0.628656,0.61096,0.1665439999999999,,0.493424
churn,80,nn,sage,permutation,,,,,,,,0.0016133785247802,,,,,,,,,18.73020565509796,,,,,,,,,0.0011370264297663,,,,,,,,,0.0066599514378314,,,,,,,,,1.0,
churn,80,nn,shap,kernel,,,,,,,,0.0015403509140014,,,,,,,,,463.3188992023468,,,,,,,,,0.0044757389174314,,,,,,,,,0.0066599514378314,,,,,,,,,0.8826559999999999,
churn,80,nn,shapiq,kernel,,,,,,,,0.0015528440475463,,,,,,,,,2996.1905967235566,,,,,,,,,0.0014250122605455,,,,,,,,,0.0066599514378314,,,,,,,,,0.746656,
churn,80,xgb,sage,permutation,,,,,,,,0.0016162633895873,,,,,,,,,22.430278730392455,,,,,,,,,0.0007699274948885,,,,,,,,,0.0064888615789463,,,,,,,,,1.0,
churn,80,xgb,shap,kernel,,,,,,,,0.0021018743515014,,,,,,,,,776.7883898019791,,,,,,,,,0.0049453867247944,,,,,,,,,0.0064888615789463,,,,,,,,,0.879264,
churn,80,xgb,shapiq,kernel,,,,,,,,0.0031680822372435,,,,,,,,,4032.201210308075,,,,,,,,,0.0008347089325051,,,,,,,,,0.0064888615789463,,,,,,,,,0.61112,
churn,128,nn,sage,permutation,27.000919580459595,0.0002976655960082,0.0118518590927123,0.0145601987838744,0.0163596630096434,0.0110716581344603,0.0512425661087035,,0.094939374923706,17.7299836397171,51.01825876235962,47.37555105686188,51.04444606304169,48.05080492496491,39.26060130596161,8.216366696357728,,52.0595579624176,0.0011868481651537,0.0005526368036455,0.0005411569593835,0.0005108344168488,0.0004496721173812,0.0005238028177807,0.0835632128154838,,0.0020059744782014,0.0096625273152351,0.0058794009019301,0.0023417663128941,0.0023877251698215,0.0022600485323577,0.0023676452400004,0.9987512843972643,,0.0131927367674795,1.0,1.0,1.0,1.0,1.0,1.0,0.6,,1.0
churn,128,nn,shap,kernel,25.95351896286011,0.0004418849945067,0.0136491775512694,0.0113693952560424,0.0150712728500365,0.0118717193603515,0.0509910821914672,,0.093097162246704,598.7241650342942,1011.6558983325958,991.5527163982392,1019.0090210437776,976.6354809761048,645.0779470920563,989.2233722925188,,1002.5823669672012,0.0051273872986622,0.0034059333924238,0.0020827539755803,0.0020752359891349,0.0020192314503449,0.0020150197838541,0.0401461034061823,,0.0048823020175655,0.0096625273152351,0.0058794009019301,0.0023417663128941,0.0023877251698215,0.0022600485323577,0.0023676452400004,0.9987512843972643,,0.0131927367674795,0.8519840000000001,0.8941279999999999,0.930544,0.92896,0.931904,0.9308,0.452912,,0.8363679999999999
churn,128,nn,shapiq,kernel,26.59786887168884,0.0002250432968139,0.0167016983032226,0.0112792968749999,0.0236248016357421,0.0116477251052856,0.0700124025344848,,0.1419247150421142,4647.765900492668,4929.162619662285,5060.758074688912,5043.89804623127,5042.020240712166,4959.969617128372,5045.196628141403,,4407.520926046372,0.0017686241188832,0.0012941208648492,0.0011953775808781,0.0011905676201071,0.0011900363227011,0.0011813500722217,0.009091966186284,,0.0014168112697457,0.0096625273152351,0.0058794009019301,0.0023417663128941,0.0023877251698215,0.0022600485323577,0.0023676452400004,0.9987512843972643,,0.0131927367674795,0.584752,0.7831359999999999,0.823664,0.829312,0.8218079999999999,0.82864,0.1553279999999999,,0.727312
churn,128,xgb,sage,permutation,26.622358393669128,0.000331950187683,0.0149091005325316,0.0193506240844726,0.0210922956466674,0.014606213569641,0.0547464132308959,,0.1407329559326171,55.9402049779892,38.825668931007385,39.319524264335634,40.020035004615785,38.21834764480591,44.13964467048645,12.780421113967895,,35.24272749423981,0.0047794729979009,0.0010903507880545,0.0012084713330495,0.0009064918226343,0.0007159775265207,0.0008686690908741,0.1934125705876306,,0.0034170665186615,0.0096625273152351,0.0058794009019301,0.0023417663128941,0.0023877251698215,0.0022600485323577,0.0023705708222755,0.9987512843972643,,0.0131927367674795,0.78,0.98,1.0,1.0,1.0,1.0,0.6,,1.0
churn,128,xgb,shap,kernel,26.793501210212707,0.0002432823181151,0.0107038497924804,0.0095226287841796,0.0145498037338256,0.0136894226074218,0.04785897731781,,0.1491447925567626,1136.623725938797,1168.172257399559,1141.6362977027893,1148.8041937828064,1141.5038872480393,1315.3965306043624,1140.6169803857804,,1131.3227759361266,0.0063518618684747,0.0036246869950895,0.0023523811479134,0.0021927697815364,0.0020209660995106,0.0021842176865126,0.0387793475637395,,0.0045810189230396,0.0096625273152351,0.0058794009019301,0.0023417663128941,0.0023877251698215,0.0022600485323577,0.0023705708222755,0.9987512843972643,,0.0131927367674795,0.705024,0.859856,0.8862879999999999,0.899104,0.904192,0.894368,0.4441119999999999,,0.8367039999999999
churn,128,xgb,shapiq,kernel,26.73569691181183,0.0002508878707885,0.0168995141983031,0.0166828393936156,0.0263152599334716,0.0227087974548339,0.069403576850891,,0.1021434545516967,6420.077385878563,6524.925920414925,6694.442958879471,6692.457584357262,6688.090621805191,7156.253264832497,6717.058494114875,,6054.428252148628,0.0008604569898816,0.0007186760712809,0.0006844332414641,0.0006846864370358,0.0006811409719439,0.0006882550400448,0.0043580147231632,,0.0008454030675115,0.0096625273152351,0.0058794009019301,0.0023417663128941,0.0023877251698215,0.0022600485323577,0.0023705708222755,0.9987512843972643,,0.0131927367674795,0.5843200000000001,0.680112,0.6995039999999999,0.697216,0.697696,0.6946559999999999,0.1629599999999999,,0.555152
connect-4,32,nn,expected_gradients,na,1936.950695157051,0.0576068878173827,8.949460411071778,8.594620561599731,10.333052587509156,9.338255858421324,39.71009430885315,,2.6646191596984865,617.4502208948136,1052.9632600784305,1000.469969177246,1012.3748873233797,1015.0276344299316,613.1978641986847,1000.8207451820374,,563.2366466760635,0.0427334036678075,0.0440692819654941,0.0223106555640697,0.0190733764320611,0.0206893421709537,0.0222790025174617,0.208400323987007,,0.1056554466485976,0.0275440869051638,0.0243570158949627,0.0098147679180728,0.0102573384348878,0.0096986081210163,0.0099551887498518,1.2466803123528094,,0.2875837663953269,0.8432275390625001,0.8261718750000002,0.9236328125,0.93544921875,0.91552734375,0.915732421875,0.190869140625,,0.6521484375000001
connect-4,64,nn,expected_gradients,na,1980.393572807312,0.001259422302246,8.829616594314576,8.673460674285888,10.353048372268676,9.505932283401489,39.7668860912323,,3.852538371086121,914.7501786708832,1517.4925438404084,1482.139332675934,1490.461454963684,1494.5377923965457,936.1483386278152,1487.047429561615,,867.4453141212464,0.0339527631178497,0.0286242801696061,0.0134648526087402,0.0143051184713839,0.0138279693201184,0.013881524093449,0.208400323987007,,0.090518057346344,0.0161108011579357,0.0115558498567726,0.0041025761392719,0.004014615301064,0.0038335989277561,0.0040374712656348,1.2466803123528092,,0.2292673834928786,0.8657812500000001,0.893408203125,0.9515234375,0.952001953125,0.952490234375,0.951123046875,0.190869140625,,0.6821777343750001
connect-4,128,nn,expected_gradients,na,1936.7657091140748,0.0023128509521484,8.857772827148438,8.506116485595703,10.44737629890442,9.373956179618837,39.58031587600708,,8.125264406204224,1685.268436908722,2522.9676808834074,2553.0618247509,2564.5879110336305,2555.984281539917,1731.4558337926865,2557.0627394199373,,1614.1560477256776,0.0238283896818756,0.0211729586124419,0.0099631506949662,0.0097297446802258,0.0090208975598215,0.0095651337876915,0.208400323987007,,0.0846707597374916,0.0088912018337298,0.0057600277693323,0.0016194259667266,0.0016948405888155,0.0015685925467498,0.0016139563898114,1.2466803123528092,,0.1800381763429862,0.9057177734375002,0.917529296875,0.9628125,0.965244140625,0.966357421875,0.9647509765625,0.190869140625,,0.70185546875
connect-4,256,nn,expected_gradients,na,2025.859163880348,0.0040457725524901,8.818696022033691,8.735900640487671,10.217148160934448,9.450333619117735,40.07625861167908,,14.462151384353636,2582.975623345375,3348.6402575016023,3523.9290030479433,3513.714737701416,3503.380711507797,2636.2948014497756,3600.3159087657928,,2414.6669298171996,0.0174488409422337,0.0151292454451322,0.0064754308201372,0.0062067524529993,0.0061948501504957,0.0061722884420305,0.208400323987007,,0.0722065940499305,0.0057880740915556,0.0027662950240908,0.0006475446224262,0.0006696644859279,0.0006377693067504,0.0006555636718336,1.2466803123528092,,0.1534012524043503,0.9308447265625,0.9398046875,0.973759765625,0.9753125,0.97708984375,0.97599609375,0.190869140625,,0.73896484375
connect-4,512,nn,expected_gradients,na,1979.1045350551608,0.0099730014801025,9.053193521499631,8.629189682006835,10.359304857254028,9.423368883132934,39.58239908218384,,29.406123065948485,3939.701656937599,4468.417603302002,4986.914981651306,4925.827309083938,4926.15576877594,4089.2563732624058,5222.319834804535,,3628.250026631355,0.012781702261418,0.0114881984889506,0.0042504014447331,0.0042257130146026,0.0043214446865021,0.0042907783295958,0.208400323987007,,0.0637178122997284,0.0049566368797329,0.0015293774212145,0.0002765631325501,0.0002793014934137,0.0002635061313871,0.0002765856628154,1.2466803123528092,,0.1251240932977219,0.9509375,0.952470703125,0.983056640625,0.98287109375,0.982578125,0.9825927734375,0.190869140625,,0.7610839843750001
cps88wages,16,nn,sage,permutation,19.55273871421814,0.0001505374908446,0.2598431587219237,0.2683617830276489,0.3466573476791381,0.2518116950988769,0.3258868217468261,,0.0236878156661986,1.5637485027313232,1.090892767906189,1.768754506111145,1.2745203256607056,1.381609034538269,1.6210908889770508,0.1383241415023803,,1.681947922706604,0.0023953875865711,0.0041341558331342,0.0010886991081735,0.0009139709548336,0.001122331886182,0.001037672003523,0.1969437152205334,,0.001065224027901,0.0410709591854919,0.038378707070864,0.0050983253128406,0.0048683915716657,0.0049125732781092,0.0054071600841005,1.2623788511611866,,0.0079482399348768,0.96,0.94,1.0,1.0,1.0,1.0,1.0,,1.0
cps88wages,16,nn,shap,kernel,19.6944833278656,0.0001446485519408,0.2780493974685668,0.2676398277282714,0.3574985980987548,0.251982045173645,0.3529234647750854,,0.0194368124008178,13.714471030235291,11.878826975822449,13.902405858039856,13.946391415596008,13.904903888702393,15.75212264060974,11.310448336601258,,13.974295258522034,0.0294726442762354,0.0326138509352876,0.007839542177562,0.0066196665466819,0.0063005366526857,0.0101868756738048,0.2036155679045967,,0.0096405788511368,0.0410709591854919,0.038378707070864,0.0050983253128406,0.0048683915716657,0.0049125732781092,0.0054071600841005,1.2623788511611866,,0.0079482399348768,0.8915380859375001,0.8881640625000001,0.977685546875,0.979052734375,0.971435546875,0.97197265625,0.8190429687500004,,0.983984375
cps88wages,16,nn,shapiq,kernel,19.660186982154848,0.0002269983291625,0.2539051055908202,0.2403500318527221,0.3207473516464233,0.2695659399032593,0.3304869413375854,,0.0202227354049682,38.59003806114197,44.47839512825012,44.95253574848175,44.57072465419769,44.60760283470154,44.726365852355954,44.484403657913205,,39.56579778194427,0.0071985142291434,0.007250778322327,0.0030776390618015,0.0031224717751629,0.0029352642624411,0.0035186853393973,0.0591090104854046,,0.0031149924100658,0.0410709591854919,0.038378707070864,0.0050983253128406,0.0048683915716657,0.0049125732781092,0.0054071600841005,1.2623788511611866,,0.0079482399348768,0.72552734375,0.709443359375,0.8490234375,0.840380859375,0.8607910156250002,0.8420898437500002,0.31640625,,0.8460449218750001
cps88wages,16,xgb,sage,permutation,19.5274329662323,0.0001348257064818,0.2432283401489257,0.2327732563018798,0.3041755199432373,0.2469847440719604,0.3154345273971558,,0.0191663742065429,18.38199667930603,11.383237981796263,17.206672430038452,20.145198822021484,14.696925067901612,20.80068669319153,1.721746039390564,,15.552546858787537,0.0098520656430498,0.014825678278688,0.0017424030213726,0.0034200360122418,0.0015445979019271,0.0014637630215928,0.2175210849373027,,0.0014649628456837,0.0410709591854919,0.038378707070864,0.0050983253128406,0.0048683915716657,0.0049125732781092,0.0052500801893153,1.2623788511611866,,0.0079482399348768,0.86,0.8800000000000001,0.98,0.94,0.98,1.0,0.9,,0.96
cps88wages,16,xgb,shap,kernel,19.99800786972046,0.0001339197158813,0.2474076986312866,0.2367610931396483,0.3112192392349243,0.2492364645004272,0.3270091295242309,,0.0202778816223143,31.74495484828949,26.17037138938904,32.86866540908814,32.347486567497256,32.63079974651337,33.98142862319946,24.462529706954957,,32.741208934783934,0.051446482546138,0.0481395912117747,0.0237014388306927,0.0226013390538751,0.0170951835060474,0.0160167639540366,0.2258365395472869,,0.0187592077699363,0.0410709591854919,0.038378707070864,0.0050983253128406,0.0048683915716657,0.0049125732781092,0.0052500801893153,1.2623788511611866,,0.0079482399348768,0.8745654296875001,0.8822167968750001,0.94111328125,0.94345703125,0.940576171875,0.94794921875,0.8346679687500004,,0.938916015625
cps88wages,16,xgb,shapiq,kernel,19.583631801605225,0.0015175104141234,0.5535868883132935,0.2475355863571166,0.3060244083404541,0.2512723445892333,0.3333677530288695,,0.0193012237548827,70.64378867149352,90.83399033546448,87.1645574092865,84.42114543914795,69.82395052909851,77.52629826068878,80.67886922359466,,68.1736275434494,0.0262684781323923,0.0276192467372636,0.0197249795020062,0.0172781486154556,0.0136197340139463,0.0132021337280989,0.1168909308644438,,0.0140169626042658,0.0410709591854919,0.038378707070864,0.0050983253128406,0.0048683915716657,0.0049125732781092,0.0052500801893153,1.2623788511611866,,0.0079482399348768,0.6566357421875,0.683828125,0.7514160156249999,0.75859375,0.7635742187500001,0.7818847656250001,0.354345703125,,0.755712890625
cps88wages,32,nn,sage,permutation,19.460960865020752,0.0001374006271361,0.2818698644638061,0.2734463453292846,0.3366373300552367,0.251250410079956,0.3277580022811889,,0.0412239789962768,2.0717018842697144,2.511432647705078,2.9873220920562744,2.8648666381835937,2.9557426452636717,2.5057021141052247,0.3093989610671996,,2.4426645278930663,0.001267157493324,0.0025371424478627,0.0011308526852694,0.0008258819840001,0.0008050343066675,0.0011223588123293,0.1956785259464511,,0.0011281853185598,0.01660495577418,0.0222213759539385,0.0036860225918882,0.0024995730268907,0.0026288527525752,0.0026563659102749,1.2623788511611866,,0.0054954615787424,1.0,1.0,1.0,1.0,1.0,1.0,1.0,,1.0
cps88wages,32,nn,shap,kernel,19.63739569187164,0.0001304149627685,0.2772486209869384,0.2666115522384643,0.3513628244400024,0.2541465759277343,0.3502744197845459,,0.0389850854873656,16.901499605178834,15.768659043312072,16.79066801071167,16.730685210227968,16.64706594944,18.32127389907837,12.99010739326477,,16.852028942108156,0.0181917035010837,0.022471866809954,0.0086277717163036,0.0065958410421276,0.0070493247597652,0.006931578513877,0.2036155679045967,,0.0084721962461654,0.01660495577418,0.0222213759539385,0.0036860225918882,0.0024995730268907,0.0026288527525752,0.0026563659102749,1.2623788511611866,,0.0054954615787424,0.9442236328125,0.8953076171875001,0.9681005859375,0.972021484375,0.984765625,0.984501953125,0.8190429687500004,,0.983544921875
cps88wages,32,nn,shapiq,kernel,19.544722747802737,0.0002404212951659,0.2488350868225097,0.2408136367797851,0.3189819335937499,0.2700622797012329,0.3316370725631713,,0.038113236427307,71.3286938905716,82.56538126468658,83.14185960292816,83.16479091644287,82.55714535713196,82.94017293453217,82.85249300003052,,73.57212541103362,0.0052155048581998,0.0052286312527446,0.0023293880311191,0.0025597296875868,0.0025650755148966,0.0024305530204223,0.0591090104854046,,0.0028821852287928,0.01660495577418,0.0222213759539385,0.0036860225918882,0.0024995730268907,0.0026288527525752,0.0026563659102749,1.2623788511611866,,0.0054954615787424,0.7878417968750001,0.7717089843750001,0.8827001953125002,0.8881347656250002,0.88544921875,0.8675488281250001,0.31640625,,0.847607421875
cps88wages,32,xgb,sage,permutation,19.353585410118104,0.0007349491119384,0.2422502279281616,0.2321014881134032,0.304822301864624,0.3684164285659789,0.313944935798645,,0.0421127319335937,26.321727228164672,23.179095911979676,26.93541407585144,24.026807451248168,22.32517511844635,38.30543811321259,2.774397301673889,,34.66346309185028,0.0035656339996087,0.0034381569051819,0.0025037779196222,0.0015658473987493,0.0015840960276494,0.0017857055221515,0.217249432553892,,0.0022339357563987,0.01660495577418,0.0222213759539385,0.0036860225918882,0.0024995730268907,0.0026288527525752,0.0027453042125313,1.2623788511611866,,0.0054954615787424,0.96,0.94,1.0,0.86,1.0,0.98,0.92,,1.0
cps88wages,32,xgb,shap,kernel,19.83197214603424,0.000124430656433,0.2463508844375609,0.2441916942596435,0.3223661422729492,0.2509555578231811,0.3353696823120117,,0.0388441324234008,51.10353503227234,46.65732069015503,49.7217274427414,49.83153214454651,50.01090290546417,52.49607243537903,35.184773564338684,,51.137085223197936,0.0317800865862164,0.0279353348127798,0.0187959620219572,0.0125833219824056,0.0139989210456701,0.0175983102014403,0.2258365395472869,,0.0257376994669574,0.01660495577418,0.0222213759539385,0.0036860225918882,0.0024995730268907,0.0026288527525752,0.0027453042125313,1.2623788511611866,,0.0054954615787424,0.9242822265625,0.9009765625,0.9407568359375,0.952978515625,0.9583984375,0.958466796875,0.8346679687500004,,0.94345703125
cps88wages,32,xgb,shapiq,kernel,19.463511180877685,0.0016390323638915,0.2367519855499267,0.3211302280426025,0.6183285474777221,0.2555061340332031,0.4469874143600464,,0.0365167379379272,132.54792490005494,156.57848296165466,163.89149816036223,167.72649104595183,168.07847213745117,148.95888724327088,175.0714570045471,,129.61295158863066,0.0188572213851018,0.0150608288025111,0.0139945656661181,0.0104214059537716,0.0099950780228564,0.0107349794761787,0.1168909308644438,,0.0166767726137722,0.01660495577418,0.0222213759539385,0.0036860225918882,0.0024995730268907,0.0026288527525752,0.0027453042125313,1.2623788511611866,,0.0054954615787424,0.722802734375,0.7361376953125001,0.7643164062500001,0.787548828125,0.79267578125,0.803251953125,0.354345703125,,0.74228515625
cps88wages,64,nn,sage,permutation,19.406501269340517,0.0001503467559814,0.2676354646682738,0.2665389537811279,0.3437874317169189,0.2570280790328979,0.338222312927246,,0.0697231292724609,4.066983699798584,5.545521926879883,6.343964385986328,6.153594994544983,5.811069440841675,4.947219204902649,1.1065288305282592,,4.661110782623291,0.0010318253942335,0.0019357167573348,0.0010576442784214,0.0010571425909723,0.000943866846864,0.0008779387125533,0.1510221729341996,,0.0008912693991514,0.0114253754748402,0.0135537236275146,0.0009763083485892,0.0009095175159588,0.0008372731205481,0.0009947377310459,1.242723639607465,,0.0162639232120591,1.0,1.0,1.0,1.0,1.0,1.0,0.9,,1.0
cps88wages,64,nn,shap,kernel,19.74999132156372,0.0001465559005736,0.2961961984634399,0.2792046308517455,0.3408506870269775,0.2540240287780761,0.3509708642959595,,0.0731764078140258,23.553446412086487,22.071910500526428,22.307216787338255,22.31024997234345,22.027726197242735,25.533265662193298,10.030882310867309,,23.11960575580597,0.0162369587183826,0.0185465216266615,0.0028462534556046,0.0027039422362634,0.0020270751441614,0.0025779080253227,0.2400367751592259,,0.0109947116344744,0.0114253754748402,0.0135537236275146,0.0009763083485892,0.0009095175159588,0.0008372731205481,0.0009947377310459,1.242723639607465,,0.0162639232120591,0.935263671875,0.9418408203125,0.9901953125,0.993681640625,0.9928662109375,0.9898486328125,0.90310546875,,0.9594238281250002
cps88wages,64,nn,shapiq,kernel,19.642303252220152,0.0002378463745116,0.250072431564331,0.2384985446929931,0.3251324653625488,0.2747699499130248,0.3299180269241333,,0.0748245000839233,138.2632239341736,159.0338538169861,158.7754851579666,158.73384881019592,159.17198255062104,158.64558568000794,158.93987464904785,,140.99898915290834,0.0034991755877264,0.0040049525393171,0.0011534904366431,0.0010401245066626,0.0010766803443563,0.0011588077158056,0.0323866391076422,,0.0031270943866885,0.0114253754748402,0.0135537236275146,0.0009763083485892,0.0009095175159588,0.0008372731205481,0.0009947377310459,1.242723639607465,,0.0162639232120591,0.8472460937500002,0.8158496093750001,0.93712890625,0.9478857421875,0.942392578125,0.936748046875,0.4689453125,,0.871484375
cps88wages,64,xgb,sage,permutation,19.458357715606688,0.0001230001449584,0.2440259218215942,0.2329504966735839,0.3049255609512328,0.2762536764144897,0.3197266340255736,,0.0702728509902953,52.77832531929016,51.2733199596405,46.46503698825836,42.68121592998504,43.51117434501648,67.77585287094116,5.826067662239074,,46.929723381996155,0.0041725613563644,0.0031523245097196,0.0014471584623715,0.0017795160230973,0.0015295406910087,0.0015752643905329,0.1030306954211062,,0.0021892122302604,0.0114253754748402,0.0135537236275146,0.0009763083485892,0.0009095175159588,0.0008372731205481,0.0009701367805275,1.242723639607465,,0.0162639232120591,0.92,0.96,0.96,0.96,0.96,1.0,0.98,,1.0
cps88wages,64,xgb,shap,kernel,19.846333503723145,0.0011162757873534,0.2445364475250244,0.2375391006469726,0.313772177696228,0.2498210430145263,0.3192110061645507,,0.0765691757202148,86.58804714679718,87.79440686702728,84.4841787815094,85.41985211372375,84.78932180404664,89.29030680656433,27.48284192085266,,87.42634119987488,0.0316966500168938,0.0250470167852453,0.0128676168386373,0.0119512577274305,0.0101807141963669,0.0101145791889684,0.2366913647912017,,0.0235015054590834,0.0114253754748402,0.0135537236275146,0.0009763083485892,0.0009095175159588,0.0008372731205481,0.0009701367805275,1.242723639607465,,0.0162639232120591,0.9244189453125,0.9130029296875002,0.949619140625,0.94875,0.96197265625,0.96103515625,0.9009179687500002,,0.933154296875
cps88wages,64,xgb,shapiq,kernel,19.64788773059845,0.119257354736328,0.263628339767456,0.2862289428710937,0.3208820343017577,0.2546544790267944,0.4141655683517456,,0.0714245557785033,257.0291905164719,326.2110969781876,315.2538230419159,301.9537900686264,315.14327147006986,291.7875560045242,298.6315365791321,,253.6501275062561,0.0149877854032357,0.0130318567543411,0.0099434154960893,0.0100118552200804,0.0083185831656824,0.0089969668058313,0.0890216684171296,,0.014950074035464,0.0114253754748402,0.0135537236275146,0.0009763083485892,0.0009095175159588,0.0008372731205481,0.0009701367805275,1.242723639607465,,0.0162639232120591,0.7459863281250001,0.7511572265625001,0.7986865234375001,0.7999804687500001,0.8225000000000001,0.8112011718750001,0.542705078125,,0.743115234375
cps88wages,128,nn,sage,permutation,19.35057153701782,0.0001410722732543,0.281929063796997,0.2617786407470702,0.3389864683151244,0.2569866657257079,0.3401920080184936,,0.1378683567047119,7.913008689880371,11.151026725769045,11.381713509559631,11.498237705230713,12.48078293800354,9.853177547454834,2.4874987602233887,,9.221245050430298,0.0011263321848263,0.0012913792780685,0.0009738555700212,0.0009127671323632,0.0011045580543576,0.0010192351086577,0.1471873285406795,,0.0014290806970574,0.0056728767118804,0.0055449236310774,0.0004274206954358,0.0004014100761582,0.0003887056322572,0.0004394072215335,1.2402667381632495,,0.0205325195800243,1.0,1.0,1.0,1.0,1.0,1.0,0.92,,1.0
cps88wages,128,nn,shap,kernel,19.777772068977356,0.0001325130462646,0.2872242212295531,0.2834939241409301,0.3575994729995727,0.2585631132125854,0.3640548229217529,,0.1431325435638427,40.56373291015625,42.71983020305633,43.26827342510224,43.34775002002716,43.27830941677094,44.55629620552063,11.711712265014649,,58.07753772735596,0.0119070095463791,0.0144282676540292,0.0023037930401157,0.0022254953304676,0.0020652900846847,0.0022446042643501,0.2445894260660546,,0.0175869857119827,0.0056728767118804,0.0055449236310774,0.0004274206954358,0.0004014100761582,0.0003887056322572,0.0004394072215335,1.2402667381632495,,0.0205325195800243,0.9703515625,0.964267578125,0.99361328125,0.9938037109375,0.9947314453125,0.9934228515625,0.91361328125,,0.92626953125
cps88wages,128,nn,shapiq,kernel,19.416599440574647,0.0002597332000731,0.2538168430328368,0.240307855606079,0.3202638864517212,0.2701257467269897,0.3311831712722778,,0.145571756362915,269.2143120765686,311.44401638507844,311.75894594192505,310.2754987239838,310.6281938076019,308.75585730075835,311.1452698469162,,276.4712824821472,0.0027816603200803,0.0027146742020923,0.0008247692160101,0.0007644225937437,0.0007743053530463,0.0007861144336723,0.0290463432982921,,0.0039240800981418,0.0056728767118804,0.0055449236310774,0.0004274206954358,0.0004014100761582,0.0003887056322572,0.0004394072215335,1.2402667381632495,,0.0205325195800243,0.8565966796875001,0.8811425781250002,0.95287109375,0.956103515625,0.95701171875,0.9560595703125,0.48806640625,,0.860498046875
cps88wages,128,xgb,sage,permutation,19.529291462898257,0.0001299858093261,0.2421598196029662,0.2313117504119872,0.308484125137329,0.7038112163543702,0.3179903984069824,,0.1414164066314696,88.89028041362762,83.10925643444061,85.92202818393707,85.05145514011383,83.07672996520996,122.05749492645263,10.553440523147582,,83.2344727754593,0.0030958316577311,0.0019388577585458,0.001290705255089,0.0016047261595519,0.0016245535672603,0.0011874055228751,0.0865954281729782,,0.0023957584001232,0.0056728767118804,0.0055449236310774,0.0004274206954358,0.0004014100761582,0.0003887056322572,0.0004643262291581,1.2402667381632495,,0.0205325195800243,0.8400000000000001,0.96,0.96,1.0,1.0,0.98,0.98,,0.92
cps88wages,128,xgb,shap,kernel,19.552245473861696,0.0001227617263793,0.2438228130340575,0.2401817560195922,0.3121290683746337,0.2538012504577636,0.3237060070037841,,0.1511527776718139,158.55621678829192,156.77482390403748,152.70889084339143,153.77567105293275,152.08687818050385,161.32262799739837,36.46717481613159,,158.6264544725418,0.0271899959650202,0.0169463148568621,0.0096910537731185,0.0086909982086474,0.007506246620243,0.0074944126271937,0.238048217946691,,0.0266605166534237,0.0056728767118804,0.0055449236310774,0.0004274206954358,0.0004014100761582,0.0003887056322572,0.0004643262291581,1.2402667381632495,,0.0205325195800243,0.933154296875,0.9533349609375,0.95916015625,0.9633740234375,0.9690234375,0.9737060546875,0.90919921875,,0.943408203125
cps88wages,128,xgb,shapiq,kernel,19.50745573043823,0.0539883852005004,0.5415479421615601,0.458558964729309,0.3774800062179565,0.2527767658233643,0.6338382482528686,,0.1400803327560424,499.44129712581633,633.7405220508575,599.8126162052155,619.2476562738418,618.2536000728608,565.8452111005784,634.0221032857895,,493.5459780454636,0.012532402287702,0.0090262081280526,0.0075211443333109,0.0066994523700257,0.0063551479125668,0.0064955609574588,0.0855380112515315,,0.0127182375126537,0.0056728767118804,0.0055449236310774,0.0004274206954358,0.0004014100761582,0.0003887056322572,0.0004643262291581,1.2402667381632495,,0.0205325195800243,0.7798388671875001,0.8115527343750001,0.8276171875000001,0.8404687500000001,0.8475000000000001,0.8531542968750001,0.5617236328124999,,0.7759277343750001
cps88wages,256,nn,sage,permutation,19.33730070590973,0.0002014875411986,0.2863603830337524,0.2463150978088378,0.3379584074020385,0.2577777624130249,0.3392770051956176,,0.2740765094757079,16.66777172088623,25.158822107315064,24.885145258903503,22.959048318862916,24.79301760196686,20.234688115119933,3.987364721298218,,19.26825933456421,0.0009198062041975,0.0010525927272484,0.0009153910331541,0.0011253725176847,0.0010038893236777,0.0010196544483385,0.1688115204575759,,0.0018547102957001,0.0029658287525339,0.0028587654928038,0.000266104638078,0.000259378792915,0.0002522403585512,0.0002742850719222,1.2500943439401104,,0.0233896159035704,1.0,1.0,1.0,1.0,1.0,1.0,0.94,,1.0
cps88wages,256,nn,shap,kernel,19.503276014328,0.0001385927200316,0.2803545236587524,0.2650861263275146,0.3647109985351562,0.2579868793487548,0.3675857543945312,,0.2800460338592528,98.29985592365264,118.15904080867767,114.98757357597351,114.86546092033386,114.88813931941986,100.79622232913972,40.31334273815155,,165.07884786128997,0.0085442872144644,0.0081574547345711,0.0022970818883894,0.0019715590897918,0.0018634919350469,0.0023386946994323,0.22637882243874,,0.0206486865979525,0.0029658287525339,0.0028587654928038,0.000266104638078,0.000259378792915,0.0002522403585512,0.0002742850719222,1.2500943439401104,,0.0233896159035704,0.9746728515625,0.9787890625,0.9943017578125,0.9946533203125,0.9948486328125,0.9941845703125,0.8715820312500002,,0.916748046875
cps88wages,256,nn,shapiq,kernel,19.626659178733824,0.000275683403015,0.2554984807968139,0.2391797065734862,0.319637393951416,0.2725816488265991,0.3374216318130493,,0.2842470169067382,527.9131863117218,607.8616333961487,608.6180584430695,611.0244473695755,606.9930226802826,604.1344693183898,606.5427430391312,,539.1306184768677,0.0019547017280968,0.0018889139175576,0.0006090632558286,0.0005736621253027,0.0005669742738889,0.0006524925696455,0.0424075314386545,,0.0042899367087094,0.0029658287525339,0.0028587654928038,0.000266104638078,0.000259378792915,0.0002522403585512,0.0002742850719222,1.2500943439401104,,0.0233896159035704,0.8990136718749999,0.9062744140625,0.964814453125,0.9660791015625,0.9656884765625,0.96166015625,0.41201171875,,0.8388671875000002
cps88wages,256,xgb,sage,permutation,19.271020936965943,0.0001430273056029,0.2509801626205444,0.2356662034988403,0.3084322929382324,0.7978216648101807,0.3169501781463623,,0.2787563800811767,169.46715505123137,167.64490559101105,164.86721963882445,157.44858100414277,149.27177085876465,230.7942631959915,21.464677739143372,,169.050820851326,0.0023027377559218,0.0013897949690965,0.0014585029250766,0.0014721836226055,0.0013303535016615,0.0010799918158333,0.143819451236969,,0.0037345580257571,0.0029658287525339,0.0028587654928038,0.000266104638078,0.000259378792915,0.0002522403585512,0.00027676380577,1.2500943439401104,,0.0233896159035704,0.86,0.96,1.0,1.0,0.96,0.96,0.98,,0.98
cps88wages,256,xgb,shap,kernel,19.800063800811767,0.0001294374465941,0.2514389514923095,0.2557608127593994,0.3168025970458984,0.2526013851165771,0.3271043300628662,,0.2891587495803832,303.19917426109316,295.7829973459244,285.0821228504181,286.3342937469482,285.7800660133362,299.3019909143448,116.08047783374786,,299.35970306396484,0.0240002702709717,0.0114988282772341,0.0062864671536939,0.0066532712724062,0.0057951666997713,0.0058944209586026,0.2326208053247336,,0.0315632611073981,0.0029658287525339,0.0028587654928038,0.000266104638078,0.000259378792915,0.0002522403585512,0.00027676380577,1.2500943439401104,,0.0233896159035704,0.9299951171875,0.9610693359375,0.97361328125,0.97380859375,0.9756982421875,0.9791748046875,0.8760742187500001,,0.9124023437500002
cps88wages,256,xgb,shapiq,kernel,19.41313042640686,0.0449932098388671,0.6001578569412231,0.2564438819885253,0.669444990158081,0.2532415151596069,1.0902077198028564,,0.2803799867630004,991.2938395261764,1202.253104066849,1207.2845451831818,1204.4518090248107,1219.110950231552,1122.4873509168624,1233.3675274610518,,980.5597405433656,0.0103301091059689,0.0065104326475126,0.0050456880784319,0.0048727022713381,0.0043579422994024,0.0047472951282236,0.0994726421906036,,0.0131348138871497,0.0029658287525339,0.0028587654928038,0.000266104638078,0.000259378792915,0.0002522403585512,0.00027676380577,1.2500943439401104,,0.0233896159035704,0.8076367187500001,0.8514062500000001,0.869248046875,0.8769189453125001,0.8870410156250002,0.8826464843750002,0.4695556640625,,0.783203125
cpu_activity,8,nn,sage,permutation,44.75353455543518,0.0002214908599853,0.0116027355194091,0.0123944997787475,0.0144749879837035,0.0114778280258178,0.0447458267211913,,0.0153441905975341,1.166643476486206,0.8013070583343506,1.5108945608139035,1.0413423299789428,1.006884765625,1.41767737865448,0.1963395595550536,,1.4628111124038696,0.0194870200233024,0.0079089108417434,0.0024414846181462,0.0027856403367469,0.0025717598543483,0.0046158501154176,0.3530778111526358,,0.0074231017915028,0.0929516985309767,0.0911851696862671,0.0242818702299344,0.0253560458945756,0.0253600999716089,0.0230101711199022,0.905660322174706,,0.0562893970693526,0.8800000000000001,0.96,1.0,1.0,1.0,1.0,0.8,,1.0
cpu_activity,8,nn,shap,kernel,44.53287463188171,0.0002384424209594,0.0118433475494384,0.0110205173492431,0.0158735990524291,0.0119548559188842,0.0466102838516234,,0.0132779121398925,112.30412728786467,120.1367996931076,111.34470009803772,113.06104152202606,112.60365488529206,118.3344905614853,112.38735141754152,,113.15910730361938,0.0293045042312506,0.0228092549396346,0.0144271640095188,0.0140613178247989,0.0142118051280332,0.0156272612261794,0.124284545352897,,0.0197917446857841,0.0929516985309767,0.0911851696862671,0.0242818702299344,0.0253560458945756,0.0253600999716089,0.0230101711199022,0.905660322174706,,0.0562893970693526,0.704541015625,0.691376953125,0.709345703125,0.713115234375,0.7138085937499999,0.7118359375,0.7139257812500001,,0.6542089843750001
cpu_activity,8,nn,shapiq,kernel,44.24560668468475,0.0002375364303588,0.0147957801818847,0.0141738176345824,0.0158388137817382,0.0126502037048339,0.0531399250030517,,0.0115004301071166,995.2191383123396,1014.0375780582428,1078.7451951503754,1075.9484649896622,1072.6971695423126,1081.9253795146942,1076.8717235565186,,993.318019080162,0.0051419964830249,0.0043836823401723,0.0027110774808203,0.0027011804774989,0.0027075055659284,0.0026457513862843,0.030399590259275,,0.0028145137046211,0.0929516985309767,0.0911851696862671,0.0242818702299344,0.0253560458945756,0.0253600999716089,0.0230101711199022,0.905660322174706,,0.0562893970693526,0.435419921875,0.469375,0.6530371093749999,0.646513671875,0.6473046874999999,0.710908203125,0.1275292968749999,,0.605615234375
cpu_activity,8,xgb,sage,permutation,44.86672570705414,0.0001647472381591,0.0134024858474731,0.010500931739807,0.0149752616882323,0.0161832571029662,0.0487563133239745,,0.0098763465881347,2.266491913795471,2.1498408555984496,2.9517513036727907,2.598939394950867,2.5983679056167603,3.1286189794540404,0.5530558586120605,,2.722320866584778,0.012327489102398,0.0075581320622073,0.0027588483662446,0.0031356048229041,0.002996853418149,0.0028066376998607,0.3355079864585565,,0.0088282490599284,0.0929516985309767,0.0911851696862671,0.0242818702299344,0.0253560458945756,0.0253600999716089,0.0229233427901196,0.905660322174706,,0.0562893970693526,0.8800000000000001,0.9,0.86,0.98,0.8,0.94,0.8,,1.0
cpu_activity,8,xgb,shap,kernel,45.42509868144989,0.0002740144729613,0.0157206535339355,0.0202232122421264,0.0153866291046142,0.0155864000320434,0.0481162786483764,,0.0112564325332641,231.0372081041336,219.56656591892244,221.94813389778136,220.76120715141295,219.66193130016327,237.569904756546,221.3576527118683,,245.30125124454497,0.0284261382072689,0.0221425991816607,0.0152114831401058,0.0140774304214199,0.0142052664554554,0.0169647335831382,0.1266292394470489,,0.0212892614634262,0.0929516985309767,0.0911851696862671,0.0242818702299344,0.0253560458945756,0.0253600999716089,0.0229233427901196,0.905660322174706,,0.0562893970693526,0.7454785156250001,0.747255859375,0.7626953125000001,0.7742578125000001,0.7709570312500001,0.7532812500000001,0.661767578125,,0.661748046875
cpu_activity,8,xgb,shapiq,kernel,45.284145259857176,0.000282073020935,0.0155044794082641,0.0169086694717406,0.0289969205856322,0.0178729057312011,0.0551475763320922,,0.0123460292816161,1252.0401681423186,1289.0561779022216,1313.9620018959045,1316.4312005996703,1318.880652523041,1184.9178577423097,1316.2226871728897,,1290.5188012123108,0.0033883642813565,0.0031890431100606,0.0027460202182202,0.0027630834774133,0.0027832240452232,0.0027739180412236,0.0120987431658756,,0.0026548326778224,0.0929516985309767,0.0911851696862671,0.0242818702299344,0.0253560458945756,0.0253600999716089,0.0229233427901196,0.905660322174706,,0.0562893970693526,0.526806640625,0.552412109375,0.61416015625,0.6078027343750001,0.61923828125,0.60361328125,0.21744140625,,0.62685546875
cpu_activity,16,nn,sage,permutation,48.134605169296265,0.0002172470092772,0.011625838279724,0.0096482038497924,0.0148895025253295,0.0115821838378905,0.0500784397125243,,0.0252602815628051,2.389505457878113,1.6807474851608275,1.7467284202575684,1.6625482320785523,1.608215832710266,2.026623249053955,0.3632256031036376,,2.238356924057007,0.0037114446283153,0.004059035047196,0.0018486216697911,0.0019484145211067,0.0019384723686767,0.0019866761585622,0.3085309175275169,,0.0053122812409026,0.0488961199098094,0.0423434000151921,0.0108280957556447,0.0125527430971636,0.0115433690406939,0.0126976441770491,0.9452197918324936,,0.0284650689754271,1.0,1.0,1.0,1.0,1.0,1.0,0.8,,1.0
cpu_activity,16,nn,shap,kernel,47.925745129585266,0.0002333164215087,0.0110731124877929,0.0113778591156005,0.014066457748413,0.0120937585830688,0.0447655916213988,,0.0294641256332397,159.72351064682007,174.82590119838716,156.47702944278717,165.15452830791477,162.9329937696457,159.37937633991243,163.6129338026047,,154.9606286764145,0.0140240134004965,0.0147870329768644,0.0084309942215213,0.0085482281553789,0.0080115147174469,0.0090851494478356,0.1180720896134076,,0.0172163296354061,0.0488961199098094,0.0423434000151921,0.0108280957556447,0.0125527430971636,0.0115433690406939,0.0126976441770491,0.9452197918324936,,0.0284650689754271,0.813720703125,0.786611328125,0.919609375,0.93166015625,0.926904296875,0.912265625,0.71806640625,,0.70193359375
cpu_activity,16,nn,shapiq,kernel,47.818647789955136,0.0002258777618407,0.0126203298568725,0.0136773347854613,0.0165329933166503,0.0124703407287597,0.0546328783035277,,0.0171535730361938,1402.7543595314023,1432.9108830451964,1526.101332616806,1520.4434277296066,1521.6742759227752,1536.1725613832473,1522.6760882854462,,1411.6897457361222,0.0034310093161069,0.0029464908291374,0.0021131193852017,0.0021803987149794,0.0019305197548451,0.0021014587329248,0.0318129121935892,,0.0024817075131294,0.0488961199098094,0.0423434000151921,0.0108280957556447,0.0125527430971636,0.0115433690406939,0.0126976441770491,0.9452197918324936,,0.0284650689754271,0.58615234375,0.610556640625,0.777314453125,0.7772656250000001,0.7901953125000001,0.7978906250000001,0.1093066406249999,,0.656015625
cpu_activity,16,xgb,sage,permutation,48.26450765132904,0.0001631259918212,0.0124899625778197,0.0098191738128661,0.0131686687469481,0.0123371839523314,0.0446612834930419,,0.0188639163970946,3.800730776786805,4.157470107078552,3.711413526535034,3.609519124031067,3.634844255447388,4.692948794364929,0.9582737922668456,,4.455205583572388,0.0060802929327038,0.003666418413823,0.00190485061798,0.0020078213087134,0.0024694873699876,0.0018290678079177,0.2860078669797188,,0.0062031473165171,0.0488961199098094,0.0423434000151921,0.0108280957556447,0.0125527430971636,0.0115433690406939,0.012141249806553,0.9452197918324936,,0.0284650689754271,0.94,0.96,1.0,1.0,1.0,1.0,0.8,,1.0
cpu_activity,16,xgb,shap,kernel,49.504526782035825,0.0001596927642821,0.0126248359680175,0.011248230934143,0.013309621810913,0.0138688564300536,0.0465904712677001,,0.0195611953735351,370.38549013137816,360.0480000257492,363.5941998004913,363.4321552753448,361.2296283483505,387.2050724029541,363.50545325279234,,400.67807428836824,0.0175532634664459,0.0145252315872765,0.0099323007455354,0.0099383388008176,0.0102263623892547,0.0103958614184139,0.1170895329160252,,0.0178351286676409,0.0488961199098094,0.0423434000151921,0.0108280957556447,0.0125527430971636,0.0115433690406939,0.012141249806553,0.9452197918324936,,0.0284650689754271,0.8470605468750001,0.8140527343750001,0.9006542968750001,0.90501953125,0.9006738281250002,0.892236328125,0.6616796875000001,,0.7035058593750001
cpu_activity,16,xgb,shapiq,kernel,47.89893097877503,0.0002659082412719,0.012563395500183,0.0136101484298705,0.0159328460693359,0.01527202129364,0.059073781967163,,0.0207608938217162,1897.527435994148,1968.801952147484,2004.8188392877576,2009.4202210187912,2009.7423838377,1811.8728845834733,2006.8293286800383,,1979.428008723259,0.0025863797730167,0.0023402786868132,0.0019730814872253,0.0020716996560504,0.0019344266682082,0.0019748558400284,0.0127673793383806,,0.0020934597960852,0.0488961199098094,0.0423434000151921,0.0108280957556447,0.0125527430971636,0.0115433690406939,0.012141249806553,0.9452197918324936,,0.0284650689754271,0.5994140625,0.6595117187499999,0.745166015625,0.705107421875,0.7419140625,0.7220703125,0.2167578124999999,,0.7037011718749999
cpu_activity,32,nn,sage,permutation,44.58647661209106,0.0002125978469848,0.0107108592987059,0.0128077268600463,0.0148101806640624,0.0115985870361327,0.044625425338745,,0.0545657157897948,6.0005775690078735,3.5034969568252565,3.8666553020477297,4.268588662147522,4.027919268608093,4.688691234588623,0.7797445774078369,,4.904328870773315,0.0024250960756256,0.0026119245784271,0.0014094025338681,0.0017698855506236,0.001452117365897,0.00147524167681,0.310206197612836,,0.0030416537375856,0.0279647257954418,0.0200811284994199,0.0053910504636877,0.00556247585721,0.0053205876162727,0.0051375654878328,0.9452197918324936,,0.0200171376342152,1.0,1.0,1.0,1.0,1.0,1.0,0.8,,1.0
cpu_activity,32,nn,shap,kernel,44.22997598648071,0.0002157926559447,0.0111432552337646,0.0115234851837157,0.0144501209259032,0.0120923042297362,0.045226764678955,,0.0620981454849242,264.032075881958,323.1702805519104,275.34174931049347,287.3998337984085,290.1854766130447,254.3137260913849,286.7581334352493,,249.49941442012783,0.0104981326887873,0.0109411495150382,0.0063050290050376,0.0040011699227021,0.0043955919165099,0.0058408112302685,0.1181181135710837,,0.0142569744533518,0.0279647257954418,0.0200811284994199,0.0053910504636877,0.00556247585721,0.0053205876162727,0.0051375654878328,0.9452197918324936,,0.0200171376342152,0.845419921875,0.8769335937500001,0.93279296875,0.9358984375,0.93474609375,0.92314453125,0.7180566406250001,,0.724716796875
cpu_activity,32,nn,shapiq,kernel,44.22025365829468,0.0002280473709106,0.012386655807495,0.024988293647766,0.0196547985076903,0.0123381614685058,0.0559756040573119,,0.0330820083618163,2259.2470685482026,2240.422606253624,2422.3291338205336,2417.316079235077,2412.107959604263,2456.574280500412,2406.962949848175,,2237.437832903862,0.002701383823443,0.0025034001546024,0.0016526883652289,0.0016209123936079,0.0016273071508969,0.001635662281817,0.0318253453393406,,0.0020992338486181,0.0279647257954418,0.0200811284994199,0.0053910504636877,0.00556247585721,0.0053205876162727,0.0051375654878328,0.9452197918324936,,0.0200171376342152,0.660859375,0.70048828125,0.8435351562500001,0.8439746093750001,0.8470996093750001,0.8483691406250001,0.1095312499999999,,0.7109375
cpu_activity,32,xgb,sage,permutation,44.82407553195954,0.0001617193222045,0.0109083414077758,0.0107242345809936,0.0139565706253051,0.0127824068069457,0.0485273122787475,,0.0448712110519408,8.024034333229064,7.332028722763061,7.730792689323425,8.750959348678588,8.417952680587769,9.11527864933014,1.654441785812378,,8.33928952217102,0.0028377084494678,0.002232292791476,0.0014865191692016,0.0017516833611512,0.0013825207612579,0.0013035492750577,0.2862538150449416,,0.0037152770787067,0.0279647257954418,0.0200811284994199,0.0053910504636877,0.00556247585721,0.0053205876162727,0.005187676385101,0.9452197918324936,,0.0200171376342152,0.96,0.98,1.0,1.0,1.0,1.0,0.8,,1.0
cpu_activity,32,xgb,shap,kernel,45.26637589931488,0.0001657247543334,0.0105952501296996,0.0099634170532226,0.0134902000427245,0.0153318405151366,0.0484393835067748,,0.036978530883789,661.0835397481918,649.9940379858017,646.1601097822189,649.6832155942917,646.7688739538193,690.4653445482254,646.934778213501,,717.1407324552536,0.0116640384455409,0.0105706207511862,0.0066582382453774,0.0047691034609623,0.0052295528259172,0.0058992162379958,0.1170931587952808,,0.0146217252962955,0.0279647257954418,0.0200811284994199,0.0053910504636877,0.00556247585721,0.0053205876162727,0.005187676385101,0.9452197918324936,,0.0200171376342152,0.8729199218750001,0.8909570312500001,0.935380859375,0.94234375,0.9384375,0.936962890625,0.661533203125,,0.746220703125
cpu_activity,32,xgb,shapiq,kernel,44.13843777179718,0.0002740144729613,0.0166659355163573,0.0152874708175658,0.0335485935211181,0.0154208421707152,0.053318691253662,,0.0649070262908935,3154.694080734253,3328.235717177391,3386.143489074707,3388.0210213422774,3391.2962691307066,3056.2510870456695,3383.5113549232483,,3347.7389662742617,0.0020439097860127,0.001812063936899,0.0015293592329503,0.0014747612646698,0.0014895360291821,0.0014786501696994,0.0127676691544282,,0.0016906783074037,0.0279647257954418,0.0200811284994199,0.0053910504636877,0.00556247585721,0.0053205876162727,0.005187676385101,0.9452197918324936,,0.0200171376342152,0.6937109375,0.7430761718750001,0.7982324218750001,0.8103515625,0.8153222656250001,0.8069433593750001,0.2169042968749999,,0.7604199218750001
cpu_activity,64,nn,sage,permutation,47.0468893289566,0.0003469228744506,0.0138871908187865,0.0110980749130248,0.0134998559951781,0.0119375705718993,0.0449338436126708,,0.1297670602798461,11.236284923553466,8.303992247581482,9.05759937763214,8.32144546508789,8.062215900421142,9.986611914634704,1.724424910545349,,9.486590385437012,0.0028846622743425,0.001753962798442,0.0016711945777578,0.0015104711386132,0.0015710244372228,0.0014599561014761,0.317762464355334,,0.0017397693049452,0.0161453209337859,0.008951489182328,0.0027053274822684,0.0029484319905465,0.0029575502086726,0.0028159381213437,0.9338650806680464,,0.0246662562552395,1.0,1.0,1.0,1.0,1.0,1.0,0.8,,1.0
cpu_activity,64,nn,shap,kernel,46.75993134975433,0.0002373456954955,0.0117782831192016,0.0103570461273192,0.0139823198318481,0.0122004508972167,0.0464847326278686,,0.1104973793029784,547.6001899003983,643.0008857011795,557.4194291353226,574.5813127040863,574.2781030654908,522.8003175497055,574.7155362606048,,511.56080014705657,0.0099328355649496,0.007182369142768,0.0037280158247727,0.0038328981744924,0.0047369570102536,0.0038755873206172,0.1195974425411417,,0.0091856890024531,0.0161453209337859,0.008951489182328,0.0027053274822684,0.0029484319905465,0.0029575502086726,0.0028159381213437,0.9338650806680464,,0.0246662562552395,0.8797949218750001,0.8741894531250001,0.948212890625,0.959189453125,0.945810546875,0.95021484375,0.716787109375,,0.7972851562500001
cpu_activity,64,nn,shapiq,kernel,46.53688247203827,0.0002628087997436,0.0151277542114257,0.0148308515548705,0.0155481815338134,0.0130776643753051,0.0523543596267699,,0.0663843154907226,3929.75169558525,3848.04230465889,4223.406650686264,4194.917452311516,4192.567264413834,4282.515584850311,4175.231150650978,,3889.937875270843,0.0022684268571272,0.0017983561578457,0.0014048531829495,0.0014294543750876,0.0015183690864882,0.0014403312325339,0.0314675411671462,,0.0019615080085264,0.0161453209337859,0.008951489182328,0.0027053274822684,0.0029484319905465,0.0029575502086726,0.0028159381213437,0.9338650806680464,,0.0246662562552395,0.70091796875,0.7843164062500001,0.882578125,0.8758789062500002,0.8463574218750001,0.87216796875,0.1161718749999999,,0.728974609375
cpu_activity,64,xgb,sage,permutation,47.12302839756012,0.0001657485961913,0.010476541519165,0.0094789266586303,0.0142611980438231,0.0129277944564818,0.0448926925659179,,0.0804550409317016,15.447689294815063,15.93513503074646,15.831291890144348,15.909236669540403,15.414394307136536,17.67034296989441,3.2144689321517945,,16.373931884765625,0.0036363464107554,0.0016135976025012,0.0015853920487303,0.0014188156407518,0.0013318702586387,0.0013743908123207,0.2992784979433348,,0.0018026443125213,0.0161453209337859,0.008951489182328,0.0027053274822684,0.0029484319905465,0.0029575502086726,0.0028190061449282,0.9338650806680464,,0.0246662562552395,1.0,0.98,1.0,1.0,1.0,1.0,0.8,,1.0
cpu_activity,64,xgb,shap,kernel,47.415889096260074,0.000250744819641,0.0105930566787719,0.0097060918807982,0.0133743047714232,0.0138122558593749,0.0451833486557006,,0.0778193235397338,1230.269796395302,1286.297057580948,1217.753230404854,1214.9145871639253,1218.1109552383425,1294.357366704941,1219.5833383321765,,1350.8161684274671,0.0111874712312514,0.0069914197737534,0.0040951209280751,0.0043495069364988,0.0049676267435653,0.0042306909587436,0.1194763998213852,,0.0091679969956572,0.0161453209337859,0.008951489182328,0.0027053274822684,0.0029484319905465,0.0029575502086726,0.0028190061449282,0.9338650806680464,,0.0246662562552395,0.916396484375,0.90619140625,0.954765625,0.956416015625,0.956123046875,0.95216796875,0.6612109375,,0.897021484375
cpu_activity,64,xgb,shapiq,kernel,47.15284216403961,0.0003111124038695,0.0139385938644408,0.0131764411926269,0.0164089202880859,0.0179476976394652,0.0539753913879394,,0.0807647466659545,5848.6555778265,6032.748428869248,6149.457670593261,6147.243945670128,6156.105355262756,5554.254532575607,6152.0295217752455,,6048.349197483063,0.0016296029854826,0.0014006093158603,0.0012164114297531,0.001237746737843,0.0012445280328775,0.0012289523684211,0.0125962614618599,,0.0016265440157568,0.0161453209337859,0.008951489182328,0.0027053274822684,0.0029484319905465,0.0029575502086726,0.0028190061449282,0.9338650806680464,,0.0246662562552395,0.7561425781250001,0.809189453125,0.855478515625,0.851630859375,0.85205078125,0.8529589843750001,0.21703125,,0.758798828125
cpu_activity,128,nn,sage,permutation,49.43778285980225,0.0002201795578002,0.013945698738098,0.0102459430694579,0.0169691085815429,0.0118356704711913,0.0538065195083617,,0.2149988889694213,24.862916660308837,17.551545691490173,18.628848147392272,18.246895003318787,17.84663815498352,20.42490692138672,3.677133464813232,,19.371494579315183,0.0022019808545643,0.0021257898056705,0.0016527284852545,0.0015194897277748,0.0015883026317023,0.0017309641886859,0.3205013381879658,,0.0019712240383607,0.0090172115687804,0.0043495848878633,0.0017900540870174,0.001821214999542,0.001840685545348,0.0017994053361442,0.9338650806680464,,0.0259675366588546,1.0,1.0,1.0,1.0,1.0,1.0,0.8,,1.0
cpu_activity,128,nn,shap,kernel,49.468219423294066,0.0002221345901488,0.0127282857894896,0.0105374097824096,0.0141943931579589,0.0122014999389647,0.0491195678710937,,0.2356163024902343,1002.334591794014,1252.9750529527664,1058.349293923378,1072.2167815685273,1066.8477746009826,954.5601384878158,1069.9814133167267,,945.2653779029846,0.0056848392021793,0.0065712672926312,0.0029619992006874,0.0030349644227099,0.0023983805807966,0.0024063771452163,0.1195964751082637,,0.0052585169455463,0.0090172115687804,0.0043495848878633,0.0017900540870174,0.001821214999542,0.001840685545348,0.0017994053361442,0.9338650806680464,,0.0259675366588546,0.916865234375,0.92587890625,0.96490234375,0.965830078125,0.96611328125,0.965009765625,0.7165625,,0.931865234375
cpu_activity,128,nn,shapiq,kernel,49.249009895324704,0.0002835750579833,0.0146582126617431,0.018443465232849,0.0185836315155028,0.0128446578979491,0.0517248630523681,,0.1275625944137572,7222.325344491005,7063.111557459832,7808.075941157341,7749.650439286232,7756.452271103859,7937.602552485466,7782.264045238495,,7200.6103062391285,0.0018942752393851,0.0015829320949228,0.0013358908992391,0.0013542473928462,0.00133519497076,0.0012962298738415,0.0314639350136026,,0.0018744897808449,0.0090172115687804,0.0043495848878633,0.0017900540870174,0.001821214999542,0.001840685545348,0.0017994053361442,0.9338650806680464,,0.0259675366588546,0.7842285156250001,0.826484375,0.8816015625,0.8807421875000001,0.88681640625,0.8959375000000002,0.1161816406249999,,0.7879003906250001
cpu_activity,128,xgb,sage,permutation,49.7086323261261,0.0014933109283446,0.0105525970458983,0.0096125841140746,0.013305115699768,0.0114452362060546,0.0445173978805541,,0.1518595933914184,27.407993102073668,27.643795490264893,30.788047528266908,31.082070565223695,31.58426856994629,35.25144011974335,6.173479151725769,,28.921868634223937,0.0030717412047709,0.0020645666721326,0.0011477825456577,0.0013678627436923,0.0013929174618899,0.001551208751039,0.2984349746350759,,0.0019427596376921,0.0090172115687804,0.0043495848878633,0.0017900540870174,0.001821214999542,0.001840685545348,0.0017960626742608,0.9338650806680464,,0.0259675366588546,1.0,1.0,1.0,1.0,1.0,1.0,0.8,,1.0
cpu_activity,128,xgb,shap,kernel,49.811419534683225,0.0001930952072143,0.011816120147705,0.0107332944869994,0.0165282726287841,0.0144972801208495,0.0496030330657958,,0.1449260473251342,2383.560529613495,2484.118022418022,2355.9595376491548,2354.588380408287,2349.2919321775435,2502.932724547386,2354.616008353233,,2614.051320147514,0.0115992261229156,0.0064643160459315,0.0030617032606757,0.0033518682123294,0.0025887779541902,0.0027145792154162,0.1194857779590722,,0.0055910411253924,0.0090172115687804,0.0043495848878633,0.0017900540870174,0.001821214999542,0.001840685545348,0.0017960626742608,0.9338650806680464,,0.0259675366588546,0.928955078125,0.94345703125,0.962861328125,0.9601171875,0.960595703125,0.9636328125,0.660849609375,,0.914599609375
cpu_activity,128,xgb,shapiq,kernel,49.82669727802276,0.0003453731536864,0.0162036657333373,0.0134773731231688,0.0206042051315306,0.0227391958236693,0.0625502824783324,,0.1533818006515502,11142.297787976266,11459.418667006492,11650.535354304311,11679.051863646508,11693.53522117138,10539.895364928245,11656.028687739372,,11544.893047857284,0.001430253116098,0.001182044618321,0.0010799893732892,0.0010869196599752,0.0010851338997571,0.0010816095243806,0.0125963735009909,,0.001567888806517,0.0090172115687804,0.0043495848878633,0.0017900540870174,0.001821214999542,0.001840685545348,0.0017960626742608,0.9338650806680464,,0.0259675366588546,0.78982421875,0.8544335937500002,0.8824804687500001,0.8811230468750001,0.8833593750000001,0.8846093750000001,0.216982421875,,0.7660253906250001
diamonds,16,nn,sage,permutation,162.68288757801056,0.0002159118652343,0.291290807723999,0.2571940183639526,0.3311952114105224,0.2601830005645751,0.424858832359314,,0.060238766670227,0.8891473293304444,0.2620675325393676,0.7559839248657226,0.1835148334503173,0.1674318313598632,0.6405655860900878,0.178989028930664,,0.9023212432861328,0.0139601688839201,0.0167182744788568,0.0077855335800076,0.007408011949474,0.0078878073267052,0.0067014493486036,2.2936442565438013,,0.0142758823772317,0.0481809586720221,0.0488071428584841,0.0105222360897103,0.0100171502355856,0.0083973909360176,0.0105273397670918,1.2321960753585266,,0.0424458443560313,0.92,0.86,0.8400000000000001,0.92,0.8,0.9,0.74,,0.8400000000000001
diamonds,16,nn,shap,kernel,171.3726837873459,0.0002553939819335,0.2686967372894286,0.2743594646453857,0.3382548093795776,0.2634002923965454,0.4249010324478149,,0.0635229587554931,65.07516732215882,74.77251000404358,69.34508848190308,71.22150769233704,70.06883158683777,66.29126665592193,52.163435220718384,,69.80416431427003,0.0374026587520081,0.0481078840425413,0.0105621073643295,0.0067425667881633,0.0115697644161671,0.0049707132864971,0.6490880238755081,,0.0416827929780209,0.0481809586720221,0.0488071428584841,0.0105222360897103,0.0100171502355856,0.0083973909360176,0.0105273397670918,1.2321960753585266,,0.0424458443560313,0.8531445312500001,0.8839111328125,0.923974609375,0.95576171875,0.948974609375,0.9744140625,0.7232910156250001,,0.8611328125000002
diamonds,16,nn,shapiq,kernel,158.75749199390413,0.000282073020935,0.256182050704956,0.2488439321517944,0.3320651292800903,0.2591286420822143,0.412688684463501,,0.0472329854965209,236.09636609554292,246.54668354988095,250.020654797554,249.00938327312468,250.02578053474423,248.84428679943085,250.05682456493375,,225.22441675662995,0.0150679545379748,0.0145437311724877,0.0053592842124305,0.0045642451223201,0.0053600012956692,0.004800237749977,0.1951115799055673,,0.0110964437467419,0.0481809586720221,0.0488071428584841,0.0105222360897103,0.0100171502355856,0.0083973909360176,0.0105273397670918,1.2321960753585266,,0.0424458443560313,0.8045263671875,0.8227001953125,0.8992675781250001,0.9236328125,0.91982421875,0.91083984375,0.66748046875,,0.8490234375
diamonds,16,xgb,sage,permutation,159.0164258718491,0.0001637697219848,0.2430676937103271,0.2325890541076659,0.3070918560028076,0.2460757017135619,0.3842537403106689,,0.0518213033676147,0.7768602848052979,0.6867132663726807,0.6328492641448975,0.4883411645889282,0.4740192413330078,0.705842113494873,0.4751292943954467,,1.1919268131256104,0.0177875536628607,0.0230280461753145,0.0082141101314007,0.0120332817488109,0.0103095917208592,0.0118016330116434,1.3778892228203694,,0.012706367195661,0.0481809586720221,0.0488071428584841,0.0105222360897103,0.0100171502355856,0.0083973909360176,0.0088661447495418,1.2321960753585266,,0.0424458443560313,0.8800000000000001,0.78,1.0,0.94,1.0,0.8,0.4599999999999999,,0.8
diamonds,16,xgb,shap,kernel,165.2771179676056,0.0003202199935912,0.2401108026504516,0.2283559560775756,0.3035724878311157,0.2438288211822509,0.3781050205230712,,0.0641486167907714,194.39933996200563,183.23821794986725,188.2280395269394,184.9669414281845,184.61639754772187,175.5306757211685,139.4735520839691,,187.35462229251863,0.0395862508840532,0.0485780367652498,0.0129734662015399,0.0108301611844837,0.0151415819896882,0.0189507439469443,0.5051663571478814,,0.04421979573106,0.0481809586720221,0.0488071428584841,0.0105222360897103,0.0100171502355856,0.0083973909360176,0.0088661447495418,1.2321960753585266,,0.0424458443560313,0.8745117187500002,0.8815234375000001,0.918115234375,0.9286328124999998,0.928076171875,0.8784179687500002,0.6651367187499999,,0.89140625
diamonds,16,xgb,shapiq,kernel,160.8898699760437,0.0002453088760375,0.2522793292999267,0.2405367851257323,0.3216208934783935,0.2477904558181762,0.4114555358886719,,0.0839677333831786,363.3147763252258,407.56880633831025,407.0448806524277,405.80557894706726,406.5747208833694,359.212390089035,405.3801403999329,,400.302654337883,0.0168061917745757,0.0135849755810186,0.0065311746046673,0.0085145312336367,0.0072226778986327,0.009698452200381,0.1415380209757016,,0.0121279777344881,0.0481809586720221,0.0488071428584841,0.0105222360897103,0.0100171502355856,0.0083973909360176,0.0088661447495418,1.2321960753585266,,0.0424458443560313,0.7510595703125,0.7717333984375,0.884814453125,0.8343359375,0.8640136718750002,0.85439453125,0.48037109375,,0.81123046875
diamonds,32,nn,sage,permutation,142.39934806823732,0.0002056598663329,0.2898295402526855,0.2663583040237426,0.3375101089477538,0.2564051628112793,0.4315634489059448,,0.0926531791687011,0.2966957807540893,0.4572404861450195,0.3506508111953735,0.351579475402832,0.3359407424926758,0.2799681901931762,0.3509573936462402,,0.4408272981643676,0.0116407597915706,0.011087374231464,0.0067289935123064,0.0078091859460665,0.0060846720021071,0.0079206287036277,2.310112731280639,,0.0049807624594592,0.0210424768452485,0.0211849648272269,0.0043098207726345,0.0039754362776637,0.0034204322759024,0.0042819099266159,1.2321960753585266,,0.017445748900652,0.96,0.9,0.8800000000000001,0.86,0.92,1.0,0.78,,0.98
diamonds,32,nn,shap,kernel,151.45778295993804,0.000224471092224,0.2697234153747558,0.2663011312484741,0.3383186101913452,0.2642944574356078,0.4051213026046752,,0.1371309757232665,105.3039769411087,133.25287728309632,126.32304315567016,127.67116453647614,127.31296427249907,99.11575996875764,90.02948994636536,,118.21426181793213,0.0315357846059314,0.0271555379705722,0.0062246515391603,0.0065078408724569,0.0045977920282418,0.0073356486545964,0.6490880238755081,,0.0110765074833454,0.0210424768452485,0.0211849648272269,0.0043098207726345,0.0039754362776637,0.0034204322759024,0.0042819099266159,1.2321960753585266,,0.017445748900652,0.8863671875000001,0.91736328125,0.967626953125,0.95048828125,0.976318359375,0.975888671875,0.7232910156250001,,0.916552734375
diamonds,32,nn,shapiq,kernel,140.00584359169005,0.0002498388290404,0.2597403049468994,0.2474910736083984,0.3296498775482177,0.2608477115631103,0.4081419944763184,,0.0890966892242431,443.2615015029907,471.2665842533112,475.0324342727661,472.5539810180664,472.2898689031601,470.47197897434233,473.37445666790006,,432.66502995491027,0.0109728709220621,0.0088298799767744,0.0042369022267457,0.0035841352916439,0.0039296893373132,0.0043536510394331,0.1951115799055673,,0.0055211425320186,0.0210424768452485,0.0211849648272269,0.0043098207726345,0.0039754362776637,0.0034204322759024,0.0042819099266159,1.2321960753585266,,0.017445748900652,0.834052734375,0.8776611328125,0.935205078125,0.932275390625,0.937890625,0.914599609375,0.66748046875,,0.8969238281250004
diamonds,32,xgb,sage,permutation,140.53786964416503,0.0001536369323729,0.2468710184097289,0.2348465204238891,0.3102557659149169,0.2442054271697997,0.3850390434265136,,0.096642518043518,1.0035811424255372,1.1364699602127075,0.792678689956665,0.7866089344024658,0.821448540687561,0.8993602275848389,0.7946890592575073,,0.8978087425231933,0.0140230077192017,0.0136073597902178,0.0075559524856464,0.0100197995397907,0.0086944841149024,0.008707196667959,1.3796898792528087,,0.0081483373754581,0.0210424768452485,0.0211849648272269,0.0043098207726345,0.0039754362776637,0.0034204322759024,0.0042739011336296,1.2321960753585266,,0.017445748900652,0.82,0.94,1.0,0.94,0.92,1.0,0.5,,0.8400000000000001
diamonds,32,xgb,shap,kernel,145.3894827604294,0.0001883745193481,0.234433627128601,0.22528817653656,0.3029744386672973,0.2452859163284301,0.3774486303329468,,0.1262877941131591,330.4235946416855,320.3880965471268,332.66888263225553,325.8232689857483,324.2710376739502,307.71478679180143,242.59168293476105,,329.98209953308105,0.035683879315049,0.0289285688796738,0.0065631295545025,0.0091856571976202,0.0063888225076575,0.0076643981026867,0.5051663571478814,,0.0173682136653049,0.0210424768452485,0.0211849648272269,0.0043098207726345,0.0039754362776637,0.0034204322759024,0.0042739011336296,1.2321960753585266,,0.017445748900652,0.8769287109375001,0.906982421875,0.965185546875,0.93857421875,0.943603515625,0.9431640625,0.6651367187499999,,0.895654296875
diamonds,32,xgb,shapiq,kernel,142.84717423915862,0.000233769416809,0.2503291368484496,0.24121356010437,0.3183192729949951,0.2427838563919067,0.4068194627761841,,0.1672501325607299,701.7116629838944,795.7011345148087,785.9418848276139,788.5332141637803,788.074992775917,688.4461163759231,789.9647941350937,,784.6874188423157,0.0120594388235648,0.0094454255670822,0.0045668905869966,0.0067567401778807,0.0053869347295168,0.0054076166326595,0.1415380209757016,,0.0099548637377026,0.0210424768452485,0.0211849648272269,0.0043098207726345,0.0039754362776637,0.0034204322759024,0.0042739011336296,1.2321960753585266,,0.017445748900652,0.7959472656250001,0.8288134765625002,0.9045410156250002,0.87763671875,0.8732910156250002,0.8644628906250003,0.48037109375,,0.865234375
diamonds,64,nn,sage,permutation,152.17211971282958,0.0002540826797484,0.2739087343215942,0.2634349107742309,0.3359598159790039,0.2558824777603149,0.4131305694580078,,0.184028673171997,0.6781567573547364,1.225385880470276,0.6978646278381347,0.6872709274291993,0.6779169082641602,0.5450151443481446,0.7349235773086548,,0.832010293006897,0.0090311924541256,0.0067599007670234,0.0056771898577762,0.0060144152038701,0.0065959246043677,0.0068253539019562,2.296712186174825,,0.0055828012289632,0.0113574284423598,0.0102876776076564,0.0014935241435442,0.0014108013458783,0.0013295423288514,0.0014776950757785,1.2321960753585268,,0.0142970962972691,0.9,0.94,0.92,0.98,0.92,0.94,0.76,,0.8200000000000001
diamonds,64,nn,shap,kernel,161.52240898609162,0.0003955602645873,0.26627938747406,0.268445611000061,0.33438081741333,0.2594505071640014,0.417883038520813,,0.2277170896530151,201.44805150032045,267.2751225709915,249.03256585597993,250.11107461452485,241.8540494918823,181.3156655311585,176.44487409591676,,220.691557097435,0.024930695124722,0.0192079738631638,0.0032673511229347,0.0043493514810329,0.0039644097576884,0.0035861714271726,0.6490880238755081,,0.0170142189384419,0.0113574284423598,0.0102876776076564,0.0014935241435442,0.0014108013458783,0.0013295423288514,0.0014776950757785,1.2321960753585268,,0.0142970962972691,0.908896484375,0.9382080078125,0.9803466796875,0.973232421875,0.97765625,0.976826171875,0.7232910156250001,,0.914599609375
diamonds,64,nn,shapiq,kernel,149.27944610118865,0.0002543210983275,0.2541056632995605,0.2463491201400756,0.3302654266357421,0.2599605083465576,0.4128830432891845,,0.1764027833938598,876.5654952764511,925.7220764160156,930.3324216842652,926.0100882291794,926.8101224660874,921.240670657158,928.2883162975312,,847.4728847265244,0.0078251440659845,0.0063983310867754,0.0022083270819649,0.0023510376957021,0.0022426012527201,0.0021900306083374,0.195111584463394,,0.0067393079446714,0.0113574284423598,0.0102876776076564,0.0014935241435442,0.0014108013458783,0.0013295423288514,0.0014776950757785,1.2321960753585268,,0.0142970962972691,0.8818945312500001,0.8991503906250001,0.9610302734375,0.9591650390625,0.9624755859375,0.95677734375,0.66748046875,,0.8960937500000001
diamonds,64,xgb,sage,permutation,149.7924185037613,0.0001527309417724,0.2436625719070434,0.234212565422058,0.307183027267456,0.2413634777069091,0.3862296819686889,,0.1947490692138671,1.9994765520095823,2.2088482856750487,1.507775330543518,1.4456653594970703,1.5502304792404176,1.7273483276367188,1.493060302734375,,1.6345207214355468,0.0119849182541932,0.0087221898407689,0.0062550146091458,0.0070878763017484,0.0084173840852787,0.0077044260727931,1.3871752033743074,,0.0149692414082306,0.0113574284423598,0.0102876776076564,0.0014935241435442,0.0014108013458783,0.0013295423288514,0.0014373747509812,1.2321960753585268,,0.0142970962972691,0.8800000000000001,0.94,0.8800000000000001,0.96,0.86,0.9,0.54,,0.8200000000000001
diamonds,64,xgb,shap,kernel,154.6682868242264,0.0002197265624999,0.2374377727508544,0.2272295713424682,0.3001866817474364,0.2412278652191161,0.3783358812332152,,0.273826789855957,638.7416752576828,605.4904364824295,625.8237779378891,608.2368151664734,607.4584063053131,573.8778964042664,451.37694811820984,,611.9140959978104,0.0287452066924933,0.0193821003645595,0.0058188142265855,0.0057842680976455,0.0062075994224875,0.0058557118320229,0.5051663571478814,,0.0211413314160363,0.0113574284423598,0.0102876776076564,0.0014935241435442,0.0014108013458783,0.0013295423288514,0.0014373747509812,1.2321960753585268,,0.0142970962972691,0.8948876953125001,0.931162109375,0.956513671875,0.9609765625,0.9613427734375002,0.9647265625,0.6651367187499999,,0.8853027343750002
diamonds,64,xgb,shapiq,kernel,151.5432158231735,0.0003012657165527,0.2530975580215454,0.2421416282653808,0.3214727640151977,0.2441773653030395,0.4023019790649414,,0.2790683031082153,1380.2239363670349,1554.87923746109,1532.8426695585251,1536.015879869461,1534.6207352161407,1356.5250811576843,1539.460071349144,,1511.0353929519654,0.0089165801443208,0.0061993359186765,0.0034125814969792,0.0035997573336933,0.0033295607562381,0.0035472801165204,0.141538015992537,,0.0114314368630745,0.0113574284423598,0.0102876776076564,0.0014935241435442,0.0014108013458783,0.0013295423288514,0.0014373747509812,1.2321960753585268,,0.0142970962972691,0.836923828125,0.8765576171875,0.931220703125,0.9340283203125,0.9373388671875,0.9323193359375,0.48037109375,,0.8553222656250001
diamonds,128,nn,sage,permutation,156.4531393289566,0.000203251838684,0.2892663717269897,0.2804283857345581,0.3578208684921264,0.2585848569869994,0.4342369794845581,,0.3788952827453613,1.2214853763580322,1.5766634464263916,1.5021020650863648,1.470031976699829,1.517472243309021,1.1477234601974486,1.6910593271255494,,1.6226505517959595,0.0092772750334469,0.0062925054007696,0.0062431839250358,0.0063172357367237,0.0061649347464801,0.0053317448314423,2.091031897567317,,0.00533114461405,0.006911294917902,0.0058391090764301,0.0007274430909633,0.0006687337045954,0.0006277019094581,0.0007465200583792,1.1942246686204978,,0.0130435666016031,0.96,0.92,0.94,0.94,0.9,0.96,0.8,,0.92
diamonds,128,nn,shap,kernel,166.00102772712708,0.0002513647079467,0.2718137741088867,0.2710049867630004,0.3339104175567626,0.263573956489563,0.4374895811080933,,0.4394261837005615,393.48701813220976,592.8932777404785,521.0428119897842,531.3355293273926,523.1084132671356,350.96426582336426,377.70069725513457,,431.5876009941101,0.017593859982366,0.0145997105716228,0.0031300927690216,0.003804300670919,0.0026627772237426,0.0025178378145475,0.6025560362308489,,0.0102646397277834,0.006911294917902,0.0058391090764301,0.0007274430909633,0.0006687337045954,0.0006277019094581,0.0007465200583792,1.1942246686204978,,0.0130435666016031,0.9085888671875,0.9599072265625,0.9809033203125,0.975390625,0.98677734375,0.9858837890625,0.7232714843750001,,0.939453125
diamonds,128,nn,shapiq,kernel,153.39616258144378,0.0002537727355956,0.2645825386047363,0.2471235275268554,0.3317739963531493,0.2601274728775024,0.4179262399673462,,0.3503228902816772,1693.548429942131,1803.920955824852,1819.157412147522,1813.513920521736,1817.4912065505985,1808.887859082222,1816.5225633144375,,1660.2147683143617,0.0059867171432611,0.0047198270200288,0.0017463052921607,0.0018788227967076,0.0014955948243709,0.0015438730154558,0.1808246572610354,,0.0049651808449271,0.006911294917902,0.0058391090764301,0.0007274430909633,0.0006687337045954,0.0006277019094581,0.0007465200583792,1.1942246686204978,,0.0130435666016031,0.891015625,0.9328466796875,0.9654833984375,0.9595947265625,0.97408203125,0.9711376953125,0.633193359375,,0.91357421875
diamonds,128,xgb,sage,permutation,154.36322004795073,0.0001561164855956,0.2459511756896972,0.2381817817687987,0.3105902671813964,0.2430553674697875,0.3867561101913452,,0.3865429639816284,3.3435993671417235,2.8484049320220945,2.7976491689682006,2.827695679664612,2.8054376602172852,3.231418490409851,3.387531542778015,,3.180579733848572,0.0120180538315629,0.0068093679493495,0.0059369369615605,0.0062539177448798,0.0059947802152822,0.0065409374734178,1.2577547829489353,,0.0090407944220547,0.006911294917902,0.0058391090764301,0.0007274430909633,0.0006687337045954,0.0006277019094581,0.0007410560872587,1.1942246686204978,,0.0130435666016031,0.8400000000000001,0.96,0.92,0.96,0.9,0.98,0.58,,0.86
diamonds,128,xgb,shap,kernel,161.91503350734712,0.0002320289611815,0.2475597381591796,0.2283658266067504,0.3036822080612182,0.2422915697097777,0.3791776180267334,,0.4735931634902954,1202.7092245340348,1196.6601092338562,1203.3380094528195,1188.2364560127255,1185.2772495508193,1103.3126001596452,862.6064185619355,,1176.6639833927154,0.0227700514818969,0.0143434308273226,0.0044651585440642,0.0048880325845691,0.0038791304962522,0.0040739862137673,0.4730089762734596,,0.0148426451263234,0.006911294917902,0.0058391090764301,0.0007274430909633,0.0006687337045954,0.0006277019094581,0.0007410560872587,1.1942246686204978,,0.0130435666016031,0.9094970703125,0.9472705078125,0.9696044921875,0.967138671875,0.972802734375,0.97296875,0.6794091796874999,,0.8940429687500002
diamonds,128,xgb,shapiq,kernel,156.66060371398925,0.0002866744995116,0.2518598794937133,0.2465215921401977,0.3255598306655883,0.2500458717346191,0.4021292686462402,,0.6295597553253174,2697.9392009735107,3040.300329232216,3002.895433783531,3010.771363759041,3014.943095445633,2640.8754661798475,3012.7800493240356,,2958.119442129135,0.0073414609814748,0.0044679260750933,0.0024312649157062,0.0024493745430078,0.0023132608159037,0.0024007058095975,0.1319351235820296,,0.0089829642149297,0.006911294917902,0.0058391090764301,0.0007274430909633,0.0006687337045954,0.0006277019094581,0.0007410560872587,1.1942246686204978,,0.0130435666016031,0.860361328125,0.9204443359375,0.9500390625,0.9479638671875,0.9543701171875,0.9485595703125,0.4704296874999999,,0.878857421875
diamonds,256,nn,sage,permutation,152.24885325431825,0.0001963853836059,0.2807337999343872,0.268979525566101,0.3522361755371094,0.2593201160430908,0.4075918436050415,,0.7503830194473267,3.8098365306854247,3.2834039449691774,3.143087649345398,3.171462869644165,3.289043998718262,2.439406967163086,5.463364481925964,,3.3009228467941285,0.0087568830431662,0.0072015506919293,0.0047046069169734,0.00703763622067,0.0056538787948883,0.00620644519866,0.7402992227607849,,0.004760746496515,0.0027140356160155,0.0028995291274535,0.0004545947613525,0.0004334580454319,0.0004191551287426,0.0004777212544662,0.9663962281923236,,0.0124541232041118,0.9,0.92,0.96,0.96,0.92,0.92,0.8,,0.92
diamonds,256,nn,shap,kernel,161.53351106643677,0.0003523111343383,0.283665108680725,0.2733258962631225,0.3356080293655396,0.2619899034500122,0.449242091178894,,0.8824495553970337,919.8124574899672,1271.1434584617614,1112.8385981559754,1153.8886553764344,1136.4595254182816,840.0466541290283,773.091266989708,,987.9970695257186,0.0194947711511154,0.0092681616439895,0.0022414796420469,0.0023215081443609,0.0020449865129992,0.001951199127633,0.3233641103628935,,0.0078375675331119,0.0027140356160155,0.0028995291274535,0.0004545947613525,0.0004334580454319,0.0004191551287426,0.0004777212544662,0.9663962281923236,,0.0124541232041118,0.9009179687500002,0.969228515625,0.9860205078125,0.9861572265625,0.9881884765625,0.9905517578125,0.723154296875,,0.934765625
diamonds,256,nn,shapiq,kernel,149.68841249942778,0.0003108739852904,0.2718059062957764,0.2491734266281127,0.3343690872192383,0.2618680000305175,0.4160434722900391,,0.6977006196975708,3349.388923859596,3569.4014381885527,3585.3629076957704,3586.3894407987596,3585.6792082071306,3583.6473880290987,3584.009881401062,,3284.564394187927,0.0061209005917792,0.0032205202792143,0.0013964987627367,0.0013285757002785,0.0011596087661384,0.0011520110577893,0.0951030685221475,,0.0045656338843053,0.0027140356160155,0.0028995291274535,0.0004545947613525,0.0004334580454319,0.0004191551287426,0.0004777212544662,0.9663962281923236,,0.0124541232041118,0.8807568359375001,0.9544873046875,0.9711181640625,0.9733203125,0.9782080078125,0.979638671875,0.427470703125,,0.91005859375
diamonds,256,xgb,sage,permutation,150.24168066978456,0.0001663923263549,0.2455731153488158,0.2372438669204711,0.3091379642486572,0.2439117193222045,0.3871753931045532,,0.7956187963485718,5.795179605484009,6.022495365142822,5.592289972305298,5.443718409538269,5.591959667205811,6.717291831970215,15.38894693851471,,6.2991618633270265,0.0091310860613429,0.0082442588473178,0.0063222609108009,0.0082605632960239,0.0060348281202624,0.0064305915089867,0.4643190062759615,,0.0066371226461466,0.0027140356160155,0.0028995291274535,0.0004545947613525,0.0004334580454319,0.0004191551287426,0.0004792934507402,0.9663962281923236,,0.0124541232041118,0.8400000000000001,0.96,0.94,0.8400000000000001,0.86,0.9,0.8200000000000001,,0.8800000000000001
diamonds,256,xgb,shap,kernel,156.57820286750794,0.000432276725769,0.2402479887008666,0.228722858428955,0.3025717973709106,0.2438165426254272,0.3808529138565063,,0.9315791368484496,2385.369880127907,2306.173982167244,2347.164233827591,2306.185549426079,2361.296718549728,2163.549054145813,1625.8655666589736,,2311.1320271730424,0.0204070663354324,0.0098120550193197,0.0031515446671836,0.0031816909711275,0.0032202937599961,0.002660652932506,0.2800646910269297,,0.0121381644133953,0.0027140356160155,0.0028995291274535,0.0004545947613525,0.0004334580454319,0.0004191551287426,0.0004792934507402,0.9663962281923236,,0.0124541232041118,0.9119970703125,0.958310546875,0.978212890625,0.976474609375,0.9781689453125,0.978427734375,0.7650439453125,,0.907470703125
diamonds,256,xgb,shapiq,kernel,152.08186519145966,0.0003106832504272,0.2561201095581054,0.2401367425918578,0.3220121622085571,0.246399188041687,0.4098167657852173,,1.0879886865615844,5345.740395045281,5969.167053627968,5956.974595689773,5951.211675620079,5957.637999367714,5238.978057074547,5944.452521562576,,5873.263259530067,0.0066451619457843,0.0031947600515497,0.0017532568057503,0.001762145100319,0.0015585419597992,0.0016038697188359,0.0743177093093415,,0.0078377310815854,0.0027140356160155,0.0028995291274535,0.0004545947613525,0.0004334580454319,0.0004191551287426,0.0004792934507402,0.9663962281923236,,0.0124541232041118,0.8643554687500001,0.9314111328125,0.96443359375,0.9634228515625,0.9676025390625,0.9646533203125,0.41078125,,0.8847656250000002
electricity,8,nn,sage,permutation,,,,,,,,0.0093353748321532,,,,,,,,,0.6424181938171387,,,,,,,,,0.0072257848207494,,,,,,,,,0.0304019402442598,,,,,,,,,0.8,
electricity,8,nn,shap,kernel,,,,,,,,0.0094558238983153,,,,,,,,,37.86194272041321,,,,,,,,,0.0229718282363648,,,,,,,,,0.0304019402442598,,,,,,,,,0.8229296875000001,
electricity,8,nn,shapiq,kernel,,,,,,,,0.0095192193984984,,,,,,,,,66.38587512969971,,,,,,,,,0.0109952217679306,,,,,,,,,0.0304019402442598,,,,,,,,,0.5952685546875001,
electricity,8,xgb,sage,permutation,,,,,,,,0.0089242458343505,,,,,,,,,0.59641592502594,,,,,,,,,0.0064910046567739,,,,,,,,,0.032987213234127,,,,,,,,,0.8800000000000001,
electricity,8,xgb,shap,kernel,,,,,,,,0.0091299772262572,,,,,,,,,66.3882657289505,,,,,,,,,0.0215003279403222,,,,,,,,,0.032987213234127,,,,,,,,,0.8578320312500001,
electricity,8,xgb,shapiq,kernel,,,,,,,,0.0091632843017577,,,,,,,,,112.0471246957779,,,,,,,,,0.008615510876051,,,,,,,,,0.032987213234127,,,,,,,,,0.59669921875,
electricity,16,nn,sage,permutation,57.761115646362306,0.0001512527465819,0.1689790964126586,0.1433302402496337,0.2177575588226317,0.162069797515869,0.3063166618347167,0.0090517282485961,0.0404885053634643,0.987272882461548,0.4966744184494018,0.9016281843185424,0.4426769733428955,0.5801587581634522,0.9810438632965088,0.2541417121887206,0.4473937273025513,0.8770771026611328,0.0053158916963569,0.0066126864180026,0.0032324157735242,0.0028863331178367,0.0021198712317253,0.0037030534217723,2.063576814986596,0.0054793855249363,0.0072106055652497,0.0413536828217445,0.0524113347662535,0.0069716500690765,0.0074329618467575,0.0064779940479202,0.0076981362125529,1.2860644648937036,0.0130443610297181,0.0410964228533712,0.8400000000000001,0.8200000000000001,1.0,0.98,1.0,0.98,0.6,0.8200000000000001,0.8
electricity,16,nn,shap,kernel,56.86207935810089,0.0001806259155272,0.2739458322525024,0.2348070144653319,0.3591391324996947,0.2500057697296142,0.4474879741668701,0.0091621637344359,0.042572522163391,44.396256017684934,48.02872581481934,46.42457821369171,45.973659467697146,47.67809636592865,44.044273948669435,43.859469866752626,44.60553178787232,45.900117135047914,0.0249889568262511,0.0252043198051924,0.0152856538415838,0.0123360104738284,0.0106855991316828,0.0125316030411346,0.1219533769446284,0.01772105258059,0.0238414572693709,0.0413536828217445,0.0524113347662535,0.0069716500690765,0.0074329618467575,0.0064779940479202,0.0076981362125529,1.2860644648937036,0.0130443610297181,0.0410964228533712,0.8196484375,0.8299755859375001,0.8752929687500002,0.8898437500000002,0.900732421875,0.8882617187500002,0.6591308593749999,0.8518408203125001,0.81328125
electricity,16,nn,shapiq,kernel,57.95716485977173,0.0002367496490477,0.2414167404174804,0.2313796758651733,0.3144827842712402,0.2540964365005493,0.405058741569519,0.0090170383453368,0.036369776725769,121.43713495731352,140.09273982048035,140.20207107067108,140.34806189537048,140.2648640871048,122.28682272434234,140.1511267185211,120.4445262670517,120.72453775405884,0.0093681499935272,0.0092100738555511,0.0075818025213879,0.0075694726218612,0.0068766006875236,0.0074192690244432,0.0252470837343897,0.0074138693540799,0.0096926486294525,0.0413536828217445,0.0524113347662535,0.0069716500690765,0.0074329618467575,0.0064779940479202,0.0076981362125529,1.2860644648937036,0.0130443610297181,0.0410964228533712,0.613525390625,0.62216796875,0.67041015625,0.68408203125,0.7052246093750001,0.6755224609374999,0.2556640625,0.6881201171875,0.62724609375
electricity,16,xgb,sage,permutation,60.44087767601013,0.0001891374588012,0.2466228723526,0.2357961654663085,0.3094786405563354,0.2684662580490112,0.3947049379348754,0.0098546981811523,0.0355854749679564,1.156008744239807,0.8810627698898316,1.6207571744918825,0.8754047632217408,0.9332659721374512,1.1272948026657104,0.469914960861206,0.72915620803833,0.7380138158798217,0.0091355660340806,0.0059414673157056,0.0149339316544504,0.0052236755890588,0.0061759033022748,0.0047448547319126,0.7185684962920857,0.0063803846574768,0.0083499129413624,0.0413536828217445,0.0524113347662535,0.0069716500690765,0.0074329618467575,0.0064779940479202,0.0065527734008432,1.2860644648937036,0.0121373603997112,0.0410964228533712,0.96,0.9,0.8,1.0,0.96,0.98,0.8400000000000001,0.96,0.96
electricity,16,xgb,shap,kernel,58.13883984088898,0.0001926898956298,0.2758997678756714,0.2888532876968383,0.3393505096435547,0.26706702709198,0.4423116445541382,0.0093330621719359,0.0421151876449584,103.1285011768341,113.98795232772828,109.8706328868866,108.88716847896576,109.72561402320862,116.07019217014312,102.09519529342651,99.6080680847168,108.31101274490356,0.0260968609438707,0.0255169712888564,0.0186972082394489,0.0162472146459763,0.0143882572867821,0.0115027091127976,0.1300727422852253,0.0177870702277894,0.0213306123341487,0.0413536828217445,0.0524113347662535,0.0069716500690765,0.0074329618467575,0.0064779940479202,0.0065527734008432,1.2860644648937036,0.0121373603997112,0.0410964228533712,0.8465380859375001,0.8549560546875001,0.8970703125000001,0.8981445312500002,0.885693359375,0.8809082031250002,0.6844726562500001,0.89185546875,0.8541015625000001
electricity,16,xgb,shapiq,kernel,58.10443308353424,0.0002383232116698,0.2608164310455322,0.2467579364776611,0.3351660490036011,0.2679654598236084,0.4265807390213013,0.010777449607849,0.036691117286682,200.16121544837952,234.2203397989273,230.96769347190855,232.40805823802947,232.63568296432496,230.9366869688034,231.17522065639497,211.8234132528305,194.75385191440583,0.007368055934857,0.0071832323814424,0.0066698814697042,0.0079282273958514,0.0068708020482246,0.0067722755646112,0.027337720872674,0.006095216578737,0.0067236050115322,0.0413536828217445,0.0524113347662535,0.0069716500690765,0.0074329618467575,0.0064779940479202,0.0065527734008432,1.2860644648937036,0.0121373603997112,0.0410964228533712,0.613759765625,0.6175390625,0.648046875,0.6060546874999999,0.643212890625,0.624072265625,0.33935546875,0.666494140625,0.635791015625
electricity,32,nn,sage,permutation,58.04763162136078,0.00014910697937,0.1731986284255981,0.1431566715240478,0.2130635023117065,0.1661089897155761,0.3046884536743164,0.0089583158493041,0.0732025384902953,0.9249618530273438,1.0625306129455567,0.986901068687439,0.9256511926651,0.9621852159500122,0.8008219003677368,0.4544052362442016,0.9194812536239624,0.8557924509048462,0.005745455648395,0.0062009224870498,0.0023030548838574,0.001916087371407,0.0036425794489343,0.0030740892001748,2.04373390118533,0.004492389638071,0.0044929056628044,0.023077047741781,0.0193167361208737,0.0025451732206228,0.0023913775160498,0.002817209548715,0.0025940808605448,1.2860644648937036,0.0057060749096865,0.0204640138923791,0.8800000000000001,0.8400000000000001,0.8,0.98,0.8200000000000001,0.8400000000000001,0.6,0.86,0.9
electricity,32,nn,shap,kernel,57.3873152256012,0.0001865863800048,0.251176357269287,0.2520876646041869,0.3445227622985839,0.2511049509048461,0.4301412343978882,0.0093413829803466,0.0727089166641234,71.42146663665771,81.7651341676712,74.168221950531,73.69323356151581,77.01463167667389,64.0914870262146,68.6581221818924,62.41292247772217,65.36910161972045,0.0198802317088191,0.0157930713989454,0.0071320290930759,0.0069505102937246,0.0082476815994801,0.0076845744861407,0.1219533769446284,0.0145550532494805,0.0178584798965817,0.023077047741781,0.0193167361208737,0.0025451732206228,0.0023913775160498,0.002817209548715,0.0025940808605448,1.2860644648937036,0.0057060749096865,0.0204640138923791,0.8470068359375,0.8816259765625001,0.9115722656250002,0.91357421875,0.92119140625,0.917041015625,0.6591308593749999,0.89732421875,0.8529785156250002
electricity,32,nn,shapiq,kernel,58.61143610477448,0.000222873687744,0.2443405151367187,0.2281284809112548,0.3129832029342651,0.2627194166183471,0.404327392578125,0.0092763185501098,0.0665661096572875,230.92710456848144,268.6592404127121,268.17956924438477,269.00136427879335,268.91489641666413,232.35206387043,268.1162484407425,229.4536288499832,229.63243353366852,0.0068399914894555,0.0064093520474223,0.004595805362164,0.0052172198804274,0.0054931489012761,0.0047366814904631,0.0252470837343897,0.0052195016210107,0.0071664881137499,0.023077047741781,0.0193167361208737,0.0025451732206228,0.0023913775160498,0.002817209548715,0.0025940808605448,1.2860644648937036,0.0057060749096865,0.0204640138923791,0.688701171875,0.7104736328125,0.79560546875,0.7622558593750001,0.7491210937500001,0.773193359375,0.2556640625,0.7638281250000001,0.689501953125
electricity,32,xgb,sage,permutation,60.71386091709137,0.0001740932464599,0.2476220607757568,0.2374806642532348,0.3116498947143554,0.2685962438583373,0.3944869995117187,0.0094994783401488,0.0742225885391234,1.4555309295654295,1.2437021732330322,1.5547386169433597,1.452350902557373,1.4296412467956543,1.0131308555603027,0.8099702358245849,1.0832602739334107,1.664391326904297,0.0090928134998134,0.0066303387328506,0.0052383040814757,0.0048271451395207,0.0037881583179372,0.0041226040373671,0.7148272081046104,0.0046621164034924,0.0105078835938155,0.023077047741781,0.0193167361208737,0.0025451732206228,0.0023913775160498,0.002817209548715,0.0028705791469851,1.2860644648937036,0.0051133368466118,0.0204640138923791,0.8400000000000001,0.96,0.98,1.0,1.0,0.98,0.8400000000000001,0.98,0.8
electricity,32,xgb,shap,kernel,58.94163157939911,0.0001721620559691,0.2758823633193969,0.2586252212524413,0.3608780145645142,0.2699517250061035,0.4460538148880005,0.0091900825500487,0.0828407287597655,174.76189131736754,190.7783973932266,180.7215523481369,181.51295874118804,182.64740970134736,191.5392778635025,168.9244649887085,164.67608094215393,179.04732005596162,0.0225220381097626,0.0179518453833232,0.0101574591192234,0.0112338553202321,0.0166181938012617,0.0068678455827229,0.1300727422852253,0.0130883593155406,0.017514574139194,0.023077047741781,0.0193167361208737,0.0025451732206228,0.0023913775160498,0.002817209548715,0.0028705791469851,1.2860644648937036,0.0051133368466118,0.0204640138923791,0.8921728515625,0.895009765625,0.93037109375,0.92060546875,0.924560546875,0.93828125,0.6844726562500001,0.9192041015625,0.8933105468750002
electricity,32,xgb,shapiq,kernel,58.254617762565616,0.0002320528030394,0.2571791648864746,0.2505100965499877,0.3323401212692261,0.2671701908111571,0.424101710319519,0.009651756286621,0.0682491779327392,385.8258803367615,443.10752153396606,446.2831322431565,447.1724376916885,448.90213618278506,442.5168660640717,446.6800153017044,409.5171324014664,377.26234962940214,0.0054784507422342,0.0052105706421514,0.00415573413513,0.0047851601870593,0.0055479747303244,0.0042123265342527,0.027337720872674,0.0043539129550241,0.0053967931710888,0.023077047741781,0.0193167361208737,0.0025451732206228,0.0023913775160498,0.002817209548715,0.0028705791469851,1.2860644648937036,0.0051133368466118,0.0204640138923791,0.677109375,0.704912109375,0.7384765625,0.7091796875,0.716357421875,0.73291015625,0.33935546875,0.7285498046875001,0.66640625
electricity,64,nn,sage,permutation,58.190421199798585,0.0001588582992553,0.1722565412521362,0.1455657958984374,0.2181855678558349,0.1632490873336791,0.3084052324295043,0.0100475311279296,0.1452200174331664,1.9981672286987304,2.1664151430130003,2.1107778787612914,1.9630399465560913,2.0938275337219237,1.5957258701324464,0.9658339977264404,2.0696553707122805,1.740395736694336,0.0036729802373058,0.0028947768321553,0.002730318357119,0.0028965183555073,0.0025194259867492,0.0022523798827437,2.062088297502063,0.0038058672190775,0.0046101428681147,0.0116315486085437,0.0133448304154063,0.0009871028964398,0.0009558059985004,0.000852334247926,0.0010245908042318,1.2860644648937036,0.0033470079734091,0.0136371148629015,0.9,0.8800000000000001,0.92,0.86,0.8800000000000001,0.8800000000000001,0.6,0.8800000000000001,0.8800000000000001
electricity,64,nn,shap,kernel,57.28616862297058,0.0002072095870971,0.2890950918197632,0.2344600200653075,0.3279101133346557,0.2572564363479614,0.417212986946106,0.0094946384429931,0.1603492498397826,175.72855260372162,162.75430884361268,145.8926703453064,144.04711971282958,153.81638705730438,112.04186918735503,133.7068339586258,113.39320712089538,118.89798839092256,0.0133060352551586,0.0110422740433522,0.0045950012691463,0.0047494685696873,0.00486520585243,0.0041621715116815,0.1219533769446284,0.0119093919311395,0.0180556664383989,0.0116315486085437,0.0133448304154063,0.0009871028964398,0.0009558059985004,0.000852334247926,0.0010245908042318,1.2860644648937036,0.0033470079734091,0.0136371148629015,0.8839160156250001,0.9040234375,0.947685546875,0.947373046875,0.94189453125,0.95171875,0.6591308593749999,0.9157763671875,0.8818847656250002
electricity,64,nn,shapiq,kernel,58.65114841461182,0.000229263305664,0.2429028034210205,0.2289536714553832,0.3104395866394042,0.2526035785675048,0.4038296461105347,0.0091301679611205,0.1321066379547118,447.80383200645446,517.7397708177566,518.7522844314575,518.1830980539322,518.7119908809661,451.2522515773773,517.1838762283326,446.3778024435043,446.5999722242355,0.0050004932788716,0.0044723429329674,0.0032063057939497,0.0033134654853501,0.0032061239532712,0.0032514057636814,0.0252470837343897,0.0036000347719449,0.0061246519084419,0.0116315486085437,0.0133448304154063,0.0009871028964398,0.0009558059985004,0.000852334247926,0.0010245908042318,1.2860644648937036,0.0033470079734091,0.0136371148629015,0.752509765625,0.788076171875,0.8431640625000002,0.8365429687500001,0.8408837890625002,0.839111328125,0.2556640625,0.8250781250000001,0.709033203125
electricity,64,xgb,sage,permutation,59.34363689422607,0.0001719951629638,0.2481683254241942,0.2357719898223876,0.3108569383621216,0.2676615715026855,0.3960797071456909,0.0098835229873656,0.1435747385025024,3.1343482732772827,2.500988006591797,2.0693983316421507,2.6138450622558596,2.547710919380188,2.9385892152786255,1.5319472789764403,2.00681357383728,2.394375443458557,0.0042513753864395,0.00403361452696,0.0031438166258018,0.0038432706309577,0.0028396552103125,0.0032457606863312,0.7159650266259144,0.0035791755342898,0.0063188181605775,0.0116315486085437,0.0133448304154063,0.0009871028964398,0.0009558059985004,0.000852334247926,0.0010235567965511,1.2860644648937036,0.002361173998799,0.0136371148629015,0.94,1.0,0.98,1.0,1.0,1.0,0.8200000000000001,0.94,0.86
electricity,64,xgb,shap,kernel,58.65126359462738,0.0001784324645995,0.2824658870697021,0.26668803691864,0.335433554649353,0.2722773790359497,0.4720865488052368,0.0090304613113402,0.1742467403411864,306.58056287765504,344.5633596420288,322.3492035150528,318.431232881546,324.44642713069913,339.0059655189514,298.53461413383485,295.36358880996704,318.16300797462463,0.0140047332643383,0.0114265390028117,0.0067923472588983,0.0064383392247168,0.0069305788573371,0.0059255276105146,0.1300727422852253,0.0109202961718628,0.0168154465480264,0.0116315486085437,0.0133448304154063,0.0009871028964398,0.0009558059985004,0.000852334247926,0.0010235567965511,1.2860644648937036,0.002361173998799,0.0136371148629015,0.9111718750000002,0.918349609375,0.9393115234375,0.9403564453125,0.9376806640625,0.942373046875,0.6844726562500001,0.9385986328125,0.908837890625
electricity,64,xgb,shapiq,kernel,58.38323652744293,0.0002390861511229,0.2788886547088623,0.245805549621582,0.3285197734832764,0.2712872505187988,0.4278195858001709,0.0096523284912108,0.1347750663757324,756.0024993419647,859.093946313858,878.7173699855805,876.8174442052841,883.3216444730758,875.3793846130371,879.1922336816788,806.8228685140609,739.8666855096817,0.0041008793869435,0.0034998029207375,0.0032079294538082,0.0032099717184822,0.0030674767996643,0.0030350707318358,0.027337720872674,0.0031843801724964,0.0042072359275483,0.0116315486085437,0.0133448304154063,0.0009871028964398,0.0009558059985004,0.000852334247926,0.0010235567965511,1.2860644648937036,0.002361173998799,0.0136371148629015,0.7351123046875,0.76548828125,0.7763623046875001,0.782197265625,0.7894970703125,0.7872265625000001,0.33935546875,0.7815283203125001,0.7111328125
electricity,128,nn,sage,permutation,57.9122878074646,0.0001661300659179,0.181392502784729,0.1483393907546996,0.218002438545227,0.1570002079010009,0.3036381244659424,0.0091996669769286,0.2876801252365112,3.8906707525253297,4.060901427268982,3.993475341796875,3.798064661026001,3.930518293380737,2.966753053665161,1.7212760686874389,3.85254385471344,3.202800035476685,0.0028831845720473,0.0028593603415882,0.0023250709026738,0.0021749586492836,0.0022990112500686,0.0021807552463262,2.0486468241504374,0.003118116907861,0.0044841298659698,0.0057732844471785,0.0044718295128276,0.000458510371226,0.0004063010546982,0.0004016866465543,0.0004721715516097,1.2860644648937036,0.0023236756103993,0.0102607508865899,0.8800000000000001,0.8800000000000001,0.96,0.8800000000000001,0.92,0.96,0.6,0.9,0.94
electricity,128,nn,shap,kernel,57.25692641735077,0.0001973628997802,0.2873869895935058,0.2442507028579711,0.3551383018493652,0.2572884798049926,0.4222568273544311,0.0091779470443725,0.2821127176284789,380.3824684381485,322.90014612674713,289.56446077823637,291.1416339635849,304.5934656381607,223.82799260616304,263.72518465518954,231.4869427919388,240.7200968980789,0.0099569736426269,0.0089419754145625,0.0036830638275931,0.0034552306929381,0.0028956246835762,0.0027842098705479,0.1219533769446284,0.011704590289494,0.0192180245002004,0.0057732844471785,0.0044718295128276,0.000458510371226,0.0004063010546982,0.0004016866465543,0.0004721715516097,1.2860644648937036,0.0023236756103993,0.0102607508865899,0.9039599609375,0.9260205078125,0.957451171875,0.9603125,0.966318359375,0.965576171875,0.6591308593749999,0.9234130859375,0.8863281250000001
electricity,128,nn,shapiq,kernel,58.31888899803162,0.0002346038818359,0.2539764165878296,0.2330018281936645,0.3158644437789917,0.2592160463333129,0.4046123743057251,0.0093514680862426,0.2595582008361816,885.4012348413468,1022.4477087736128,1023.0994557857514,1023.2023751735688,1024.1396432638169,890.8780894756317,1022.3920140266418,882.8613036870956,880.3917988061905,0.0039059012978376,0.0030403406432117,0.0023000145201847,0.0022433932224024,0.0020507328308603,0.0021552979531734,0.0252470837343897,0.0029227755347691,0.0052864817071552,0.0057732844471785,0.0044718295128276,0.000458510371226,0.0004063010546982,0.0004016866465543,0.0004721715516097,1.2860644648937036,0.0023236756103993,0.0102607508865899,0.7996142578125001,0.8464257812500001,0.883125,0.8842773437500002,0.8945703125000002,0.8888720703125002,0.2556640625,0.8496582031250002,0.744580078125
electricity,128,xgb,sage,permutation,59.51776506900787,0.0001709222793578,0.2510028600692748,0.2360368967056273,0.3130700349807739,0.270626950263977,0.3976086378097534,0.0095205783843993,0.2879629611968994,5.680311560630798,4.728314995765686,4.411334466934204,4.4509419918060305,5.177078580856323,5.0183480978012085,2.7122180461883545,4.803559637069702,3.9367727756500246,0.0044079999738921,0.0038714726826746,0.0027235189863362,0.0030365160413648,0.002377535518656,0.0032784275245559,0.701765626919369,0.0031292489104327,0.0069273818898046,0.0057732844471785,0.0044718295128276,0.000458510371226,0.0004063010546982,0.0004016866465543,0.0004555260957416,1.2860644648937036,0.0014357248661204,0.0102607508865899,0.96,1.0,1.0,0.96,1.0,1.0,0.8200000000000001,1.0,0.8
electricity,128,xgb,shap,kernel,58.29808399677277,0.0001837253570556,0.2872209787368774,0.2663806200027465,0.3600367546081543,0.2685216903686523,0.4343661546707153,0.00932719707489,0.3396612882614135,581.0377737760543,651.9914820909501,599.5147395133972,606.3113278627395,610.9848130702973,636.779414010048,558.2143635034561,554.0005383968353,594.5504779338837,0.0123094475155859,0.0098374896739582,0.0051327052679469,0.0044177478212327,0.0043755235043612,0.0038154022126375,0.1300727422852253,0.0093019701372908,0.0183234642797523,0.0057732844471785,0.0044718295128276,0.000458510371226,0.0004063010546982,0.0004016866465543,0.0004555260957416,1.2860644648937036,0.0014357248661204,0.0102607508865899,0.929482421875,0.9394677734375,0.9533740234375,0.9549462890625,0.9601318359375,0.9597509765625,0.6844726562500001,0.9462646484375,0.914404296875
electricity,128,xgb,shapiq,kernel,58.36014001369476,0.0002860069274901,0.2677483320236206,0.2510712385177612,0.3361675262451172,0.281069803237915,0.4282879829406738,0.0102025508880614,0.2772418737411498,1520.8902252674102,1681.722063422203,1704.9143119096757,1703.8854369163514,1716.410275053978,1708.262453174591,1712.7865211248395,1573.2230750083922,1444.275330901146,0.0032586219366033,0.0024848487494149,0.0022438909663207,0.0020929121012613,0.0020055627875311,0.0020564362964033,0.027337720872674,0.0024288912972254,0.0037175402255216,0.0057732844471785,0.0044718295128276,0.000458510371226,0.0004063010546982,0.0004016866465543,0.0004555260957416,1.2860644648937036,0.0014357248661204,0.0102607508865899,0.7730859375000001,0.821826171875,0.8351464843750002,0.84560546875,0.8487988281250001,0.8456201171875002,0.33935546875,0.8228857421875,0.7451171875
electricity,256,nn,sage,permutation,58.30133769512177,0.0001468420028686,0.1730322122573852,0.1535149812698363,0.2160465002059936,0.1548607826232909,0.3012825965881347,0.008616805076599,0.5595510244369507,7.704934859275818,7.572771644592285,7.409054374694824,7.702642774581909,7.8640080213546755,5.879226088523865,3.6794663667678833,7.636579847335815,6.158449363708496,0.0033997632356106,0.0024001426389156,0.0023001224540665,0.0023244128164293,0.0022130409904807,0.002396443710227,1.872081136073454,0.0033222519894908,0.004788246279731,0.0026501359302941,0.0026599300353361,0.0002717269255732,0.0002514505362161,0.0002500436519444,0.0002665595114593,1.263848397488742,0.0020906942883945,0.0095436973985937,0.92,0.96,0.92,0.94,0.8800000000000001,0.92,0.6,0.9,0.98
electricity,256,nn,shap,kernel,57.53428702354431,0.0002000093460082,0.2921508312225341,0.263402247428894,0.3566700935363769,0.2524131774902343,0.436855673789978,0.0090914011001586,0.5608608961105347,769.5725431203842,647.5273280858994,584.5105052947998,594.7930239439011,602.029586315155,443.6651430845261,535.8041939973831,471.4757165193558,487.3972009420395,0.0086092780392183,0.0053216793079244,0.0024308163795926,0.0024476780847473,0.0018262021465899,0.0020299711220892,0.120896177439457,0.0116523197106889,0.0197013987878566,0.0026501359302941,0.0026599300353361,0.0002717269255732,0.0002514505362161,0.0002500436519444,0.0002665595114593,1.263848397488742,0.0020906942883945,0.0095436973985937,0.9219677734375,0.9497265625,0.9705908203125,0.9693310546875,0.97869140625,0.9756201171875,0.6593457031249998,0.930888671875,0.876904296875
electricity,256,nn,shapiq,kernel,58.5269962310791,0.0002607107162475,0.2463136434555053,0.2345568656921386,0.3130110025405884,0.2667784929275512,0.405820894241333,0.0090779066085815,0.5199287891387939,1741.6433696746826,2013.1166318416597,2015.478093123436,2016.289972448349,2014.3682097435,1748.413023996353,2013.636182641983,1741.1008715391158,1733.3593544721602,0.0032160919047292,0.0022279158070941,0.0016515244962824,0.0015433887753173,0.0014565514843497,0.0015622387087781,0.0260147384943532,0.0024029021001769,0.0049302894850506,0.0026501359302941,0.0026599300353361,0.0002717269255732,0.0002514505362161,0.0002500436519444,0.0002665595114593,1.263848397488742,0.0020906942883945,0.0095436973985937,0.8326953125000001,0.8807958984375001,0.9122802734375,0.91685546875,0.921728515625,0.91578125,0.255869140625,0.8747070312500002,0.7540527343750001
electricity,256,xgb,sage,permutation,60.66649785041809,0.0001785993576049,0.2505064725875854,0.2387812614440917,0.3127137184143066,0.268883204460144,0.3987367630004882,0.0092014074325561,0.5665015697479248,10.700416946411131,9.114737606048584,8.518854808807372,8.771709179878235,8.710071110725403,10.453845167160036,5.283449983596801,8.445590567588805,6.460195541381836,0.0043749822190288,0.0032032577437467,0.0028520424606315,0.0033708095724502,0.002708402527058,0.0027006947473946,0.6968078396735323,0.0036692954671965,0.0064931922642269,0.0026501359302941,0.0026599300353361,0.0002717269255732,0.0002514505362161,0.0002500436519444,0.0002844452107573,1.263848397488742,0.0011736603570614,0.0095436973985937,0.98,1.0,1.0,1.0,1.0,1.0,0.78,1.0,0.8400000000000001
electricity,256,xgb,shap,kernel,58.834417366981505,0.0002141475677489,0.2979435205459594,0.2588661193847655,0.335731554031372,0.2698165893554687,0.4472563505172729,0.0093511104583739,0.7263165712356567,1100.610547876358,1229.9235486507416,1156.1578939676283,1165.73270778656,1167.045383000374,1235.6379754543304,1070.5169895648955,1068.058568358421,1147.6514329433442,0.0123900600039352,0.0053738623579797,0.0036820774187936,0.0038642485803975,0.0030904339818487,0.0030598078238111,0.1284773457399462,0.0089851877352839,0.0175235519995079,0.0026501359302941,0.0026599300353361,0.0002717269255732,0.0002514505362161,0.0002500436519444,0.0002844452107573,1.263848397488742,0.0011736603570614,0.0095436973985937,0.9378369140625,0.9600439453125,0.968779296875,0.9649365234375,0.9710302734375,0.969853515625,0.6867968750000001,0.953525390625,0.924951171875
electricity,256,xgb,shapiq,kernel,58.808444952964784,0.0002884864807128,0.2609846115112305,0.2505013942718505,0.3349284172058105,0.2743840456008911,0.435908031463623,0.0097654104232787,0.5403084516525268,2988.6188210725786,3243.169790482521,3346.7266932010652,3363.310648727417,3361.2598908662794,3339.881558871269,3359.1606036901476,3097.3446057319643,2844.204193687439,0.002713933101911,0.0017306111938245,0.0015399512321824,0.0015319172030271,0.0014103194838584,0.0014876641533914,0.0269240876515679,0.001806275726934,0.0035641212777186,0.0026501359302941,0.0026599300353361,0.0002717269255732,0.0002514505362161,0.0002500436519444,0.0002844452107573,1.263848397488742,0.0011736603570614,0.0095436973985937,0.7970996093750001,0.8681640625,0.8808105468750002,0.8794531250000001,0.8883007812500001,0.8843066406250001,0.3436572265625,0.8583544921875002,0.739697265625
fifa,16,nn,sage,permutation,118.8237524986267,0.0002346038818358,0.3221011161804198,0.2919130802154541,0.391791820526123,0.3165910482406616,1.1255767822265623,,0.0756065368652343,7.230629897117614,8.057999801635741,9.580034470558166,8.345650315284729,8.811922621726989,6.913846158981324,0.6168600559234619,,10.621033120155335,0.0057385410449648,0.003887280997586,0.0016489856951576,0.0018931684215877,0.0021685725354621,0.0021214049977561,1.77413812047809,,0.0034655248425643,0.0424407595893803,0.039816821554638,0.011481061530897,0.0103996840350478,0.009792334491497,0.0093725129799312,0.7325962836341539,,0.0791310343149194,0.8800000000000001,0.96,0.8400000000000001,0.8,0.8,0.86,0.98,,1.0
fifa,16,nn,shap,kernel,112.28709864616394,0.000292682647705,0.2793270349502563,0.272138786315918,0.3488355875015259,0.3151437282562256,1.0971325159072876,,0.0553618431091308,348.22982342243193,348.5067565202713,378.1255938529968,375.8545726060867,370.31285128593447,352.98545799255373,372.826559138298,,417.11855907440184,0.0106447806242477,0.0090149182053024,0.0055669852057976,0.0052768300423137,0.007137539894347,0.0044708307757203,0.2498093619062011,,0.0063753684945108,0.0424407595893803,0.039816821554638,0.011481061530897,0.0103996840350478,0.009792334491497,0.0093725129799312,0.7325962836341539,,0.0791310343149194,0.7661181640625001,0.78416015625,0.8369580078125001,0.8210400390625001,0.8011132812500001,0.8675732421875001,0.660185546875,,0.8358154296875
fifa,16,nn,shapiq,kernel,116.10746884346008,0.0005284786224364,0.3053791522979736,0.2887582778930663,0.4352928876876831,0.3061698913574218,1.1475289583206176,,0.0736045360565185,3170.077742147446,2961.0821996450422,3005.541206908226,3014.4903457403184,3008.1147957324984,3391.207842326164,3021.151404309273,,2983.742590522766,0.0043599444411451,0.0042452643400111,0.0032674600877399,0.0032120449310953,0.0032895234821564,0.0030936425074119,0.0737452108756804,,0.0042983329264975,0.0424407595893803,0.039816821554638,0.011481061530897,0.0103996840350478,0.009792334491497,0.0093725129799312,0.7325962836341539,,0.0791310343149194,0.6827490234375,0.7248925781250001,0.7681689453125,0.76875,0.74060546875,0.8216064453125,0.6872265625,,0.786728515625
fifa,16,xgb,sage,permutation,117.2517866373062,0.0002285480499267,0.3045811891555786,0.2613507986068725,0.3471551179885864,0.2917816162109375,1.0838168382644653,,0.0464096307754516,18.86485974788666,19.76346170902252,21.783438897132875,21.86345174312591,22.144077229499818,21.3658992767334,1.3411705017089843,,20.666431736946105,0.0047412747034615,0.0034896131853506,0.0021062937192262,0.0022273553274895,0.0020732982436855,0.0022359724329209,1.843854286062646,,0.0036209887064695,0.0424407595893803,0.039816821554638,0.011481061530897,0.0103996840350478,0.009792334491497,0.0099226634096406,0.7325962836341539,,0.0791310343149194,0.8,0.8,0.9,1.0,0.8,1.0,0.6,,0.8
fifa,16,xgb,shap,kernel,111.8373302936554,0.0002026557922362,0.2929835081100463,0.2758882999420166,0.356987738609314,0.2905127763748169,1.0954264879226685,,0.0647669315338134,750.6846454143524,738.8550015449524,737.1447139024734,736.3024171352387,735.0147228240967,746.5865219593048,736.5916745901108,,751.848272228241,0.0127907495375556,0.0108886732006823,0.0064886932376018,0.0061782815439538,0.0078795106147764,0.0067816722114977,0.2518916004110449,,0.0099224447830075,0.0424407595893803,0.039816821554638,0.011481061530897,0.0103996840350478,0.009792334491497,0.0099226634096406,0.7325962836341539,,0.0791310343149194,0.6706591796875,0.686083984375,0.7703564453125,0.7638525390625001,0.7714794921875001,0.7393115234375001,0.488388671875,,0.6812402343749999
fifa,16,xgb,shapiq,kernel,111.54125881195068,0.0002068758010863,0.315369987487793,0.2946073055267334,0.4288640975952148,0.3085248708724975,1.1020583868026734,,0.0660762786865234,4094.8348063707354,3813.726605796814,3964.880543279648,3967.6471890211105,3923.180972242355,3867.129393935203,3951.562671351433,,4324.206564617157,0.0046097814368796,0.0042012046813727,0.0037920192067387,0.0037979768115287,0.0035810154511012,0.004129398125846,0.0475440291256269,,0.0044174948868341,0.0424407595893803,0.039816821554638,0.011481061530897,0.0103996840350478,0.009792334491497,0.0099226634096406,0.7325962836341539,,0.0791310343149194,0.4987011718749999,0.5575634765624999,0.6292919921875,0.6052734375,0.642802734375,0.6007666015625001,0.0896240234374999,,0.5517822265625
fifa,32,nn,sage,permutation,137.97249822616578,0.0002823114395141,0.2961364030838013,0.2975985288619994,0.3878098726272582,0.3146704673767089,1.1079633235931396,,0.1239765405654906,15.220003604888916,16.460063529014587,19.4677054643631,18.99026527404785,18.666846108436584,12.8178307056427,1.3593014478683472,,23.702717971801757,0.0036337212257151,0.0067874070457225,0.0015591131692506,0.0015767229398298,0.0019395224341568,0.0015866235572546,1.785060046990201,,0.0021856508998093,0.0312312457097825,0.022913266260056,0.0041460439531294,0.0040986085706472,0.0039935934670846,0.0043294913925068,0.7325962836341539,,0.0237133136514907,0.98,0.9,1.0,1.0,0.96,1.0,0.96,,0.98
fifa,32,nn,shap,kernel,130.59750325679778,0.0001889467239379,0.2744374990463257,0.262476086616516,0.3545897722244263,0.3127916812896728,1.0741265535354614,,0.1203431844711303,557.4551238059997,616.7957967996597,654.3182993173599,662.6757774829864,654.4276429414749,546.4347553491592,653.7158905029297,,731.0076734542847,0.0083876678435283,0.011340964041747,0.0040423401314736,0.0033017534318152,0.002753861759686,0.0042075713614015,0.2498033008287093,,0.0053915435474093,0.0312312457097825,0.022913266260056,0.0041460439531294,0.0040986085706472,0.0039935934670846,0.0043294913925068,0.7325962836341539,,0.0237133136514907,0.8047900390625001,0.8094580078125,0.8911767578125002,0.908955078125,0.919287109375,0.888984375,0.6602685546875,,0.8366992187500001
fifa,32,nn,shapiq,kernel,134.9884853363037,0.0005341529846191,0.3130447149276733,0.3022317171096801,0.3972726345062255,0.2893931865692138,1.1023797750473023,,0.104688000679016,4968.464366436005,4626.031395196915,4664.486979722977,4676.648303341865,4668.314821410179,5267.852514028549,4690.864122772216,,4630.538565373421,0.0040557533594754,0.0048076298275818,0.003049843864702,0.0029443767561637,0.0031199094603608,0.0029912370139741,0.0737521721264317,,0.0033931878857312,0.0312312457097825,0.022913266260056,0.0041460439531294,0.0040986085706472,0.0039935934670846,0.0043294913925068,0.7325962836341539,,0.0237133136514907,0.7362158203125,0.779833984375,0.8488232421875,0.8663281250000001,0.8940722656250001,0.84990234375,0.6876562500000001,,0.7903076171875001
fifa,32,xgb,sage,permutation,135.4815086841583,0.000172996520996,0.2830209493637085,0.25853853225708,0.3516055822372436,0.3002788066864013,1.1009674549102784,,0.1016656160354613,36.774644780158994,36.29577646255493,44.4166984796524,42.54316880702972,41.07050380706787,41.79944417476654,2.6183327198028565,,44.11841790676117,0.0032040183731514,0.0055339163218801,0.0014332740029201,0.001736842779801,0.00165399711349,0.0016087513807892,1.852208099570384,,0.0020575709109038,0.0312312457097825,0.022913266260056,0.0041460439531294,0.0040986085706472,0.0039935934670846,0.0039258260395416,0.7325962836341539,,0.0237133136514907,0.8200000000000001,0.76,0.8,1.0,1.0,0.8,0.62,,0.8
fifa,32,xgb,shap,kernel,129.0717387199402,0.0004215002059936,0.2902714252471924,0.2713785648345946,0.3641095399856567,0.2835116624832153,1.0938563108444217,,0.1415116548538207,1310.1755029678343,1296.7193984270095,1297.8869527339934,1298.8935598611831,1297.138876080513,1326.9282346487046,1304.074800682068,,1334.5436033964156,0.0095218313886256,0.0111149964659582,0.0060512847465702,0.0049792373437321,0.0040356936534767,0.0038151251739364,0.2518796291750745,,0.0071751013574546,0.0312312457097825,0.022913266260056,0.0041460439531294,0.0040986085706472,0.0039935934670846,0.0039258260395416,0.7325962836341539,,0.0237133136514907,0.7237646484375,0.7357421875,0.8033789062500001,0.8013623046875,0.8243798828125002,0.8409228515625001,0.4884228515625,,0.744267578125
fifa,32,xgb,shapiq,kernel,128.6713016986847,0.0002237558364867,0.3037033319473267,0.3003925085067749,0.3768858194351195,0.2785362243652344,1.1047252893447876,,0.094505500793457,6794.740645956993,6331.288124275207,6544.213677310943,6574.987787103653,6492.122018027306,6359.924359560013,6541.728921365738,,7128.402392530441,0.0039686220978248,0.0039950253874236,0.0031768266183251,0.0032171203777106,0.0031150192513954,0.0030471274403875,0.0475417737003535,,0.0032367566250665,0.0312312457097825,0.022913266260056,0.0041460439531294,0.0040986085706472,0.0039935934670846,0.0039258260395416,0.7325962836341539,,0.0237133136514907,0.5817041015625001,0.5762255859375001,0.686357421875,0.6805761718750001,0.7337890625,0.7342724609375001,0.0897851562499999,,0.6594091796875
fifa,64,nn,sage,permutation,145.37769935131072,0.0002143621444701,0.3023774147033691,0.2781821012496948,0.3802145481109619,0.3130610227584839,1.1203867197036743,,0.2543083190917968,30.756794261932377,38.434551858901976,40.612246131896974,40.082196187973025,39.85927584171295,25.435742735862732,2.837868571281433,,51.08350405693054,0.002268529842724,0.0022798637290831,0.0013614750767005,0.0015097139269809,0.0015709381255841,0.0013340075160539,1.6771779508078026,,0.0023778206978329,0.0125868204501869,0.0097074867902243,0.0017062567770623,0.0017337252659214,0.0015436348715893,0.0017026504079282,0.7218352035753952,,0.0081263441138705,0.92,0.92,1.0,0.94,0.94,0.96,0.96,,0.92
fifa,64,nn,shap,kernel,137.08806672096253,0.0002034187316894,0.2881536960601806,0.277786922454834,0.3436900854110717,0.3136423349380493,1.0848878145217895,,0.2122755765914916,1103.2506222248078,1137.1632801532746,1257.4948373556138,1255.537968969345,1247.6750809907912,1103.1214946985244,1251.9029780864716,,1458.968636369705,0.0058703501534229,0.0061408827364882,0.0030112752360713,0.003323959252128,0.0035102128158211,0.0037081499594258,0.2438967504628908,,0.0062524829534027,0.0125868204501869,0.0097074867902243,0.0017062567770623,0.0017337252659214,0.0015436348715893,0.0017026504079282,0.7218352035753952,,0.0081263441138705,0.8403759765625001,0.8527392578125002,0.912705078125,0.906416015625,0.90544921875,0.8941699218750001,0.659677734375,,0.8305175781250002
fifa,64,nn,shapiq,kernel,143.095561003685,0.0003013610839843,0.2892682552337646,0.3067595720291137,0.4010701656341552,0.3072741031646728,1.1326028108596802,,0.2112207651138305,8431.381766462326,7875.341431975365,7943.206915950776,7963.6662317276,7936.365312314034,8994.256976890563,8003.242165660859,,7863.64360575676,0.0033195531519586,0.0033350795419347,0.002891112400651,0.0029319108393765,0.0030241176546491,0.0029073881194891,0.0721098584123963,,0.0033350846892615,0.0125868204501869,0.0097074867902243,0.0017062567770623,0.0017337252659214,0.0015436348715893,0.0017026504079282,0.7218352035753952,,0.0081263441138705,0.7988769531250001,0.8233691406250001,0.88271484375,0.8741943359375002,0.8777099609375,0.8655859375,0.688603515625,,0.7934960937500001
fifa,64,xgb,sage,permutation,140.7570442676544,0.0002369642257689,0.2798579454421997,0.2575649499893188,0.349008846282959,0.2934646606445312,1.096791887283325,,0.1790994644165038,74.58812205791473,73.97897944450378,84.87088584899902,82.469029712677,82.59207892417908,81.7939579963684,4.473821830749512,,83.79525105953216,0.0018486752285934,0.0019364171566916,0.001268388113011,0.0013540489101517,0.0012973161414252,0.0011482659100021,1.758493342641128,,0.0015747538789003,0.0125868204501869,0.0097074867902243,0.0017062567770623,0.0017337252659214,0.0015436348715893,0.0016584823343532,0.7218352035753952,,0.0081263441138705,0.86,0.8400000000000001,0.86,0.8400000000000001,0.86,0.94,0.6,,0.8
fifa,64,xgb,shap,kernel,135.96609692573549,0.0006015539169311,0.2872993230819702,0.2831961631774902,0.3555220365524292,0.2959059953689574,1.0963030338287354,,0.2631711244583129,2441.895156645775,2424.477467417717,2430.3254578590395,2422.889506435394,2412.4024674654006,2477.003660416603,2421.2109643936155,,2494.687313532829,0.0065068183527379,0.0062472663678541,0.004205431526664,0.004528611778227,0.0043739608495862,0.0044897550554983,0.2460050505847716,,0.0065671717660186,0.0125868204501869,0.0097074867902243,0.0017062567770623,0.0017337252659214,0.0015436348715893,0.0016584823343532,0.7218352035753952,,0.0081263441138705,0.8021337890625,0.808203125,0.8409423828125002,0.836474609375,0.8411083984375001,0.8442285156250001,0.4892822265625,,0.8053759765625002
fifa,64,xgb,shapiq,kernel,135.41365497112275,0.0002711534500121,0.2850069522857665,0.3253011703491211,0.3676119804382324,0.3064844369888305,1.102339506149292,,0.2033051252365111,12146.321159601212,11328.575141501427,11689.17512497902,11692.677754712106,11603.771845698357,11401.301688075066,11730.849403500555,,12720.231062006951,0.0030730086886514,0.0029603195113375,0.0027120785575954,0.0026901223188871,0.0027211728650849,0.0026951433979295,0.0465013043601883,,0.0028309394964946,0.0125868204501869,0.0097074867902243,0.0017062567770623,0.0017337252659214,0.0015436348715893,0.0016584823343532,0.7218352035753952,,0.0081263441138705,0.6810644531250001,0.720224609375,0.7578515625000001,0.7694970703125,0.74546875,0.7617138671875001,0.08998046875,,0.7049072265625
fifa,128,nn,sage,permutation,137.3610399723053,0.0002025842666625,0.3245705604553223,0.3161991834640502,0.388868522644043,0.310768699645996,1.1144266843795776,,0.4640238285064697,60.403972315788266,77.38912274837494,85.18712551593781,81.20642700195313,83.94634327888488,52.923541569709776,5.681647086143494,,101.59085247516632,0.0020673220271134,0.0017294656898382,0.0015758110604925,0.0013207401408289,0.0013438863461485,0.0014930231860537,1.7113233884311154,,0.0018753585654362,0.0070559288255334,0.0051899781835803,0.0007481150605191,0.00075247459225,0.0007103791584707,0.0007485390935025,0.7218352035753951,,0.0064642758984679,0.9,0.96,0.96,0.98,0.96,0.96,0.96,,0.96
fifa,128,nn,shap,kernel,129.2459346294403,0.0002130508422851,0.2800052881240845,0.257374882698059,0.3475302219390869,0.322739315032959,1.1057146072387696,,0.456099247932434,2011.1909677505496,2107.961609363556,2312.8304213047027,2313.7747731924055,2310.0244905233385,2013.9946389436725,2331.872718381882,,2777.328272533417,0.0050884470291497,0.004364197513733,0.0027935406306212,0.0028959976224606,0.0024743815639445,0.0028898713520261,0.2438859520006678,,0.0047523335595721,0.0070559288255334,0.0051899781835803,0.0007481150605191,0.00075247459225,0.0007103791584707,0.0007485390935025,0.7218352035753951,,0.0064642758984679,0.8635302734375001,0.8836181640625,0.9211865234375,0.9180029296875,0.9289306640625,0.9192333984375,0.6597363281249999,,0.8665966796875001
fifa,128,nn,shapiq,kernel,133.76439940929413,0.0003209352493285,0.2913174390792846,0.3417194604873657,0.3527308464050293,0.3008419275283813,1.10780611038208,,0.4407522439956665,15346.12960882187,14463.908390760422,14535.905246424674,14548.5888174057,14505.57568719387,16435.03303153515,14590.9525690794,,14424.462728333474,0.0030825455077386,0.0031296112759188,0.0027954295949907,0.0027435583610878,0.0027610154902286,0.0027188792750543,0.0721294750738142,,0.0030713411888556,0.0070559288255334,0.0051899781835803,0.0007481150605191,0.00075247459225,0.0007103791584707,0.0007485390935025,0.7218352035753951,,0.0064642758984679,0.8306201171875001,0.8583544921875002,0.89814453125,0.8973974609375001,0.9087939453125,0.9019335937500002,0.6883203125,,0.8366845703125001
fifa,128,xgb,sage,permutation,134.21870448589326,0.0002828836441039,0.2821057558059692,0.2652628660202026,0.3495793104171752,0.2992190599441528,1.0844191551208495,,0.3477725028991699,145.85173404216766,150.7461799621582,157.30608978271485,158.9539495944977,160.21025042533876,155.16678321361542,8.899583172798156,,159.01156768798828,0.0018065722861972,0.0015321919815397,0.0012117146779915,0.0012506790757268,0.0011231902986889,0.0012697175095379,1.7653207310622323,,0.0014155109158828,0.0070559288255334,0.0051899781835803,0.0007481150605191,0.00075247459225,0.0007103791584707,0.0007579002418753,0.7218352035753951,,0.0064642758984679,0.94,0.8800000000000001,0.8400000000000001,0.8800000000000001,0.8400000000000001,0.8800000000000001,0.6,,0.8400000000000001
fifa,128,xgb,shap,kernel,128.6874184846878,0.0003371000289916,0.2902835607528686,0.2754490613937377,0.3626098155975342,0.2905530214309691,1.1034409523010251,,0.4132648229598999,4752.731800651551,4653.474683666229,4664.579331111908,4655.39779253006,4650.388979482651,4707.193904232979,4668.407833266258,,4787.320015311241,0.005658697911649,0.0048442005506515,0.0034955593871505,0.0036658264101431,0.0033145137866752,0.0034786508255275,0.2460156038963476,,0.0050270109413253,0.0070559288255334,0.0051899781835803,0.0007481150605191,0.00075247459225,0.0007103791584707,0.0007579002418753,0.7218352035753951,,0.0064642758984679,0.8226611328125001,0.8547021484375001,0.8737695312500001,0.877392578125,0.8724511718750001,0.8786816406250001,0.4896435546875,,0.8448242187500001
fifa,128,xgb,shapiq,kernel,128.18832292556763,0.0002758502960204,0.3064515352249145,0.2978667736053466,0.3791083574295043,0.2759587526321411,1.1159736156463622,,0.3814026594161987,22730.615844488144,21343.25675673485,22035.026569485664,22020.502656269073,21839.791344213485,21485.634142041206,22100.242150855065,,23861.317550635336,0.0027190745701986,0.0025581930690784,0.0023860918199948,0.0023709436880529,0.0023690236898302,0.0023811540176947,0.0465075091770589,,0.0025408944684811,0.0070559288255334,0.0051899781835803,0.0007481150605191,0.00075247459225,0.0007103791584707,0.0007579002418753,0.7218352035753951,,0.0064642758984679,0.723876953125,0.7726953125,0.8193212890625,0.8176025390625,0.8207226562500001,0.808447265625,0.0899414062499999,,0.780234375
fifa,256,nn,sage,permutation,147.12598745822908,0.0002640962600707,0.3386336803436279,0.2940674304962158,0.3897081613540649,0.3134361505508422,1.1215940237045288,,0.9046299695968628,124.27973229885102,168.68263165950776,169.39414010047912,169.11062395572662,171.11330764293672,114.4139193058014,11.655099630355837,,203.9110064268112,0.0019517478724923,0.001675378279004,0.0012736812746141,0.0016235886111304,0.0012814957781159,0.001466203991687,1.701840737521349,,0.0016852628429644,0.0045549077310206,0.0022567121516592,0.0004038648011148,0.0003907464427272,0.0003830663711241,0.0004069513168743,0.7244339212888399,,0.0055500339232825,0.9,0.98,0.94,0.96,0.96,1.0,0.94,,0.92
fifa,256,nn,shap,kernel,141.1050492286682,0.0002272605895995,0.2793851375579834,0.2601087570190429,0.3558624982833862,0.3174816608428955,1.1036547899246216,,0.8779467821121216,3903.040826630592,4127.621338915825,4497.569608449936,4468.173223805427,4450.4438929796215,3876.3755345821382,4515.596069359779,,5432.896482872963,0.0038571999195519,0.0033852500900954,0.0024854993018827,0.0024632223881018,0.0024159899866992,0.0025700828222467,0.2454363029182703,,0.0030850403601201,0.0045549077310206,0.0022567121516592,0.0004038648011148,0.0003907464427272,0.0003830663711241,0.0004069513168743,0.7244339212888399,,0.0055500339232825,0.8913232421874999,0.905986328125,0.93099609375,0.9330126953125,0.9331005859375,0.9291796875,0.66001953125,,0.914560546875
fifa,256,nn,shapiq,kernel,144.44443266391755,0.0003460645675658,0.3288803815841675,0.3406385898590087,0.3992828369140624,0.3168062925338745,1.1548415660858151,,0.848860788345337,29068.129884576796,27603.558936572073,27747.39743964672,27691.14306554794,27584.211631178856,31169.364196372033,27740.90169723034,,27616.74935953617,0.0028559083536306,0.0027850712855276,0.0026670664601673,0.0027017121332346,0.0026762011010982,0.0026590878235083,0.0725343982136952,,0.0029458014884997,0.0045549077310206,0.0022567121516592,0.0004038648011148,0.0003907464427272,0.0003830663711241,0.0004069513168743,0.7244339212888399,,0.0055500339232825,0.8610644531250001,0.8890527343750001,0.9135791015625,0.9147412109375,0.917548828125,0.9164111328125,0.688125,,0.8982958984375001
fifa,256,xgb,sage,permutation,143.97639422416688,0.0001941919326781,0.2829926967620849,0.2634440660476684,0.3536495447158813,0.2976709365844726,1.080534529685974,,0.7630123615264892,289.94905834198,299.5402975320816,296.7349893569946,310.0099286556244,310.1625031709671,303.7551249265671,18.0421062707901,,304.7919258832932,0.0015644361238756,0.0013252395122992,0.00124223428305,0.0013321868975985,0.0012375120159021,0.0012085322900551,1.78812232780574,,0.0012385789199922,0.0045549077310206,0.0022567121516592,0.0004038648011148,0.0003907464427272,0.0003830663711241,0.0003958698439904,0.7244339212888399,,0.0055500339232825,0.9,0.86,0.8400000000000001,0.8800000000000001,0.8200000000000001,0.8400000000000001,0.6,,0.86
fifa,256,xgb,shap,kernel,139.398628115654,0.0002387046813964,0.3048337697982788,0.2737211227416992,0.3709707021713256,0.2872557878494263,1.111596655845642,,0.8996337652206421,9340.473270082472,9091.625532627106,9160.288614463809,9123.055318236353,9126.569687461852,9226.775213861463,9113.841098570823,,9325.706544470788,0.0046146358669998,0.0033433143227191,0.0029739964937671,0.0028679740051074,0.002886080989103,0.0028331107720436,0.2475338776857301,,0.0036072056422785,0.0045549077310206,0.0022567121516592,0.0004038648011148,0.0003907464427272,0.0003830663711241,0.0003958698439904,0.7244339212888399,,0.0055500339232825,0.8556542968750002,0.8844970703125,0.9023583984375,0.898896484375,0.9010595703125,0.9002978515625001,0.4891015625,,0.8746777343750001
fifa,256,xgb,shapiq,kernel,138.23806755542756,0.0003013610839843,0.2910598278045654,0.2890661716461181,0.3847992658615112,0.3167977094650268,1.1075851917266846,,0.8470059871673584,43824.9617759943,41386.04418025017,42625.643846917155,42474.15546565056,42351.764482045175,41530.06715517044,42844.97281186581,,46272.70108516216,0.002415180742884,0.0022555722085409,0.0021822415232301,0.0021766749243998,0.0021802116312548,0.0021759638739214,0.0467682739629925,,0.0023397956463012,0.0045549077310206,0.0022567121516592,0.0004038648011148,0.0003907464427272,0.0003830663711241,0.0003958698439904,0.7244339212888399,,0.0055500339232825,0.7798974609375,0.8327441406250001,0.8491015625000001,0.8509716796875001,0.8445654296875,0.8570556640625,0.0900390624999999,,0.813525390625
first-order-theorem-proving,8,nn,expected_gradients,na,83.69425837993622,0.0001993179321288,0.0150457859039306,0.0139761447906493,0.021618628501892,0.0174416065216063,0.1122022628784179,,0.051177430152893,47.14456057548523,91.0718329191208,75.30436384677887,74.37329549789429,75.18296749591828,47.56015646457672,73.41623730659485,,47.43957939147949,0.0697104420512914,0.0629355065524577,0.0341876484453678,0.0350539088249206,0.0350874960422515,0.0341876484453678,0.2116748243570327,,0.0608549788594245,0.0899851569155482,0.0775060619592642,0.0262275378944948,0.0239584321458509,0.0218572936723667,0.0262275378944948,1.3604123826414738,,0.115583265644624,0.6614784946236558,0.6713037634408602,0.83252688172043,0.8286290322580644,0.8385752688172042,0.83252688172043,0.2846774193548387,,0.6802419354838708
first-order-theorem-proving,13,nn,expected_gradients,na,,,,,,,,0.0021950960159301,,,,,,,,,68.56168262958526,,,,,,,,,0.036703654937446,,,,,,,,,0.0269243609969383,,,,,,,,,0.8214381720430108,
first-order-theorem-proving,16,nn,expected_gradients,na,90.87629470825196,0.0002067565917968,0.015199589729309,0.0157710790634154,0.017112374305725,0.0151827812194823,0.1043572664260863,,0.0637031316757201,77.64729325771332,119.63992965221404,101.76319992542268,101.53080418109894,100.31624813079834,84.24824757575989,99.74011375904084,,78.9380871295929,0.0469528276473283,0.0434204272925853,0.0282961074262857,0.0219696816056966,0.0244527142494916,0.0282961074262857,0.2116748243570327,,0.0480429083108902,0.0431614266118772,0.0425450138014932,0.0107800714074831,0.0102080155626171,0.010530571939161,0.0107800714074831,1.360412382641474,,0.082026832900987,0.742029569892473,0.7618548387096774,0.8741935483870968,0.9020161290322584,0.8936827956989248,0.8741935483870968,0.2846774193548387,,0.7348118279569893
first-order-theorem-proving,26,nn,expected_gradients,na,,,,,,,,0.0027649641036986,,,,,,,,,118.90464153289795,,,,,,,,,0.0291298236697911,,,,,,,,,0.0137405413954702,,,,,,,,,0.853481182795699,
first-order-theorem-proving,32,nn,expected_gradients,na,81.7054292678833,0.0002223253250121,0.0169637441635131,0.0135172843933105,0.0182241201400756,0.0155071735382079,0.1047278404235839,,0.0895189762115477,134.81564853191375,186.84155287742615,161.44016282558442,163.83221864700317,162.26278936862946,136.4899441719055,162.47307088375092,,135.51780693531038,0.0384100694209336,0.0343296686187386,0.0164441629312932,0.0170152453705667,0.0164708020165561,0.0168472513556479,0.2116748243570327,,0.0409537814557552,0.0233434626611002,0.020089622815361,0.0047514290611955,0.0050639487273882,0.0045191352444559,0.0045346348885926,1.3604123826414738,,0.0624659592250165,0.7847715053763441,0.8052016129032259,0.9183333333333332,0.9137365591397848,0.9235483870967742,0.9234274193548389,0.2846774193548387,,0.7908602150537632
first-order-theorem-proving,52,nn,expected_gradients,na,,,,,,,,0.0023541927337645,,,,,,,,,216.93944251537323,,,,,,,,,0.0253011031076311,,,,,,,,,0.0093815307941672,,,,,,,,,0.8562365591397849,
first-order-theorem-proving,64,nn,expected_gradients,na,88.91869401931763,0.0002172946929931,0.0197582006454467,0.0148284435272216,0.0171175718307494,0.0165302991867065,0.10771005153656,,0.1356291770935058,215.12739672660828,270.17597563266753,249.5611840248108,251.2599284410477,250.89541256427765,220.16209571361543,250.98660140037535,,217.7596590042114,0.0262417539954184,0.0268634447827934,0.0132178484462201,0.0124623470008372,0.0126682401634752,0.0130935318768024,0.2116748243570327,,0.0347588993608951,0.0151245832915733,0.0111650327635095,0.0022070457069904,0.0023358998289132,0.0024407572139542,0.0022306666822185,1.3604123826414736,,0.0429451176783099,0.8470430107526882,0.8462768817204301,0.93752688172043,0.9439381720430108,0.9418279569892472,0.9387903225806452,0.2846774193548387,,0.819489247311828
first-order-theorem-proving,104,nn,expected_gradients,na,,,,,,,,0.0028848886489867,,,,,,,,,330.50270195007323,,,,,,,,,0.0214276164770125,,,,,,,,,0.0071631978889446,,,,,,,,,0.8729301075268818,
first-order-theorem-proving,128,nn,expected_gradients,na,83.5444120645523,0.0002345323562621,0.0153609514236449,0.0140383958816527,0.017859125137329,0.0164770364761352,0.1050307512283324,,0.2824781656265258,392.2989926338196,469.9478028535843,447.23609354496,447.2757506370544,448.03709945678713,405.6725081682206,446.6643431901931,,398.9529972553254,0.0201364561915397,0.0160042375326156,0.009696268942207,0.0090539237484335,0.0090398518368601,0.0094701768830418,0.2116748243570327,,0.0304553098976612,0.0088255680037552,0.0043075192631375,0.0012988992311276,0.0013089207576767,0.0012999764309346,0.0012950214179088,1.3604123826414736,,0.0256442473081798,0.8789650537634408,0.9080645161290322,0.9508198924731184,0.9576881720430108,0.9543817204301076,0.9556048387096776,0.2846774193548387,,0.834005376344086
fps_benchmark,16,nn,expected_gradients,na,236.4979617357254,0.0004413127899169,0.3120399475097656,0.3031411170959472,0.3954264640808105,0.3300126791000366,1.0677787780761718,,0.107530927658081,261.7738834381104,586.596657371521,474.301917552948,483.9961596012115,488.2867046833038,263.6165578842163,477.5834762573242,,448.90904433727263,0.019933555740863,0.0207743626087903,0.0069531728513537,0.0059963501989841,0.0073668542318046,0.0064830621704459,0.0675269290804863,,0.0511308498680591,0.0467607701760597,0.0598595700536844,0.015155102747853,0.0160845862923778,0.0155057403630539,0.014541332875703,0.5404634976815339,,0.6490095031307257,0.8429931640625,0.8272363281250001,0.94375,0.951708984375,0.935693359375,0.94541015625,0.6482910156249999,,0.59736328125
fps_benchmark,32,nn,expected_gradients,na,272.0525811910629,0.0003624439239501,0.3066223621368408,0.2899629116058349,0.3948067188262939,0.3278834342956543,1.0808256149291993,,0.1706327438354491,427.46453790664674,904.7427845954896,785.9504339694977,796.02164144516,808.3480821609497,445.0585407495499,789.5148859500885,,785.1947652578353,0.0159711905755102,0.0126833761110901,0.0042409393936395,0.0041018506512045,0.0033916204702109,0.00374740594998,0.0475273318588733,,0.0516490340232849,0.0294219815186621,0.0204461964557088,0.0055275509492507,0.0055109482435138,0.0050612657235672,0.0047713273545202,0.4131077505569568,,0.6339826174114344,0.8606152343750001,0.8882031250000001,0.9724609375,0.96154296875,0.9751953125,0.97587890625,0.7638183593750001,,0.58837890625
fps_benchmark,64,nn,expected_gradients,na,264.77700505256655,0.0004016399383544,0.3110669136047362,0.3039637088775634,0.4089786052703857,0.3452087879180908,1.0671535015106202,,0.3043330430984496,673.0538038730622,1227.843420600891,1118.8609692573548,1129.4473504543305,1143.7687865257262,689.1034563064575,1131.5283929347993,,1141.302097916603,0.0112348138820379,0.0097768635489046,0.0024659952614456,0.0026699098292737,0.0024776110425591,0.0025216554291545,0.0500222876667976,,0.0502097494900225,0.0129591831264271,0.0107949299085161,0.0020851578079974,0.001971669876027,0.001965576326514,0.0020722204903492,0.5046960260735054,,0.6169890770364135,0.9077587890625,0.92208984375,0.978212890625,0.97439453125,0.976298828125,0.97626953125,0.63892578125,,0.5912109375
fps_benchmark,128,nn,expected_gradients,na,241.7126945257187,0.0003740787506102,0.3273632526397704,0.3025548934936523,0.4072120189666748,0.3527873277664184,1.0671351432800291,,0.5909419059753418,1222.908567023277,1924.543451452255,1786.367558860779,1781.692797756195,1827.1275285720824,1259.1315851449967,1799.4132940769196,,1827.525999903679,0.0074277935549616,0.0049516963772475,0.0016317176166921,0.001826674491167,0.001761887455359,0.001685810368508,0.0491906158626079,,0.0504005625844001,0.0068018762168688,0.0053423889904678,0.0008732480559191,0.0008121286950216,0.0007280645096027,0.0008499021093391,0.507767927940942,,0.5941303171219903,0.9332568359375,0.953603515625,0.98513671875,0.984091796875,0.98513671875,0.9854541015625,0.6562695312500001,,0.59384765625
fps_benchmark,256,nn,expected_gradients,na,277.12638092041016,0.0004291057586669,0.3158567428588866,0.2967171192169189,0.4098183631896973,0.3286577463150024,1.0693829536437989,,1.228270268440247,1930.554035401344,2675.789840602875,2505.654131269455,2485.093647909164,2555.9509674072265,1972.2576894044876,2509.0111543655394,,2559.5021525382995,0.0051815597573294,0.0044750964269041,0.0014222779078408,0.0014166203560307,0.0014983298489823,0.0014713219599797,0.0496602803468704,,0.049887578934431,0.0035188236950106,0.0030809893047807,0.000413708355376,0.0004012825433765,0.0003806116037013,0.0004353466027293,0.5385051506867574,,0.5732297192779595,0.953310546875,0.959794921875,0.987509765625,0.988134765625,0.98689453125,0.9880615234375,0.5753417968750001,,0.594140625
grid_stability,8,nn,sage,permutation,11.989730048179627,0.0006204366683959,0.0117945671081542,0.0089800119400023,0.0126301527023314,0.0107243299484252,0.0341215848922729,,0.0072707414627074,0.7578791618347168,0.4166393280029297,0.9547226667404176,0.5337161540985107,0.5097829818725585,0.8892289638519287,0.672266173362732,,0.6792572736740112,0.0373704436974424,0.0161552960489065,0.0031134412071551,0.0020490428427173,0.0023718090999358,0.0070986006774047,0.0134950666219524,,0.0558356842522229,0.1061754464851279,0.1023830757323017,0.0537235030676738,0.0544893494688035,0.0544893494688035,0.0564581326319173,0.5366997949166917,,0.1179792899363612,0.86,0.8400000000000001,1.0,1.0,1.0,0.8200000000000001,0.8,,1.0
grid_stability,8,nn,shap,kernel,11.763982391357422,0.0002209186553954,0.0183897256851195,0.010976481437683,0.0175163269042968,0.0108596563339232,0.0518791675567626,,0.0090071916580199,132.46756372451782,150.46865158081056,148.91482982635495,148.70173840522767,147.6193075656891,150.8947028875351,146.80642659664153,,132.46932518482208,0.0754420916180109,0.0691542711526359,0.029824746528965,0.0278761268079128,0.0278762435489079,0.040613023185598,0.1446125053787848,,0.0903709447348083,0.1061754464851279,0.1023830757323017,0.0537235030676738,0.0544893494688035,0.0544893494688035,0.0564581326319173,0.5366997949166917,,0.1179792899363612,0.8196559999999999,0.8281279999999999,0.914192,0.91564,0.915432,0.8789279999999999,0.6716799999999999,,0.7736559999999999
grid_stability,8,nn,shapiq,kernel,11.739220023155212,0.0002311706542968,0.0115208387374877,0.013111901283264,0.0193621397018432,0.0115717887878417,0.0426900148391723,,0.0101021051406859,554.3490749835968,598.6568742752075,604.8457100868225,605.2043891429901,604.8256831169128,630.0623540878296,605.1466359138489,,569.7989424467087,0.0191077856872464,0.0196375107058121,0.0128457160945281,0.0138673569796475,0.0138673569796475,0.0139074805706315,0.0447638586365445,,0.0175418500558778,0.1061754464851279,0.1023830757323017,0.0537235030676738,0.0544893494688035,0.0544893494688035,0.0564581326319173,0.5366997949166917,,0.1179792899363612,0.59964,0.610928,0.7139999999999999,0.6908799999999999,0.6908799999999999,0.6811999999999999,0.4288,,0.59936
grid_stability,8,xgb,sage,permutation,11.935859513282775,0.0001782894134521,0.0103897809982299,0.0097456693649291,0.0129457235336303,0.0133491754531859,0.034777545928955,,0.0135900735855102,1.2054681539535523,1.2793551445007325,1.7634784936904908,1.6085383892059326,1.5223738193511962,1.65373694896698,2.049716114997864,,0.9808700561523438,0.0342324492969791,0.0141576607844191,0.002757389121187,0.0017527372663056,0.0019273748559619,0.003617143765988,0.0165518321967058,,0.0562333596065041,0.1061754464851279,0.1023830757323017,0.0537235030676738,0.0544893494688035,0.0544893494688035,0.0527970283282363,0.5366997949166917,,0.1179792899363612,0.8400000000000001,0.86,1.0,1.0,1.0,1.0,0.8,,1.0
grid_stability,8,xgb,shap,kernel,12.692781114578247,0.0002858877182006,0.0145245075225829,0.0127590179443358,0.0198721647262572,0.0120604753494262,0.0407978773117065,,0.0102776050567626,288.29349472522733,260.12418615818024,265.07027831077573,268.8109619379044,265.9999560832977,309.8492547750473,266.8452337265015,,285.3437793970108,0.0668724205672905,0.0658979051552255,0.0320654326503327,0.0288533496898986,0.0288493408432583,0.0368364169631975,0.1295262103567689,,0.0807879385052715,0.1061754464851279,0.1023830757323017,0.0537235030676738,0.0544893494688035,0.0544893494688035,0.0527970283282363,0.5366997949166917,,0.1179792899363612,0.8250319999999999,0.8283759999999999,0.900928,0.904032,0.903976,0.891904,0.7171759999999999,,0.7836079999999999
grid_stability,8,xgb,shapiq,kernel,11.647899746894836,0.0002190589904784,0.0188400983810424,0.0136641740798949,0.0200164794921874,0.0153886079788207,0.0462495565414428,,0.0316898584365844,858.1367263793945,931.004309296608,957.225887131691,955.3611835479736,955.934929060936,969.8285875082016,956.8365181207656,,905.1798765897752,0.0152333332751234,0.0167937069626144,0.0116505361360903,0.0120761329115052,0.0120761329115052,0.0124121131550678,0.0366026542614582,,0.0153209487082268,0.1061754464851279,0.1023830757323017,0.0537235030676738,0.0544893494688035,0.0544893494688035,0.0527970283282363,0.5366997949166917,,0.1179792899363612,0.604448,0.5951839999999999,0.7118399999999999,0.6960799999999999,0.6960799999999999,0.6903999999999999,0.41904,,0.55952
grid_stability,16,nn,sage,permutation,12.045398139953614,0.0001842975616454,0.0098582506179809,0.0088889837265014,0.0128404140472411,0.010502791404724,0.0343142509460448,,0.0136304378509521,0.6473288297653198,0.9915977239608764,0.845170545578003,0.8345803022384644,0.8268109798431397,0.8487932205200195,1.498654055595398,,0.450299334526062,0.0099988561349031,0.0094000311501015,0.002234694715408,0.0024548400688033,0.0026346760479115,0.0023279792419623,0.0121912837104785,,0.0456093958367307,0.0516783064223995,0.0540243838088831,0.0236844773479039,0.0261041084438969,0.0259355493398332,0.0249129570827999,0.5105369936938629,,0.0763495692059003,0.9,0.9,0.98,1.0,1.0,1.0,0.78,,1.0
grid_stability,16,nn,shap,kernel,11.768058705329896,0.0014987230300902,0.0105080127716064,0.0092525959014892,0.0151104688644408,0.0105403661727904,0.0355362892150878,,0.0170372247695922,201.4072142601013,206.5102987527847,207.63470933437347,209.58291091918943,207.3946663618088,223.6194123029709,207.0654339075089,,193.75738785266876,0.0492223185945047,0.0545666005623316,0.0179996636834916,0.0301479945670192,0.0193515444431081,0.0133706829677841,0.1328941214514309,,0.0787588629972499,0.0516783064223995,0.0540243838088831,0.0236844773479039,0.0261041084438969,0.0259355493398332,0.0249129570827999,0.5105369936938629,,0.0763495692059003,0.864024,0.853664,0.947504,0.908728,0.941448,0.960024,0.695448,,0.8015039999999999
grid_stability,16,nn,shapiq,kernel,11.791376876831055,0.0002080678939818,0.0110427856445312,0.0099014043807982,0.0140929698944091,0.0109125137329101,0.0388439178466796,,0.0289837837219237,1029.4899718284607,1097.449591588974,1124.5954821109772,1128.1136721372604,1125.9724744081498,1170.7630581140518,1127.0502997636795,,1064.0403232336043,0.0134444068888837,0.0138929505254152,0.0078543565301063,0.0102199440751588,0.0094256978281084,0.0088728913602545,0.0442560395706441,,0.0158117885671782,0.0516783064223995,0.0540243838088831,0.0236844773479039,0.0261041084438969,0.0259355493398332,0.0249129570827999,0.5105369936938629,,0.0763495692059003,0.6854959999999999,0.690336,0.81824,0.7611199999999999,0.7743199999999999,0.79664,0.43944,,0.61928
grid_stability,16,xgb,sage,permutation,11.803712821006776,0.0001705169677733,0.0093904972076415,0.0085895061492919,0.0129794120788573,0.010953140258789,0.0340175390243529,,0.0338165044784545,2.3119792222976683,2.337780404090881,2.15383927822113,2.107392740249634,1.963257122039795,2.0906322479248045,3.739851880073547,,1.327603554725647,0.0074115345476162,0.0091689838310897,0.0022767051854147,0.0025115684034511,0.0026370702516104,0.001960151242379,0.0147906928367066,,0.0398338650364549,0.0516783064223995,0.0540243838088831,0.0236844773479039,0.0261041084438969,0.0259355493398332,0.0254044365538754,0.5105369936938629,,0.0763495692059003,0.94,0.9,1.0,1.0,1.0,1.0,0.64,,1.0
grid_stability,16,xgb,shap,kernel,12.56223530769348,0.0001881599426268,0.0092727184295653,0.0086129903793334,0.0135362148284911,0.0111746549606322,0.0341078758239745,,0.016038966178894,473.7438531398774,426.32853236198423,434.2127599000931,437.7024659633637,434.91633620262144,507.6656359672546,437.2038853168487,,465.9410931587219,0.0433276450624547,0.050868218784443,0.0206120723007017,0.0292023111103996,0.0198737795801278,0.0167941952663485,0.1217393314894975,,0.0663527800942086,0.0516783064223995,0.0540243838088831,0.0236844773479039,0.0261041084438969,0.0259355493398332,0.0254044365538754,0.5105369936938629,,0.0763495692059003,0.8686639999999999,0.854552,0.934224,0.909736,0.937552,0.94224,0.7308079999999999,,0.8177439999999999
grid_stability,16,xgb,shapiq,kernel,11.868621659278867,0.0002334594726562,0.0120784044265746,0.0118132591247558,0.0164930820465087,0.0113541364669799,0.0387742280960082,,0.0166692972183227,1619.1617877244948,1779.0052951097489,1818.7301883220673,1800.350932502747,1808.0531090974807,1830.9054211854937,1816.167001914978,,1712.609722852707,0.0111112286211201,0.0117904776635643,0.0083254150963477,0.0096005054574288,0.0087719621872072,0.0089798923292012,0.0363322792744305,,0.0121894217340618,0.0516783064223995,0.0540243838088831,0.0236844773479039,0.0261041084438969,0.0259355493398332,0.0254044365538754,0.5105369936938629,,0.0763495692059003,0.6945359999999999,0.6806159999999999,0.7737599999999999,0.7296,0.7619999999999999,0.7579199999999999,0.4244800000000001,,0.6184799999999999
grid_stability,32,nn,sage,permutation,12.164773344993591,0.0001872062683105,0.0108712434768676,0.0099685907363891,0.0127750396728515,0.0114359855651855,0.0394175767898559,,0.0289944410324096,1.0289695739746094,2.205576038360596,1.973774003982544,1.9741875886917115,2.0578927993774414,1.7805331468582153,2.3594845294952393,,1.4901393413543702,0.008305285017324,0.0076728512669689,0.0025921804662334,0.0023628689818393,0.0025117107222983,0.0022993357055116,0.0356287755882445,,0.0270707534805219,0.0266809002007032,0.0274424159318616,0.0102759862324673,0.0105075942186406,0.0100335793558234,0.0103011096576892,0.5031753363435434,,0.0545896281792084,0.92,0.94,1.0,1.0,1.0,1.0,0.9,,0.96
grid_stability,32,nn,shap,kernel,11.758427095413207,0.0002310514450073,0.0116210937499999,0.0100915193557738,0.0129744768142699,0.010659885406494,0.0380729675292968,,0.0321341514587401,360.1302560806274,366.37309374809263,353.37361776828766,358.71467366218565,359.44192733764646,393.4878859043121,353.4160615205765,,327.6152048587799,0.041057976061168,0.0388092636672839,0.0136236186150518,0.0135633519910129,0.013593882309626,0.0131559958256269,0.1244378142872192,,0.0621774299227641,0.0266809002007032,0.0274424159318616,0.0102759862324673,0.0105075942186406,0.0100335793558234,0.0103011096576892,0.5031753363435434,,0.0545896281792084,0.8882159999999999,0.891864,0.958664,0.95732,0.95744,0.958408,0.716496,,0.8362399999999999
grid_stability,32,nn,shapiq,kernel,11.715948390960694,0.0002546310424804,0.0116195440292357,0.0102244377136229,0.0188534975051879,0.0112960338592528,0.0393459796905517,,0.0312499046325683,1977.63943669796,2116.757119488716,2164.420713853836,2164.785013628006,2167.7018447637556,2250.1458186388018,2169.2734202861784,,2057.557937955856,0.0100351252600847,0.0099847966196159,0.0059730082774432,0.0057146916054271,0.0055646583654757,0.0057687821779501,0.044909236979372,,0.0113908105682634,0.0266809002007032,0.0274424159318616,0.0102759862324673,0.0105075942186406,0.0100335793558234,0.0103011096576892,0.5031753363435434,,0.0545896281792084,0.754584,0.751168,0.8579759999999998,0.8652479999999999,0.8668319999999999,0.8605919999999999,0.43436,,0.6943199999999999
grid_stability,32,xgb,sage,permutation,11.82371425628662,0.0001773357391356,0.0098236560821532,0.0093376398086547,0.0125654697418212,0.0110855102539062,0.0339242935180663,,0.0409775018692016,3.7995375394821167,3.8761401653289793,3.719199490547181,3.5660648107528687,4.095739722251892,3.6323158502578736,4.455572342872619,,3.59376323223114,0.0068082785551796,0.0080935803667168,0.0021636454960102,0.0025034179868444,0.0023114117401263,0.0020605023333914,0.0280095948384057,,0.0216877381425475,0.0266809002007032,0.0274424159318616,0.0102759862324673,0.0105075942186406,0.0100335793558234,0.0107591995284357,0.5031753363435434,,0.0545896281792084,0.96,0.94,1.0,1.0,1.0,1.0,0.9,,1.0
grid_stability,32,xgb,shap,kernel,12.467940592765808,0.0002741098403929,0.0113111734390258,0.0091087102890014,0.0151068210601806,0.0120021820068359,0.0338549852371215,,0.0305789947509765,843.121286725998,759.343057513237,772.0519403934479,776.4603065252304,775.5217514276504,900.628498005867,775.832861828804,,827.2371695280075,0.035240654740556,0.0364962431319398,0.0132844559980614,0.014213671690567,0.013464402693021,0.0147411407963557,0.1145054063093408,,0.0535833268747318,0.0266809002007032,0.0274424159318616,0.0102759862324673,0.0105075942186406,0.0100335793558234,0.0107591995284357,0.5031753363435434,,0.0545896281792084,0.8926959999999999,0.890864,0.95792,0.952424,0.953376,0.950584,0.7401519999999999,,0.848536
grid_stability,32,xgb,shapiq,kernel,11.665262818336489,0.0002480030059813,0.0141364574432372,0.0220006465911864,0.0162779569625853,0.019180941581726,0.0491203546524047,,0.0389393091201781,3156.6779421806336,3459.679241847992,3524.3058499574663,3501.4809101581573,3515.899325919151,3559.884962463379,3528.5561418771745,,3336.2223629713058,0.0082151359202625,0.0084779420978055,0.0059185212219981,0.0059099461775981,0.0056491810893734,0.0058021532488538,0.0380838639297455,,0.0094623697308397,0.0266809002007032,0.0274424159318616,0.0102759862324673,0.0105075942186406,0.0100335793558234,0.0107591995284357,0.5031753363435434,,0.0545896281792084,0.7559359999999999,0.7484079999999999,0.8288800000000001,0.8303519999999999,0.8352559999999999,0.8351199999999999,0.4266000000000001,,0.6835199999999999
grid_stability,64,nn,sage,permutation,12.050787210464478,0.0001826524734496,0.0121187686920165,0.0090486526489257,0.0136580705642699,0.0108804702758788,0.034229826927185,,0.0558590650558471,2.1220010042190554,4.066833925247193,4.048812937736511,4.050474381446838,4.01516284942627,3.4790608167648314,7.072268986701966,,3.1576977491378786,0.0034810440231544,0.0029966562497291,0.0021430270583969,0.0021825995045822,0.0021100733766622,0.0018599163374814,0.0120288224644164,,0.013546924283364,0.0137582635073732,0.0117438801318314,0.0045519057591471,0.0045980708024862,0.0042754710875174,0.0045464116792406,0.5156149377492103,,0.0295168679194897,0.98,1.0,1.0,1.0,1.0,1.0,0.78,,1.0
grid_stability,64,nn,shap,kernel,11.752550888061524,0.0002505064010619,0.0108893156051635,0.0106879711151122,0.0147523164749145,0.0105899333953857,0.0353513956069945,,0.0634125232696532,728.478635764122,702.5061441183091,708.4094708681107,719.6607121944428,714.5375362634659,801.634795498848,718.6089917182923,,677.4647333860397,0.0280485940567851,0.0233347473190402,0.0092781331906059,0.0088535944884632,0.0087375030586351,0.0090703317932698,0.1353956026051064,,0.0462163653529557,0.0137582635073732,0.0117438801318314,0.0045519057591471,0.0045980708024862,0.0042754710875174,0.0045464116792406,0.5156149377492103,,0.0295168679194897,0.92328,0.932528,0.970888,0.973136,0.972824,0.971728,0.689792,,0.8771999999999999
grid_stability,64,nn,shapiq,kernel,11.696890306472778,0.000249171257019,0.0126133441925048,0.0111028909683227,0.0148526906967162,0.0109025478363036,0.0511385440826415,,0.074835705757141,3866.735497665405,4084.9373565196993,4211.790052652359,4227.006130933762,4229.684832644462,4361.680590963364,4226.4440824508665,,4007.703748750687,0.0070241388953747,0.0064335844432659,0.0036859929317264,0.0038013991590594,0.0037593647766614,0.0035888907617037,0.044342583172008,,0.0087752434096358,0.0137582635073732,0.0117438801318314,0.0045519057591471,0.0045980708024862,0.0042754710875174,0.0045464116792406,0.5156149377492103,,0.0295168679194897,0.826192,0.839888,0.908656,0.905352,0.906728,0.9144,0.4382399999999998,,0.76128
grid_stability,64,xgb,sage,permutation,11.878493738174438,0.0001738071441649,0.0110166072845458,0.0087053298950194,0.0134505987167357,0.0111613750457763,0.0339714527130126,,0.1083982229232787,6.596593809127808,6.854024124145508,6.89312732219696,6.724443697929383,7.019566869735717,6.608617639541626,13.219853162765505,,6.851354455947876,0.0034113206299738,0.0025876556420485,0.001819014395055,0.0019272617051678,0.0019452408790025,0.0017483951742392,0.0150150946950117,,0.0132472537872807,0.0137582635073732,0.0117438801318314,0.0045519057591471,0.0045980708024862,0.0042754710875174,0.0046381584842207,0.5156149377492103,,0.0295168679194897,0.98,1.0,1.0,1.0,1.0,1.0,0.74,,1.0
grid_stability,64,xgb,shap,kernel,12.352154660224915,0.0002989292144774,0.0100839376449584,0.0097283124923705,0.0132903814315795,0.0147121667861938,0.0340170145034789,,0.06248140335083,1553.037052345276,1427.0013087511063,1458.0993802785874,1459.2159675121306,1446.8352494955063,1693.5336743354796,1451.7725291728973,,1552.4102276563644,0.0239542009819783,0.0209489529242174,0.0091044991689663,0.0092460071620146,0.0092834898220745,0.0088078834991741,0.1232765398315528,,0.0414305260539632,0.0137582635073732,0.0117438801318314,0.0045519057591471,0.0045980708024862,0.0042754710875174,0.0046381584842207,0.5156149377492103,,0.0295168679194897,0.926456,0.935096,0.970232,0.970288,0.969896,0.970528,0.7268079999999999,,0.880952
grid_stability,64,xgb,shapiq,kernel,11.806199407577514,0.0002828359603881,0.0191268920898437,0.0120167016983031,0.0194958448410033,0.0293383598327636,0.0551020860671996,,0.068673014640808,6235.427151584625,6808.2092585802075,6960.84477186203,6917.201840972901,6928.915616083145,7081.423997855187,6956.550157237053,,6576.926555275917,0.0058389256779547,0.0053553435114581,0.0038538931614307,0.0038861779929433,0.0039538967541087,0.0040547282740618,0.0363647820017293,,0.0073381525281737,0.0137582635073732,0.0117438801318314,0.0045519057591471,0.0045980708024862,0.0042754710875174,0.0046381584842207,0.5156149377492103,,0.0295168679194897,0.823376,0.8375199999999999,0.8857999999999999,0.8838239999999999,0.88096,0.878664,0.42256,,0.7641599999999998
grid_stability,128,nn,sage,permutation,12.003838682174685,0.0006446123123168,0.0110638380050658,0.0090529441833495,0.0141455888748168,0.0108390808105468,0.0353695154190063,,0.122812271118164,4.5245449304580685,8.163244581222534,8.220009326934814,8.168340277671813,8.30119092464447,7.60840790271759,14.734328961372375,,6.723195600509643,0.0032996556339427,0.0024998801246438,0.0023886306243862,0.0019714509817786,0.0022050327151642,0.0019866820242012,0.012198503568272,,0.0055222309106771,0.0072160854381395,0.0062781056016931,0.0022803009994577,0.0022366853109383,0.0020913505087904,0.0022707280162924,0.518519598839474,,0.0121122222828159,1.0,1.0,1.0,1.0,1.0,1.0,0.8,,1.0
grid_stability,128,nn,shap,kernel,11.786054563522338,0.0002461433410644,0.0142417430877684,0.0119785785675048,0.0142992973327636,0.0112084627151488,0.0408895730972289,,0.1274909973144531,1387.612138223648,1332.0531393527986,1329.290314817429,1314.732747888565,1325.2197329044343,1462.5548644542694,1323.5068624258042,,1269.523131132126,0.0219447568791034,0.0189206862968763,0.006120779698216,0.006218182380704,0.0062186310767128,0.0056405607698736,0.1367504841793731,,0.0294219289377285,0.0072160854381395,0.0062781056016931,0.0022803009994577,0.0022366853109383,0.0020913505087904,0.0022707280162924,0.518519598839474,,0.0121122222828159,0.939048,0.944192,0.981056,0.981208,0.980336,0.983128,0.6866319999999999,,0.920752
grid_stability,128,nn,shapiq,kernel,11.808039426803589,0.0003317832946776,0.0111189365386962,0.013624882698059,0.0188942670822143,0.0108797550201415,0.043795895576477,,0.1396459579467773,7574.452742552758,8119.321462750435,8342.728254675865,8364.132340788841,8358.935510158539,8616.187244725228,8356.458044171333,,7909.301174807549,0.0053432047574842,0.004773856877326,0.0026365497919054,0.0027170313631783,0.0025170080690315,0.0025388660408086,0.0443956994786512,,0.0056439406758783,0.0072160854381395,0.0062781056016931,0.0022803009994577,0.0022366853109383,0.0020913505087904,0.0022707280162924,0.518519598839474,,0.0121122222828159,0.8630559999999999,0.87296,0.933624,0.929664,0.937368,0.934928,0.43688,,0.84088
grid_stability,128,xgb,sage,permutation,11.816547083854676,0.0001749277114867,0.0096536874771117,0.0086565256118774,0.0128301382064819,0.0111437559127807,0.034774899482727,,0.1746833801269531,12.430199646949768,12.290778851509094,12.514666104316712,13.755501055717469,13.34862995147705,12.996307921409606,25.50793924331665,,13.902230024337769,0.003145530010232,0.0020061805329599,0.0021493355121692,0.0018453042916445,0.0019677938952825,0.0017614191010083,0.0153515632592332,,0.0056772862307035,0.0072160854381395,0.0062781056016931,0.0022803009994577,0.0022366853109383,0.0020913505087904,0.0022730021071946,0.518519598839474,,0.0121122222828159,1.0,1.0,1.0,1.0,1.0,1.0,0.8,,1.0
grid_stability,128,xgb,shap,kernel,12.275909662246704,0.0005001068115233,0.0115649461746215,0.0096131563186645,0.0164026975631713,0.0139297485351562,0.0384829521179198,,0.1207227945327758,3035.5474462985994,2758.3331182718275,2822.7774092912673,2807.948463630676,2783.5301455259323,3257.2522377490995,2819.915987992287,,3001.2394506692885,0.0185498576260552,0.0175772708641222,0.0064057040290995,0.0063141525831025,0.0062557277336081,0.0057392650715387,0.1241322681153132,,0.027174133905784,0.0072160854381395,0.0062781056016931,0.0022803009994577,0.0022366853109383,0.0020913505087904,0.0022730021071946,0.518519598839474,,0.0121122222828159,0.942064,0.944096,0.979312,0.979344,0.9796,0.981088,0.7253919999999999,,0.922848
grid_stability,128,xgb,shapiq,kernel,11.859224343299866,0.0003084421157836,0.0183825731277465,0.0194199085235595,0.017630124092102,0.035366916656494,0.0548329591751098,,0.149247670173645,12321.348653507232,13366.529701399802,13784.528619480134,13694.015004944802,13759.219041395188,14032.746560573578,13790.145386624336,,13033.913176631928,0.0043404768077494,0.0041271065366599,0.0028402368313434,0.0028376423822695,0.0027387579472482,0.0026898241287229,0.0363894424147658,,0.0049531696278095,0.0072160854381395,0.0062781056016931,0.0022803009994577,0.0022366853109383,0.0020913505087904,0.0022730021071946,0.518519598839474,,0.0121122222828159,0.860008,0.866104,0.912552,0.911296,0.917416,0.917048,0.4227200000000001,,0.8407199999999999
har,8,nn,expected_gradients,na,965.0008781194688,0.0059146881103515,0.0779095649719237,0.0764208316802978,0.0821698188781737,0.0853461980819701,1.038508987426758,,1.866005039215088,288.6755486011505,291.6409616947174,266.4847204685211,273.2573444366455,273.87617444992065,454.96045503616335,269.4719271659851,,269.31718120574953,0.0151791390031575,0.0130101975053548,0.0094977123662829,0.0076191904954612,0.0078509068116545,0.0094977123662829,0.0401495620608329,,0.0241654571145772,0.1067784311672357,0.098455420255649,0.0438274872481189,0.0425129539988741,0.0380433055769382,0.0438274872481189,0.6499309886528192,,0.2202987873183385,0.6891262135922329,0.7384077669902912,0.8055922330097086,0.8498640776699029,0.8226796116504854,0.8055922330097086,0.478368932038835,,0.608621359223301
har,16,nn,expected_gradients,na,966.5302572965622,0.0024768352508544,0.0797409057617186,0.076697540283203,0.0810161590576171,0.101716923713684,1.036018133163452,,2.2803520917892457,503.0508869409561,487.525237751007,462.9942977428436,468.5807675361633,470.54007534980775,808.6725033760071,465.3075119972229,,476.0326828479767,0.0105899969115852,0.0096004655584692,0.0051573200151324,0.0042363866232335,0.0047958185896277,0.0053346427157521,0.0401495620608329,,0.0237184949219226,0.0546267148947591,0.0473213267208793,0.0189927154708393,0.0189990030324768,0.0195329519210937,0.0192073893734943,0.6499309886528194,,0.2105581137359454,0.7542679611650485,0.76486213592233,0.8667495145631067,0.9044660194174756,0.879766990291262,0.8634563106796115,0.478368932038835,,0.6440388349514563
har,32,nn,expected_gradients,na,1240.1950357675553,0.003931427001953,0.0783584117889403,0.078016710281372,0.0821095943450927,0.1104434490203857,1.0317561626434326,,2.7641660928726197,942.4843011140824,884.7743614673615,865.4991079807281,865.7246831417084,869.2839026451111,1511.970845746994,862.618567609787,,889.9199069976806,0.0080623117741197,0.0055357232689856,0.0037718789651989,0.0038611086551099,0.0035396792925893,0.0038197494810446,0.0401495620608329,,0.0232762098312377,0.0290574966344867,0.0196034335731387,0.0093310567714048,0.0093572050791498,0.009210488663878,0.0091923320505123,0.6499309886528194,,0.2026508405622855,0.8069592233009708,0.8662213592233009,0.9137242718446602,0.9131650485436892,0.9115339805825242,0.9141902912621358,0.478368932038835,,0.6658640776699029
har,64,nn,expected_gradients,na,1251.30416264534,0.0003898620605468,0.0786741256713866,0.0762764453887938,0.080200433731079,0.0966208457946777,1.0381030559539794,,5.589595746994019,1422.0756150960922,1333.388506937027,1288.8125777244568,1300.3428383827209,1297.0956807613372,2267.0655420303347,1293.1439599514008,,1367.7762350797652,0.0054697471205144,0.0047904545441269,0.0027165865525602,0.0027529737446456,0.0027721312828361,0.0029305261792614,0.0401495657861232,,0.0231758672744035,0.0151155533671645,0.0102468186122586,0.0046608863170563,0.0046186628407291,0.0046876844925609,0.0046783408397443,0.6499309886528193,,0.1996668528534754,0.8554330097087378,0.8852504854368931,0.934990291262136,0.9383766990291262,0.9390912621359224,0.9348504854368932,0.478368932038835,,0.6796116504854369
har,128,nn,expected_gradients,na,1232.8178862571715,0.0003780841827392,0.0818745613098144,0.0785272598266601,0.0793477535247802,0.0815494060516357,1.0345842361450197,,10.62718141078949,2344.6146644353867,2191.09663233757,2125.4445690631865,2143.571268939972,2133.042304944992,3658.074488949775,2139.785929775238,,2249.713964390755,0.0039591537555679,0.0038262301124631,0.0024451130535452,0.0023970704060047,0.0024410297628491,0.0024836912285535,0.0401495620608329,,0.0228070672601461,0.0092639369565658,0.0050230356182498,0.0025539346320955,0.0025860274455443,0.0025988948404297,0.0025491226964725,0.6499309886528193,,0.1922279954122403,0.8885747572815534,0.9158834951456308,0.949095145631068,0.9476349514563106,0.9477126213592234,0.9474796116504856,0.478368932038835,,0.6946019417475727
health_insurance,16,nn,sage,permutation,20.36423945426941,0.0002170324325561,0.2942347764968872,0.2575346946716308,0.3302942991256714,0.273847484588623,0.4999655485153198,,0.0362577438354491,0.8093990087509155,0.541558313369751,1.638132548332214,0.5882150173187256,0.5725480079650879,0.8726896286010742,0.3341135740280151,,0.8499478816986084,0.004243187634622,0.0034404224471423,0.0012928578159667,0.0018228032042701,0.0014052603147029,0.0016528700459094,0.0843144142250715,,0.0110564946383219,0.0507826572650843,0.0472018892577261,0.0160108376443749,0.0157742276505009,0.0137863755683909,0.0154891786330143,1.1284686636379972,,0.0386952097810762,0.98,0.98,1.0,1.0,1.0,1.0,0.8,,1.0
health_insurance,16,nn,shap,kernel,20.438888597488404,0.0002131223678588,0.2919927597045898,0.2939974308013916,0.3714109897613525,0.2824181079864502,0.4931205987930298,,0.0286436796188353,365.89525735378265,209.95041513442993,174.1133178472519,333.9939054012299,171.23789649009706,141.2389663696289,27.696356320381163,,318.5773825645447,0.0249562901608025,0.0241886809921458,0.0057613818123398,0.0067153042859981,0.0048380275141156,0.0068151623659454,0.1515941081738516,,0.036872676025728,0.0507826572650843,0.0472018892577261,0.0160108376443749,0.0157742276505009,0.0137863755683909,0.0154891786330143,1.1284686636379972,,0.0386952097810762,0.8882373046875001,0.8685449218750001,0.960498046875,0.92353515625,0.9587890625,0.957763671875,0.520947265625,,0.9102050781250002
health_insurance,16,nn,shapiq,kernel,20.660167193412786,0.0002824544906615,0.2644545793533325,0.251298952102661,0.341689395904541,0.3001214027404785,0.4919194936752319,,0.0642088651657104,853.6406113147735,944.195184969902,960.7572612762452,956.1289001226426,955.3411989688872,1013.1625679731368,957.6070447206496,,886.3190705299378,0.0056749699397367,0.0054252978451472,0.0026807692005545,0.0029003697887675,0.0027007568904731,0.0026680051934848,0.0286670174845176,,0.0059784068970131,0.0507826572650843,0.0472018892577261,0.0160108376443749,0.0157742276505009,0.0137863755683909,0.0154891786330143,1.1284686636379972,,0.0386952097810762,0.7504296875,0.7506396484375,0.8898437500000002,0.8712890625,0.887158203125,0.88271484375,0.24833984375,,0.7431640625
health_insurance,16,xgb,sage,permutation,21.340767407417296,0.0001931905746459,0.2598433256149292,0.2459177255630492,0.3304189443588257,0.255842113494873,0.4760717391967773,,0.0275701761245726,1.391220498085022,1.1012051582336426,1.2923838376998902,1.1458656787872314,1.1652107954025268,1.283371925354004,0.5822797536849975,,1.4016366481781006,0.0099332819675576,0.0046703875212654,0.0025572870957985,0.0036499568041751,0.0028633140492278,0.0023119616131137,0.1515428875406982,,0.025704280829429,0.0507826572650843,0.0472018892577261,0.0160108376443749,0.0157742276505009,0.0137863755683909,0.0143724601010283,1.1284686636379972,,0.0386952097810762,0.86,0.92,0.92,0.86,0.8200000000000001,0.86,0.8,,1.0
health_insurance,16,xgb,shap,kernel,20.568159914016725,0.0002724170684813,0.2582988500595092,0.2415389537811278,0.3279349088668822,0.2629549264907836,0.4625299930572509,,0.030813431739807,649.2207535743713,432.2303915262222,358.2778187036514,649.5403482437134,355.0621649980545,661.6079946517945,62.55265889167786,,733.7694581508637,0.0458216208680336,0.031899434809647,0.0170329534429862,0.0187817008717431,0.0206049103033578,0.0202028852537451,0.2044251725113052,,0.0550047411209579,0.0507826572650843,0.0472018892577261,0.0160108376443749,0.0157742276505009,0.0137863755683909,0.0143724601010283,1.1284686636379972,,0.0386952097810762,0.7857714843750001,0.8653564453125002,0.896142578125,0.8882812500000001,0.8846191406250001,0.8871582031250002,0.51552734375,,0.8578125
health_insurance,16,xgb,shapiq,kernel,20.52161250114441,0.0001912593841552,0.2578218936920166,0.2466086626052856,0.3270055294036865,0.2762735128402709,0.4629510879516602,,0.0282238245010375,1326.060089278221,1336.2259833574294,1390.1184080839157,1388.9814981460572,1385.1743239879609,1330.5640657663346,1391.653793811798,,1505.6648194789886,0.0181709651980736,0.013282444167479,0.0097347072864811,0.0096364920294447,0.0099718778945708,0.0102498874443506,0.0719640809506506,,0.0165246134367429,0.0507826572650843,0.0472018892577261,0.0160108376443749,0.0157742276505009,0.0137863755683909,0.0143724601010283,1.1284686636379972,,0.0386952097810762,0.6055957031249999,0.6714550781249999,0.7596679687500001,0.7560546875,0.736083984375,0.739208984375,0.290576171875,,0.6070800781250001
health_insurance,32,nn,sage,permutation,20.45687277317047,0.0002158641815185,0.3059438705444335,0.2851166963577271,0.3796656608581542,0.2740894079208374,0.5082120418548584,,0.0597999811172485,0.7117733955383301,1.0993061065673828,1.2291523456573483,1.3273574590682984,1.226911544799805,0.5553457498550415,0.5847139120101928,,0.7203207969665527,0.0036581339699924,0.0036643104860718,0.0016168367315061,0.0017109539748719,0.0015472753876869,0.0017026392034714,0.0882239781671814,,0.0053721303290998,0.0264984875697255,0.0236586527556518,0.0058947261378418,0.0057031602156266,0.0059024403303982,0.0055826133284699,1.1284686636379972,,0.019602539404522,1.0,1.0,1.0,1.0,1.0,1.0,0.8,,1.0
health_insurance,32,nn,shap,kernel,20.633689713478088,0.0003082752227782,0.2950069427490234,0.2933719873428344,0.364077615737915,0.2780985593795776,0.5119606971740722,,0.0529209375381469,704.2117105245591,505.01823887825014,618.5448875427246,624.3481604576111,627.2941283464431,445.572044801712,42.47648997306824,,593.8754243135452,0.0193259632187742,0.0176437992511515,0.0063556837467059,0.0053041629351559,0.005423133092432,0.0037074732551907,0.1515941081738516,,0.0286248943469988,0.0264984875697255,0.0236586527556518,0.0058947261378418,0.0057031602156266,0.0059024403303982,0.0055826133284699,1.1284686636379972,,0.019602539404522,0.9049609375,0.92208984375,0.9646484375000002,0.97390625,0.9705078125,0.980419921875,0.520947265625,,0.9154785156250002
health_insurance,32,nn,shapiq,kernel,20.760011410713197,0.0002723217010497,0.2627692699432373,0.2468770265579223,0.3373618364334106,0.283505368232727,0.4870661973953247,,0.0488578796386718,1627.5362613677978,1811.099667620659,1835.793205833435,1831.1991316318513,1831.152047753334,1935.4007333278655,1832.59416911602,,1692.9560651779177,0.0042227186978014,0.0038045339753781,0.0021809202634682,0.0019906092586998,0.0018399690147416,0.0016651767173106,0.0286670174845176,,0.0044272069330822,0.0264984875697255,0.0236586527556518,0.0058947261378418,0.0057031602156266,0.0059024403303982,0.0055826133284699,1.1284686636379972,,0.019602539404522,0.7983398437500001,0.8222802734375001,0.89619140625,0.9120849609375,0.926806640625,0.9285156250000002,0.24833984375,,0.8155273437500001
health_insurance,32,xgb,sage,permutation,21.495270943641664,0.0001775979995727,0.2592677116394042,0.2477056264877319,0.326244044303894,0.2576239824295043,0.4760525226593017,,0.0532938718795776,2.1462564706802367,2.0181649208068846,1.9990105628967283,2.022308588027954,2.006626343727112,1.9484711408615112,1.0022780656814576,,2.048715662956238,0.0058376233121506,0.0052473492387856,0.0025739932477995,0.0021204953241341,0.0023451741819361,0.002374380090926,0.1562105198717771,,0.0099663309433924,0.0264984875697255,0.0236586527556518,0.0058947261378418,0.0057031602156266,0.0059024403303982,0.0053918618980089,1.1284686636379972,,0.019602539404522,0.94,0.86,0.8800000000000001,0.98,0.8200000000000001,0.94,0.8,,0.86
health_insurance,32,xgb,shap,kernel,20.818256044387816,0.0006336212158202,0.2542856454849243,0.2400589227676391,0.3190881252288818,0.2663556337356567,0.4621861219406128,,0.0540358543395995,1178.000106883049,970.125634241104,1192.1089891433717,1184.2744714021685,1182.5507315397265,1202.0592302799223,104.67805089950562,,1334.7838916301728,0.0364010733965752,0.0256255762987753,0.013528843253926,0.0118887760070958,0.0120368791360794,0.0106916383259567,0.2044251725113052,,0.0390234649024401,0.0264984875697255,0.0236586527556518,0.0058947261378418,0.0057031602156266,0.0059024403303982,0.0053918618980089,1.1284686636379972,,0.019602539404522,0.8120849609375,0.9011328125,0.93515625,0.931669921875,0.9282714843750002,0.928701171875,0.51552734375,,0.887646484375
health_insurance,32,xgb,shapiq,kernel,20.550819087028504,0.0002216100692748,0.2456399917602538,0.2362509012222289,0.3104717969894409,0.2559039115905762,0.4607394695281982,,0.0596640110015868,2564.53137345314,2588.220371365547,2681.7660199403763,2689.955698084831,2667.479753160477,2571.287173485756,2675.606762742996,,2947.945553827286,0.0149232662867442,0.0097961195440677,0.0075059233505921,0.0068271097248763,0.0074993096456084,0.0074647580844702,0.0719640809506506,,0.0121317724357357,0.0264984875697255,0.0236586527556518,0.0058947261378418,0.0057031602156266,0.0059024403303982,0.0053918618980089,1.1284686636379972,,0.019602539404522,0.6520361328125001,0.7414794921875,0.7955078125,0.8145996093750002,0.793603515625,0.7865332031250001,0.290576171875,,0.6873046875
health_insurance,64,nn,sage,permutation,20.538626146316528,0.0002059221267699,0.2744862794876098,0.2665440559387206,0.3547508001327514,0.2759848833084106,0.493264627456665,,0.1167165756225585,1.5977477788925172,2.1432334661483763,2.221468424797058,2.414059805870056,2.3425809383392333,1.1296078443527222,1.066439723968506,,1.4010720252990725,0.0027323645511384,0.0019825863809944,0.001717388187104,0.0018262770884615,0.001608053781978,0.0017329353109004,0.0946315240958012,,0.002368639230331,0.0142668907843932,0.0124555199014446,0.0022272314533224,0.0021831518602789,0.0020670303297176,0.0022094873952883,1.1326217060970472,,0.0069545945770883,1.0,1.0,1.0,1.0,1.0,1.0,0.78,,1.0
health_insurance,64,nn,shap,kernel,20.513588619232177,0.0002023935317992,0.2786677598953246,0.2913793802261352,0.368691086769104,0.2767212152481079,0.5105950355529785,,0.1047683715820311,1470.898969507217,1273.3532185554504,1266.2934050321578,1291.4154151439666,1286.8353464841844,967.254925751686,82.26188678741455,,1244.9497295856477,0.013374791643577,0.0121509796884859,0.0023274820718167,0.0025455987602569,0.002703660188821,0.0023849494399945,0.1518732541201106,,0.0136867692114942,0.0142668907843932,0.0124555199014446,0.0022272314533224,0.0021831518602789,0.0020670303297176,0.0022094873952883,1.1326217060970472,,0.0069545945770883,0.9315771484375,0.938955078125,0.9853125,0.9843115234375,0.9791943359375,0.9858642578125,0.5232763671875,,0.96474609375
health_insurance,64,nn,shapiq,kernel,20.868000745773315,0.0002911329269408,0.260032057762146,0.2460902929306029,0.3457875490188599,0.2738002777099609,0.4824497222900391,,0.0968549728393554,3172.2437032222747,3542.023946738243,3588.059257006645,3580.2529925107956,3583.757105278969,3789.885749936104,3580.78333697319,,3312.694934916496,0.0031414754896803,0.0028758820403723,0.0010556515002024,0.0010953671148449,0.0010556890677141,0.0010682645447587,0.0285920465874554,,0.0024847955462043,0.0142668907843932,0.0124555199014446,0.0022272314533224,0.0021831518602789,0.0020670303297176,0.0022094873952883,1.1326217060970472,,0.0069545945770883,0.8496337890625,0.8617529296875001,0.954443359375,0.9527392578125,0.9537353515625,0.9533544921875,0.2466894531249999,,0.9057128906250002
health_insurance,64,xgb,sage,permutation,21.31856243610382,0.0002392053604125,0.2641731977462768,0.2452542304992675,0.3366612672805785,0.2548616409301757,0.4800509929656982,,0.1094186305999755,3.8419394493103023,3.8205745220184326,3.8625001668930055,3.844023275375366,3.8580679416656496,3.5804357290267945,1.8993225336074828,,3.981017255783081,0.0042623704629742,0.0026357666012865,0.0023122529159142,0.0022747139646968,0.0021878010141872,0.0022594040611998,0.1753953027949695,,0.0044520733148803,0.0142668907843932,0.0124555199014446,0.0022272314533224,0.0021831518602789,0.0020670303297176,0.0022929420600446,1.1326217060970472,,0.0069545945770883,0.94,0.8800000000000001,0.92,0.8800000000000001,0.9,0.8800000000000001,0.8200000000000001,,0.8800000000000001
health_insurance,64,xgb,shap,kernel,20.729405879974365,0.0007507801055907,0.2539626359939574,0.2405334472656249,0.3195747852325439,0.2532187461853027,0.4633383274078369,,0.1069604396820067,2235.0253426074983,2239.183973670006,2258.86793217659,2253.6225250005723,2259.8674520015716,2284.7206052303313,200.5367667913437,,2540.989656853676,0.0318296186914972,0.0167872222981721,0.0087723688528265,0.0090960508533182,0.0091841379111252,0.007978574959516,0.2063824266706391,,0.023162748465929,0.0142668907843932,0.0124555199014446,0.0022272314533224,0.0021831518602789,0.0020670303297176,0.0022929420600446,1.1326217060970472,,0.0069545945770883,0.8349365234375001,0.9254052734375,0.9478662109375,0.9502978515625,0.94306640625,0.9540185546875,0.5256005859374999,,0.92158203125
health_insurance,64,xgb,shapiq,kernel,20.53411622047424,0.0004257917404174,0.253231143951416,0.2312895774841308,0.3197467327117919,0.2797806978225708,0.4635337591171264,,0.1100899219512939,5013.177101421356,5153.699442887306,5256.0026679039,5272.590269136429,5245.090013074875,5015.643547677993,5250.964954590798,,5705.667418336869,0.0116687691829555,0.0070684439306861,0.0050243658735683,0.0049567693185028,0.004819414698886,0.0049462535247738,0.0715295237746862,,0.0079275211416759,0.0142668907843932,0.0124555199014446,0.0022272314533224,0.0021831518602789,0.0020670303297176,0.0022929420600446,1.1326217060970472,,0.0069545945770883,0.715947265625,0.8082177734375001,0.8594482421875,0.8632812500000002,0.861884765625,0.8617578125000002,0.2919189453125,,0.7889160156250001
health_insurance,128,nn,sage,permutation,20.433428621292116,0.0001968622207641,0.2651518821716308,0.2697199821472167,0.3636663436889648,0.2766528367996216,0.5182867288589478,,0.2228063344955443,3.125082731246948,4.860215067863464,4.896086907386779,5.40934054851532,5.059861779212952,2.4374300956726076,2.4457305669784546,,2.822692084312439,0.0018888890086533,0.0016748377218481,0.0015808453262359,0.0014143326875567,0.0014959533494592,0.0016589029266311,0.0923622121144124,,0.0017850204144293,0.008433564875833,0.0048256741722567,0.0009139738626268,0.0009129294757298,0.000811668700353,0.0009497190368691,1.1326217060970472,,0.0046140820960027,1.0,1.0,1.0,1.0,1.0,1.0,0.78,,1.0
health_insurance,128,nn,shap,kernel,20.415855169296265,0.0005813360214232,0.2980032682418823,0.2996610164642334,0.3648742198944091,0.2815880298614502,0.5091829061508178,,0.2043813943862915,2865.321012377739,2449.89021487236,2402.9619833230972,2434.388204073906,2442.5808033466337,1806.6054784059525,173.14764292240142,,2395.811854815483,0.010224087542912,0.0082056398689397,0.0017248440176756,0.0013878898470638,0.0020132105675393,0.0017975856282886,0.1518732541201106,,0.0104333035078601,0.008433564875833,0.0048256741722567,0.0009139738626268,0.0009129294757298,0.000811668700353,0.0009497190368691,1.1326217060970472,,0.0046140820960027,0.9476171875,0.965361328125,0.9893212890625,0.990126953125,0.9844189453125,0.9877001953125,0.5232763671875,,0.96982421875
health_insurance,128,nn,shapiq,kernel,20.680741357803345,0.0003343582153319,0.2750261783599853,0.246147060394287,0.337563419342041,0.2865841388702392,0.501542592048645,,0.1925902128219604,6271.721407723427,6980.775942850113,7081.550885295868,7061.506303405762,7069.90739581585,7465.030973792076,7068.630512189865,,6546.155717492104,0.0023160044423901,0.0017611002877568,0.0006730566315291,0.0006625227409184,0.0006776241016338,0.0006821893401264,0.0285920465874554,,0.0018819674472906,0.008433564875833,0.0048256741722567,0.0009139738626268,0.0009129294757298,0.000811668700353,0.0009497190368691,1.1326217060970472,,0.0046140820960027,0.8850585937500002,0.9117041015625,0.9691943359375,0.9692333984375,0.9664990234375,0.9687353515625,0.2466894531249999,,0.928857421875
health_insurance,128,xgb,sage,permutation,21.35225431919098,0.000169277191162,0.2583974361419677,0.2532889604568481,0.3339479446411132,0.2545793294906616,0.4815584659576416,,0.23713481426239,7.639752912521362,7.463644695281983,7.475489020347595,7.419191074371338,7.473018479347229,6.9997402906417845,3.7272367238998414,,7.645911979675293,0.0041287779184036,0.0022782836276594,0.0024818413693559,0.0019719006866899,0.0020149940984919,0.0023083538238058,0.1734677570810757,,0.003086881604127,0.008433564875833,0.0048256741722567,0.0009139738626268,0.0009129294757298,0.000811668700353,0.0009588571110832,1.1326217060970472,,0.0046140820960027,0.9,0.92,0.86,0.94,0.92,0.94,0.8200000000000001,,0.9
health_insurance,128,xgb,shap,kernel,20.585688400268555,0.0005978345870971,0.2619934558868407,0.2420176982879638,0.332939863204956,0.2553631782531738,0.4665584802627563,,0.2067301034927367,4367.166065359115,4353.34801273346,4399.169304132462,4395.372792577744,4380.778981280327,4452.699080705643,375.0194178342819,,4936.663237404823,0.0308948512689804,0.0111228958970074,0.0057822803424377,0.0057499336639889,0.0066016975502584,0.0055248985111377,0.2063824266706391,,0.0170722358704911,0.008433564875833,0.0048256741722567,0.0009139738626268,0.0009129294757298,0.000811668700353,0.0009588571110832,1.1326217060970472,,0.0046140820960027,0.8394140625000001,0.9514599609375,0.9659765625,0.9639892578125,0.9601220703125,0.9678271484375,0.5256005859374999,,0.9359863281250002
health_insurance,128,xgb,shapiq,kernel,20.547761487960816,0.0002738952636718,0.2567854881286621,0.2389849185943603,0.32937114238739,0.2600610017776489,0.4628664493560791,,0.2083482980728149,9926.659902381896,10202.859171199798,10422.391802096368,10451.724829506877,10387.31493434906,9922.868483614922,10430.332904171944,,11366.814312386512,0.0110280843222191,0.0046867598616405,0.0033280465864388,0.0033859334601636,0.0033291748081943,0.0033784223108475,0.0715295235782606,,0.0059221856359264,0.008433564875833,0.0048256741722567,0.0009139738626268,0.0009129294757298,0.000811668700353,0.0009588571110832,1.1326217060970472,,0.0046140820960027,0.7304833984375001,0.8643554687500001,0.901357421875,0.8989111328125,0.9002978515625001,0.8989599609375001,0.2917431640625,,0.83828125
health_insurance,256,nn,sage,permutation,20.16499924659729,0.0003224849700927,0.2877707004547119,0.2569185733795165,0.3425073385238647,0.2775402784347534,0.4975757122039795,,0.5084035158157348,6.457922577857971,13.92542188167572,10.7799560546875,11.184363651275635,10.252216601371764,5.654429864883423,5.179753255844116,,6.019289588928222,0.0017042803238584,0.0016602816017051,0.0015023772922453,0.0015422723100928,0.001876954787961,0.0015625705176926,0.1177320863158609,,0.0016199486973171,0.0051625217719298,0.0028614533580551,0.0004655272208048,0.0004519326512891,0.0004260566949168,0.0004653026982763,1.1450808334741969,,0.0061773566767404,1.0,1.0,1.0,1.0,1.0,1.0,0.72,,1.0
health_insurance,256,nn,shap,kernel,20.275915026664737,0.0005724906921386,0.2842120647430419,0.2963956356048584,0.3774837732315063,0.2808320999145507,0.5135205268859864,,0.3987481117248534,5678.856428170204,4667.516969275474,4688.627000260353,4715.41136097908,4726.018046665192,3470.7000589609147,450.52144265174866,,4656.919692897796,0.0079854394249458,0.0062424087135344,0.0011632282864264,0.0011392990789064,0.0014205137124213,0.0013106659682746,0.1527106919588878,,0.0084756651074018,0.0051625217719298,0.0028614533580551,0.0004655272208048,0.0004519326512891,0.0004260566949168,0.0004653026982763,1.1450808334741969,,0.0061773566767404,0.9554052734375,0.9655908203125,0.99275390625,0.99142578125,0.9897998046875,0.990546875,0.530263671875,,0.973388671875
health_insurance,256,nn,shapiq,kernel,20.699393391609192,0.0003497838973998,0.2696783781051635,0.2516887664794921,0.3377623081207275,0.310088586807251,0.4902288675308227,,0.4455117225646973,12403.822288131714,13907.884573197363,14043.908810281751,14037.561308431625,14066.449697995184,14773.948244643212,14061.780284881592,,12952.534243750571,0.0017577257436286,0.0013881070896139,0.0004981503320432,0.0004824174905099,0.0004799463056702,0.000485333372771,0.028367133896269,,0.0017245255930418,0.0051625217719298,0.0028614533580551,0.0004655272208048,0.0004519326512891,0.0004260566949168,0.0004653026982763,1.1450808334741969,,0.0061773566767404,0.91734375,0.9270703125,0.975087890625,0.9766259765625,0.9751953125,0.9756201171875,0.24173828125,,0.932958984375
health_insurance,256,xgb,sage,permutation,21.144087076187137,0.0001808166503905,0.2663042545318603,0.2521159648895263,0.3316968202590942,0.2576295852661132,0.4764194965362548,,0.4385445356369019,14.83103313446045,14.505877709388733,14.68087453842163,14.559946608543395,14.418894362449644,13.835311365127565,7.221823978424072,,14.933737850189209,0.0039930002783718,0.002307248469774,0.0021983859895952,0.0022182873094833,0.0023765819222819,0.0022347711245772,0.244832725801131,,0.0027564744099941,0.0051625217719298,0.0028614533580551,0.0004655272208048,0.0004519326512891,0.0004260566949168,0.0004694385653774,1.1450808334741969,,0.0061773566767404,0.98,0.9,0.92,0.96,0.94,0.8800000000000001,0.8800000000000001,,0.92
health_insurance,256,xgb,shap,kernel,20.697670769691467,0.002766990661621,0.2576050043106079,0.2441174507141112,0.32150239944458,0.2696282386779785,0.4702793836593628,,0.413924765586853,8624.78604490757,8601.686228132248,8704.007416057586,8670.874200725555,8646.428736448288,8771.6167760849,874.6006232738495,,9752.72109963894,0.0286606975366966,0.0084549831971865,0.0041563914809433,0.0042768023154992,0.004575476132,0.0039366001223425,0.2122541891486405,,0.0133973768917476,0.0051625217719298,0.0028614533580551,0.0004655272208048,0.0004519326512891,0.0004260566949168,0.0004694385653774,1.1450808334741969,,0.0061773566767404,0.8507568359375002,0.95939453125,0.9736865234375,0.9745947265625,0.972890625,0.97689453125,0.5558203125,,0.9501953125
health_insurance,256,xgb,shapiq,kernel,20.400607466697693,0.0002789020538329,0.2586715936660766,0.2381083726882934,0.3163424730300903,0.2767864227294921,0.4682481527328491,,0.4355304479598999,19715.31696021557,20238.39181551933,20708.040009617805,20622.47778811455,20615.19428472519,19764.967423319817,20745.72510404587,,22597.542466425897,0.0102547863764098,0.0034283388638252,0.002389331616106,0.0023317930418857,0.002259933588702,0.0023304202800076,0.070225851688163,,0.0048841913550441,0.0051625217719298,0.0028614533580551,0.0004655272208048,0.0004519326512891,0.0004260566949168,0.0004694385653774,1.1450808334741969,,0.0061773566767404,0.7477734375,0.8978662109375002,0.9262451171875,0.928203125,0.9294482421875,0.92962890625,0.295537109375,,0.86943359375
isolet,8,nn,expected_gradients,na,775.0901378631592,0.0003111362457275,0.083299970626831,0.0824053764343261,0.0910602092742919,0.1221866846084594,1.0177114963531495,,0.6516941785812378,381.15725619792937,216.43557367324829,198.83393068313595,200.41172394752505,202.15488076210025,197.37059984207153,199.61003608703612,,354.40692687034607,0.0157759733498095,0.0136192172765731,0.0082367165014147,0.0080871954560279,0.0080871954560279,0.0082367165014147,0.0374834947288036,,0.022037761285901,0.1186016351463124,0.1010891119645295,0.0693229802609244,0.0695452765620245,0.0695452765620245,0.0693229802609244,0.9066801744516764,,0.1449864140373742,0.7139794871794872,0.7388923076923077,0.8496410256410257,0.8378461538461538,0.8378461538461538,0.8496410256410257,0.4109743589743589,,0.6496410256410257
isolet,16,nn,expected_gradients,na,822.8947122335434,0.0003094673156737,0.0834162235260009,0.0816960811614989,0.0936143875122069,0.0896047115325927,1.021178674697876,,0.7396737575531006,694.8309703350067,370.9722262382507,351.89751653671266,356.26381635665894,358.0528793811798,344.9347069263458,355.30289759635923,,646.303110074997,0.0115828712470829,0.0103174356743693,0.0057464139536023,0.0056632468476891,0.0057464139536023,0.0057464139536023,0.0374834947288036,,0.0213428921997547,0.0626134005852539,0.0511987061441104,0.0329533563410178,0.0330503272726946,0.0329533563410178,0.0329533563410178,0.9066801744516764,,0.1200670000259791,0.7736923076923077,0.7984,0.8892307692307693,0.8891282051282052,0.8892307692307693,0.8892307692307693,0.4109743589743589,,0.6743589743589744
isolet,32,nn,expected_gradients,na,893.4252853155136,0.0052307605743407,0.0832660675048827,0.0823191165924072,0.0866694450378417,0.1013379096984862,1.017394161224365,,1.583316683769226,1294.9649589300157,672.7583162784576,663.1057266712189,667.6034719944,668.3378332614899,649.7336156129837,664.9500164031982,,1234.9473960638047,0.0081560705788433,0.0066889904439448,0.0036182126961647,0.0034826778806745,0.0035574561916291,0.0035251911729573,0.0374834947288036,,0.0154702682048082,0.0345519540881425,0.0247870648719495,0.0155871669912073,0.0152334540965479,0.0151460270333694,0.0151956866272133,0.9066801744516764,,0.0690164214509583,0.8398461538461539,0.8625025641025642,0.9239589743589744,0.9248,0.9262564102564104,0.925046153846154,0.4109743589743589,,0.7442051282051282
isolet,64,nn,expected_gradients,na,737.7925252914429,0.0027785301208495,0.0843879699707031,0.0825810432434081,0.0880184650421142,0.1121947050094604,1.018400239944458,,2.781305027008057,1858.958691072464,1023.6391205310822,993.712935590744,1003.5080969810484,1008.1461047649384,985.7564574956892,999.9525020599364,,1786.06712911129,0.0063020911067723,0.0051047035492956,0.0023528754245489,0.0023361915722488,0.0024373763706534,0.0023571072146296,0.0374834947288036,,0.0112889930605888,0.0206164980838166,0.013135758128287,0.0072569390804679,0.0071444094895865,0.007312788975347,0.0072916776950956,0.906680174451676,,0.0393739606326083,0.8726256410256411,0.8952,0.9462358974358974,0.9496410256410256,0.945948717948718,0.9487692307692308,0.4109743589743589,,0.8095384615384615
isolet,128,nn,expected_gradients,na,835.858557677269,0.0019725322723388,0.0842939853668212,0.083443784713745,0.0873531818389892,0.1219228506088256,1.018618679046631,,5.265351629257202,2921.710203075409,1690.171140098572,1647.2281606197355,1662.3473568439483,1665.981005001068,1626.0952144145965,1654.334068822861,,2799.3292322635652,0.005146480211988,0.0036034970544277,0.0017070640111341,0.0017377374926581,0.0017067360691725,0.001695107622072,0.0374834947288036,,0.0103203114122152,0.0137970829448772,0.0062540923612378,0.0035094112387156,0.0034915871049807,0.0035265018301406,0.0034784461342834,0.906680174451676,,0.0271689455624945,0.9026564102564104,0.920348717948718,0.9624410256410256,0.9607794871794872,0.9608,0.9620820512820514,0.4109743589743589,,0.8202051282051283
jm1,3,xgb,sage,permutation,,,,,,,,0.0022454738616942,,,,,,,,,6.921535849571228,,,,,,,,,0.0054727954749877,,,,,,,,,0.0445555870139035,,,,,,,,,0.26,
jm1,3,xgb,shap,kernel,,,,,,,,0.0026203393936156,,,,,,,,,167.7937577009201,,,,,,,,,0.0172440576652874,,,,,,,,,0.0445555870139035,,,,,,,,,0.6153884297520661,
jm1,3,xgb,shapiq,kernel,,,,,,,,0.0042401552200316,,,,,,,,,966.1321909427644,,,,,,,,,0.0075465321954864,,,,,,,,,0.0445555870139035,,,,,,,,,0.3614628099173553,
jm1,5,nn,sage,permutation,,,,,,,,0.0018192291259765,,,,,,,,,1.41302490234375,,,,,,,,,0.001686348294534,,,,,,,,,0.0356461304054763,,,,,,,,,0.72,
jm1,5,nn,shap,kernel,,,,,,,,0.001958131790161,,,,,,,,,120.88237490653992,,,,,,,,,0.0052887323411331,,,,,,,,,0.0356461304054763,,,,,,,,,0.7449421487603305,
jm1,5,nn,shapiq,kernel,,,,,,,,0.0017789840698241,,,,,,,,,1043.237447190285,,,,,,,,,0.0017416909317961,,,,,,,,,0.0356461304054763,,,,,,,,,0.5300165289256198,
jm1,6,xgb,sage,permutation,,,,,,,,0.0021363735198974,,,,,,,,,21.794464230537415,,,,,,,,,0.0032665695053557,,,,,,,,,0.0253205423669842,,,,,,,,,0.4,
jm1,6,xgb,shap,kernel,,,,,,,,0.0023979663848876,,,,,,,,,226.1420670747757,,,,,,,,,0.0117954040934414,,,,,,,,,0.0253205423669842,,,,,,,,,0.6959504132231404,
jm1,6,xgb,shapiq,kernel,,,,,,,,0.0023895263671874,,,,,,,,,1253.1249685287476,,,,,,,,,0.0057481685821239,,,,,,,,,0.0253205423669842,,,,,,,,,0.4687603305785124,
jm1,8,nn,sage,permutation,61.30378658771515,0.0002113819122314,0.0115260839462279,0.0100164890289306,0.0171126127243041,0.0110670089721679,0.0359106540679931,,0.012970471382141,1.9195979356765749,2.069280886650086,2.440119767189026,1.832068777084351,2.015229725837707,2.296992826461792,0.4226082801818848,,1.9468557834625244,0.0021029655646048,0.0012307271686984,0.0011961376223765,0.0012021087642134,0.0012402264717781,0.0013197646611238,0.6208661633434305,,0.0013199509216964,0.0466185978172403,0.0477600436019075,0.0109321949500922,0.0065783790901476,0.0092897755152232,0.0109041404003946,1.605637604078309,,0.0491559661868257,0.8,0.72,1.0,0.8800000000000001,0.9,0.96,0.4,,0.64
jm1,8,nn,shap,kernel,60.49163613319397,0.0002725601196288,0.0114175796508788,0.0103914260864257,0.0140191078186034,0.0112822771072387,0.0397286891937255,,0.013778519630432,152.97488582134247,182.61885039806367,159.4978969335556,159.93958110809325,164.1934651374817,156.45979096889496,158.5571890592575,,154.2503682613373,0.0058385319223259,0.0056948888213846,0.002729456457786,0.0025594591386679,0.0029818445817523,0.0026621902456581,0.0846622229725562,,0.0056175948529271,0.0466185978172403,0.0477600436019075,0.0109321949500922,0.0065783790901476,0.0092897755152232,0.0109041404003946,1.605637604078309,,0.0491559661868257,0.710793388429752,0.7265785123966941,0.8549504132231405,0.8534297520661157,0.8395537190082644,0.855082644628099,0.1438264462809916,,0.7255454545454544
jm1,8,nn,shapiq,kernel,60.5417601108551,0.0002933979034423,0.0213988542556762,0.0156887054443358,0.0252912998199462,0.0120027780532836,0.0581468820571898,,0.0486015796661376,1153.2806857347489,1233.7628264188766,1287.4608527898788,1280.915116071701,1289.1600701332093,1238.922321462631,1278.497349023819,,1224.022956395149,0.0015966473539712,0.0018476525899017,0.0010945687989001,0.0010614352679167,0.0010411993499164,0.0010712850436734,0.0287081226877543,,0.0014002021600504,0.0466185978172403,0.0477600436019075,0.0109321949500922,0.0065783790901476,0.0092897755152232,0.0109041404003946,1.605637604078309,,0.0491559661868257,0.5604214876033058,0.4932561983471074,0.7021074380165289,0.6955867768595041,0.7510247933884296,0.7045206611570247,0.0128264462809916,,0.6151570247933884
jm1,8,xgb,sage,permutation,60.24022068977356,0.0002024888992309,0.0195154666900634,0.0122319221496581,0.0150194883346557,0.0211936712265014,0.0424122095108031,,0.023141312599182,8.80952982902527,18.35624163150787,13.254415011405944,15.420686745643616,10.653870010375975,9.401218843460082,0.6127200365066529,,17.178409814834595,0.0079422249301108,0.0043161316971278,0.0043014811272707,0.0040904273095699,0.0052250812078464,0.0048717677945581,0.3228462839139805,,0.0044326640267714,0.0466185978172403,0.0477600436019075,0.0109321949500922,0.0065783790901476,0.0092897755152232,0.0132608056868923,1.605637604078309,,0.0491559661868257,0.26,0.48,0.4,0.4,0.4,0.4,0.26,,0.38
jm1,8,xgb,shap,kernel,61.40067853927612,0.000191569328308,0.0125697851181029,0.0116639614105224,0.0191164255142211,0.0129873514175414,0.0446641445159911,,0.0157207489013671,259.14983985424044,254.9387858390808,255.43931910991668,255.19410972595216,254.27071158885957,287.3850165605545,254.51936752796172,,273.11655857563017,0.0114627995494348,0.010046607793405,0.0102597732350965,0.0095052831001063,0.0085557844822392,0.0082054586508129,0.0508998499712039,,0.0128712998834623,0.0466185978172403,0.0477600436019075,0.0109321949500922,0.0065783790901476,0.0092897755152232,0.0132608056868923,1.605637604078309,,0.0491559661868257,0.6624380165289255,0.6975619834710743,0.7069090909090908,0.7165785123966941,0.7468181818181818,0.7399586776859504,0.2989338842975206,,0.6583388429752065
jm1,8,xgb,shapiq,kernel,61.29110963344574,0.0002408027648925,0.0166529417037963,0.0137367725372314,0.0262999534606932,0.0161694288253783,0.0479047536849975,,0.0161426782608031,1414.847844862938,1612.656918931007,1575.673952484131,1577.0503239870072,1567.36235332489,1582.9927472114564,1581.897641825676,,1493.724103832245,0.0053242585182071,0.0052744241526969,0.0048576139120244,0.0047166777648561,0.0043544856274214,0.0048099540755982,0.0149905982578051,,0.0054178147991626,0.0466185978172403,0.0477600436019075,0.0109321949500922,0.0065783790901476,0.0092897755152232,0.0132608056868923,1.605637604078309,,0.0491559661868257,0.5047355371900826,0.5030826446280992,0.5683636363636364,0.5801652892561984,0.603495867768595,0.5454214876033057,0.0311652892561983,,0.5263884297520661
jm1,10,nn,sage,permutation,,,,,,,,0.0018208026885985,,,,,,,,,1.8559130668640136,,,,,,,,,0.0012291556187022,,,,,,,,,0.0211572445360191,,,,,,,,,0.6799999999999999,
jm1,10,nn,shap,kernel,,,,,,,,0.0022735595703124,,,,,,,,,154.7721704006195,,,,,,,,,0.0041611088174423,,,,,,,,,0.0211572445360191,,,,,,,,,0.7881239669421487,
jm1,10,nn,shapiq,kernel,,,,,,,,0.0018246412277221,,,,,,,,,1382.516544008255,,,,,,,,,0.0014838070399643,,,,,,,,,0.0211572445360191,,,,,,,,,0.5691404958677686,
jm1,12,xgb,sage,permutation,,,,,,,,0.0025561094284057,,,,,,,,,29.13369960784912,,,,,,,,,0.0029967879526804,,,,,,,,,0.0135122633413465,,,,,,,,,0.36,
jm1,12,xgb,shap,kernel,,,,,,,,0.0036160707473754,,,,,,,,,346.96896493434906,,,,,,,,,0.009350413909734,,,,,,,,,0.0135122633413465,,,,,,,,,0.7462644628099173,
jm1,12,xgb,shapiq,kernel,,,,,,,,0.0025042057037353,,,,,,,,,1828.2190438508987,,,,,,,,,0.0045734538057622,,,,,,,,,0.0135122633413465,,,,,,,,,0.5724380165289256,
jm1,16,nn,sage,permutation,62.47069239616394,0.0002155303955077,0.0119066715240478,0.0099287748336791,0.013647174835205,0.0110945463180541,0.0330769300460815,,0.0236031770706176,3.540283703804016,5.451811957359314,5.200266098976135,5.317936420440674,4.860878157615661,4.731873822212219,0.7645462036132813,,3.591693162918091,0.0016717746306792,0.0012048500899826,0.0014186659237578,0.0011359440673606,0.0012940368900839,0.0014636527481462,0.6216662328626267,,0.0010527149318734,0.0409289175936588,0.020133291642674,0.0062117898302498,0.0039361729406606,0.0052804770183843,0.0062117898302498,1.6056376040782652,,0.0326913163487081,0.6799999999999999,0.8200000000000001,0.96,0.9,0.94,0.98,0.4,,0.6599999999999999
jm1,16,nn,shap,kernel,61.58571043014526,0.000257396697998,0.0115625619888305,0.0105120182037353,0.0145271062850951,0.0117325544357299,0.0332528114318847,,0.023868703842163,255.007617521286,269.7133877277374,222.3610368490219,225.56935014724732,228.8747213125229,217.1081584215164,223.27604222297668,,217.8409076452255,0.0055233449522234,0.0032364208991155,0.002489220279344,0.001842879618386,0.0024855377489911,0.0024909864333868,0.0846691685340387,,0.0043189255933657,0.0409289175936588,0.020133291642674,0.0062117898302498,0.0039361729406606,0.0052804770183843,0.0062117898302498,1.6056376040782652,,0.0326913163487081,0.724396694214876,0.8263801652892562,0.8548512396694214,0.8791818181818181,0.865388429752066,0.8545619834710744,0.1433057851239669,,0.7782975206611569
jm1,16,nn,shapiq,kernel,61.85536777973175,0.0002573490142821,0.01747088432312,0.0155277252197265,0.0160634994506835,0.0145902156829833,0.0416065216064452,,0.0265994548797606,1657.2008090257646,1779.4021908521652,1846.4067385911944,1839.6689781427383,1853.2658901929856,1779.3263293027878,1840.4734346628188,,1757.6893662929535,0.0016039045038423,0.0012003595480458,0.0010683899040802,0.0010131993031258,0.0010517036528912,0.0010697220855204,0.0287078196599596,,0.0012810887404016,0.0409289175936588,0.020133291642674,0.0062117898302498,0.0039361729406606,0.0052804770183843,0.0062117898302498,1.6056376040782652,,0.0326913163487081,0.5893471074380165,0.6728264462809916,0.7205702479338842,0.7198016528925619,0.7379752066115702,0.7201404958677686,0.013090909090909,,0.6420578512396694
jm1,16,xgb,sage,permutation,61.16098742485046,0.0002090215682982,0.0108344554901122,0.0112041234970092,0.017136788368225,0.0129538536071776,0.0368924617767333,,0.0393235206604003,26.757165837287904,37.85396044254303,24.972243332862853,23.52398316860199,19.50621564388275,51.17959921360016,1.142606830596924,,23.980588603019715,0.0047276291701623,0.0028579083692252,0.0042970679900895,0.004244701311811,0.0044122228710882,0.0020216249467159,0.3208009929560046,,0.0030797308792362,0.0409289175936588,0.020133291642674,0.0062117898302498,0.0039361729406606,0.0052804770183843,0.005683286894663,1.6056376040782652,,0.0326913163487081,0.44,0.54,0.4,0.4,0.24,0.78,0.26,,0.4
jm1,16,xgb,shap,kernel,62.77657723426819,0.0001768589019775,0.0111549615859985,0.0094973564147948,0.0134004354476928,0.013207197189331,0.0320624828338622,,0.0309824466705321,418.7646603822708,406.78867411613464,407.802153968811,408.7233943939209,409.5930587053299,460.3808522701263,408.6358021974564,,438.0295578241348,0.0092235476331108,0.0074573941612625,0.0066040893512281,0.0065237371382257,0.0064743348275693,0.0057892879942806,0.0509274273236422,,0.0105387203955783,0.0409289175936588,0.020133291642674,0.0062117898302498,0.0039361729406606,0.0052804770183843,0.005683286894663,1.6056376040782652,,0.0326913163487081,0.71599173553719,0.7736363636363636,0.7911322314049587,0.7921322314049586,0.7979586776859503,0.8103471074380165,0.2990165289256198,,0.706603305785124
jm1,16,xgb,shapiq,kernel,63.218003606796266,0.0002326011657714,0.0168945312499999,0.0138880252838134,0.0173852682113646,0.0169462203979491,0.0430571794509887,,0.0302891492843627,2180.1833375692368,2504.182615971565,2406.886644220352,2406.5105093479156,2398.023539233208,2410.788821673393,2423.9279311180117,,2281.347403025627,0.0045186314404086,0.0042706768840809,0.0038547321490378,0.0038187131232859,0.0038125767816138,0.0041013452733261,0.0149927906435241,,0.0044341399698712,0.0409289175936588,0.020133291642674,0.0062117898302498,0.0039361729406606,0.0052804770183843,0.005683286894663,1.6056376040782652,,0.0326913163487081,0.5668760330578512,0.612190082644628,0.6485206611570248,0.6749834710743802,0.6790495867768594,0.627090909090909,0.0309338842975206,,0.5953471074380166
jm1,20,nn,sage,permutation,,,,,,,,0.0018293380737304,,,,,,,,,4.921685719490052,,,,,,,,,0.0013591840507989,,,,,,,,,0.0150782678293728,,,,,,,,,0.6,
jm1,20,nn,shap,kernel,,,,,,,,0.0023825883865356,,,,,,,,,232.85593516826629,,,,,,,,,0.0043723126092519,,,,,,,,,0.0150782678293728,,,,,,,,,0.7947685950413222,
jm1,20,nn,shapiq,kernel,,,,,,,,0.0019015789031981,,,,,,,,,2070.6342886686325,,,,,,,,,0.0013690412374366,,,,,,,,,0.0150782678293728,,,,,,,,,0.6228181818181818,
jm1,24,xgb,sage,permutation,,,,,,,,0.0029432773590087,,,,,,,,,48.14949085712433,,,,,,,,,0.0029505391159209,,,,,,,,,0.0111556494119097,,,,,,,,,0.44,
jm1,24,xgb,shap,kernel,,,,,,,,0.0032610416412353,,,,,,,,,587.0403806686402,,,,,,,,,0.0084413883572237,,,,,,,,,0.0111556494119097,,,,,,,,,0.7715289256198347,
jm1,24,xgb,shapiq,kernel,,,,,,,,0.0035293579101562,,,,,,,,,2971.1427097320557,,,,,,,,,0.0039648292883025,,,,,,,,,0.0111556494119097,,,,,,,,,0.646297520661157,
jm1,32,nn,sage,permutation,61.09633870124817,0.0001902103424071,0.0111003637313842,0.0109418869018554,0.014147925376892,0.0110863685607909,0.0347979068756103,,0.0462910175323486,6.692718291282654,11.200017976760863,9.590745067596435,9.670999550819396,9.613818383216858,10.460352635383606,1.388400912284851,,6.719507026672363,0.0009325097517912,0.0009820985735188,0.0011946106199833,0.0010586899881272,0.0007647189827999,0.0012136887978581,0.619354180060905,,0.0012523493271424,0.0156281982181793,0.0109367686607171,0.0033210255643616,0.0019130177737995,0.0023711136097337,0.0028403127999769,1.6056376040782436,,0.0240743771244897,0.7,0.74,0.96,0.96,0.76,0.92,0.4,,0.72
jm1,32,nn,shap,kernel,60.117852783203126,0.0002459526062011,0.0114929199218749,0.0107727527618407,0.0153528690338134,0.0117916822433471,0.0334989070892333,,0.0459845066070556,472.4263618707657,467.5842577934265,383.9935269117355,397.19943301677705,401.8116492271423,368.7008713245392,382.9155254602432,,365.8971143484115,0.0030099366620932,0.0028048185822456,0.0021340074608779,0.0015739176326723,0.0013356930230526,0.0019324255031829,0.0846844026511249,,0.0037743762964364,0.0156281982181793,0.0109367686607171,0.0033210255643616,0.0019130177737995,0.0023711136097337,0.0028403127999769,1.6056376040782436,,0.0240743771244897,0.8179421487603304,0.841396694214876,0.8792231404958677,0.9106280991735536,0.9213223140495866,0.8920743801652893,0.1433801652892561,,0.8070413223140495
jm1,32,nn,shapiq,kernel,60.46016664505005,0.0002654075622558,0.0135122537612914,0.0119226455688476,0.0196365594863891,0.0114146947860717,0.0411129474639892,,0.0498916625976562,2657.3833476781847,2850.6670318365095,2976.9158885955812,2962.855182600021,2986.2016820907593,2860.674806380272,2958.585170197487,,2823.481893658638,0.0011436117692149,0.0011113431339247,0.0009733503160284,0.0008794431221748,0.0008918456617649,0.0009248386334425,0.0287116726891359,,0.0010803921820129,0.0156281982181793,0.0109367686607171,0.0033210255643616,0.0019130177737995,0.0023711136097337,0.0028403127999769,1.6056376040782436,,0.0240743771244897,0.7038842975206612,0.7119834710743801,0.769297520661157,0.8022727272727271,0.8181322314049586,0.779198347107438,0.0124710743801652,,0.7525537190082644
jm1,32,xgb,sage,permutation,60.07616958618164,0.0002120733261107,0.0138312816619872,0.0118177890777587,0.013855743408203,0.0161765813827514,0.0336477041244506,,0.0745409488677977,66.01441516876221,87.19709899425507,93.2779023885727,112.08555574417116,104.73953688144684,97.25353944301604,1.8704874038696289,,42.962025213241574,0.0026092916546279,0.0023129548863191,0.0023583330384411,0.0015046052675339,0.0015640023620162,0.0020149116420868,0.3236655850970374,,0.0034939912166483,0.0156281982181793,0.0109367686607171,0.0033210255643616,0.0019130177737995,0.0023711136097337,0.002448021018748,1.6056376040782436,,0.0240743771244897,0.54,0.58,0.7,0.8,0.7,0.6599999999999999,0.22,,0.4
jm1,32,xgb,shap,kernel,61.08118886947632,0.0001892566680907,0.0115817070007323,0.0096368789672851,0.0132460355758666,0.0127547979354857,0.0327980756759643,,0.0537253856658935,736.750535106659,713.7627509117126,716.7723532199859,716.9650861978531,718.7997309923172,806.5368335008621,715.860248208046,,763.7734561920166,0.0063379766406244,0.0060296240278161,0.0051526919170729,0.0046166669942729,0.004413483373628,0.0046648937084304,0.0508912827949969,,0.0098424914653997,0.0156281982181793,0.0109367686607171,0.0033210255643616,0.0019130177737995,0.0023711136097337,0.002448021018748,1.6056376040782436,,0.0240743771244897,0.7992396694214875,0.8078512396694213,0.8387933884297519,0.8494462809917355,0.8579834710743801,0.8446280991735536,0.2998595041322314,,0.7415454545454544
jm1,32,xgb,shapiq,kernel,61.34185230731964,0.0002779960632323,0.0131728172302245,0.0175927162170409,0.0194517374038695,0.0142713785171508,0.0393622398376464,,0.0521232843399047,3664.679392361641,4236.200214886665,4072.718495178223,4075.93118326664,4080.4959652900698,4082.3659870147703,4083.121226787567,,3869.177172780037,0.0036836457880518,0.0036114239527626,0.0033448637985599,0.0032992887178937,0.0033852614948155,0.0033347030059753,0.0149947532360238,,0.0041466224698026,0.0156281982181793,0.0109367686607171,0.0033210255643616,0.0019130177737995,0.0023711136097337,0.002448021018748,1.6056376040782436,,0.0240743771244897,0.6609999999999999,0.6808099173553719,0.7217190082644628,0.7250165289256197,0.708190082644628,0.7173553719008263,0.0305206611570247,,0.6040826446280991
jm1,40,nn,sage,permutation,,,,,,,,0.0017781972885131,,,,,,,,,9.370210433006289,,,,,,,,,0.0014189462702081,,,,,,,,,0.016364921557292,,,,,,,,,0.6,
jm1,40,nn,shap,kernel,,,,,,,,0.002365207672119,,,,,,,,,393.6452754974365,,,,,,,,,0.0051926953986316,,,,,,,,,0.016364921557292,,,,,,,,,0.7757272727272727,
jm1,40,nn,shapiq,kernel,,,,,,,,0.0018294811248778,,,,,,,,,3443.38981590271,,,,,,,,,0.0015120104794292,,,,,,,,,0.016364921557292,,,,,,,,,0.625305785123967,
jm1,48,xgb,sage,permutation,,,,,,,,0.002159547805786,,,,,,,,,103.49063518047332,,,,,,,,,0.0025141522064927,,,,,,,,,0.0086235917915816,,,,,,,,,0.4,
jm1,48,xgb,shap,kernel,,,,,,,,0.0023872137069701,,,,,,,,,1069.322697734833,,,,,,,,,0.0075605067305046,,,,,,,,,0.0086235917915816,,,,,,,,,0.7878677685950413,
jm1,48,xgb,shapiq,kernel,,,,,,,,0.0035255193710326,,,,,,,,,5264.163374471665,,,,,,,,,0.0035789857196265,,,,,,,,,0.0086235917915816,,,,,,,,,0.6749586776859504,
jm1,64,nn,sage,permutation,56.1499787569046,0.0001806020736693,0.0110530614852904,0.0154334306716918,0.0138148069381713,0.0113046646118163,0.0334811687469481,,0.0957568883895873,12.82038435935974,17.195196914672852,18.680358505249025,21.189044523239136,21.859208035469056,21.953056716918944,2.6770870447158814,,12.64725456237793,0.00067293327486,0.0007830947831265,0.000885580947497,0.0007255360935394,0.0006974758121526,0.0008575780489421,0.5870846911540288,,0.0013520597739565,0.0069885046716712,0.0049011989898551,0.0015748428929421,0.0012033053346916,0.0013427381618994,0.0016984846284954,1.605637604078233,,0.0303302376007075,0.6599999999999999,0.7,0.8800000000000001,0.76,0.78,0.9,0.4,,0.62
jm1,64,nn,shap,kernel,55.205508542060855,0.0002937078475951,0.0118731498718261,0.0105929374694823,0.0146026849746703,0.0117116212844847,0.033140468597412,,0.0940356016159057,957.972809958458,970.2084229707718,758.3340585708618,779.1093428850174,783.2481308698655,745.1539407968521,755.1374055862427,,730.8105328321457,0.0024641624701752,0.0021958280904545,0.0015853155840867,0.0010233586127169,0.0011464786975053,0.0016644730982009,0.0846644240319172,,0.0050034700158445,0.0069885046716712,0.0049011989898551,0.0015748428929421,0.0012033053346916,0.0013427381618994,0.0016984846284954,1.605637604078233,,0.0303302376007075,0.8586033057851239,0.8720082644628098,0.9071239669421488,0.9408595041322314,0.934421487603306,0.9038595041322314,0.1438099173553718,,0.7695454545454544
jm1,64,nn,shapiq,kernel,55.30711314678192,0.0002704381942748,0.0171375036239623,0.0146903276443481,0.0256256580352782,0.0113836288452147,0.0455546855926513,,0.0892585277557372,4673.644880986214,5276.66414911747,5246.134190583229,5230.58645169735,5250.918505835533,5013.035716223717,5212.259844470024,,4955.515030384064,0.0009957750667998,0.0009558342614834,0.0008236895055159,0.0008086521374365,0.0008150039168109,0.0008385746226188,0.0287077471933514,,0.0012024486758912,0.0069885046716712,0.0049011989898551,0.0015748428929421,0.0012033053346916,0.0013427381618994,0.0016984846284954,1.605637604078233,,0.0303302376007075,0.7586280991735537,0.7906446280991736,0.8294545454545453,0.8536363636363635,0.8378677685950413,0.8263140495867768,0.0127520661157024,,0.688595041322314
jm1,64,xgb,sage,permutation,54.860966849327085,0.0002200841903685,0.0109978199005126,0.0102749347686767,0.0165885925292968,0.0130371332168578,0.0356099128723144,,0.1276931047439574,179.70830895900727,248.71115384101867,203.0864455223083,244.0165795326233,242.54479351043705,215.78832545280457,3.399333190917969,,85.76631190776826,0.0015623304077038,0.0012618635236758,0.0013540313232439,0.0011105691391593,0.0009870230129711,0.0013400516990041,0.3223154532149685,,0.0034723959230412,0.0069885046716712,0.0049011989898551,0.0015748428929421,0.0012033053346916,0.0013427381618994,0.0015667002891725,1.605637604078233,,0.0303302376007075,0.66,0.72,0.7,0.76,0.72,0.72,0.22,,0.4
jm1,64,xgb,shap,kernel,56.13640050888061,0.0002434253692626,0.0108286380767821,0.0103989124298095,0.0143739223480224,0.0135880708694457,0.0357938051223754,,0.1099427461624145,1371.7812561035155,1324.3064737558366,1332.9796850919724,1334.9629481554032,1336.7698243141174,1501.3967056512834,1332.2812865257265,,1410.528446388245,0.004927959186385,0.0043618712121442,0.0037465063148527,0.003572516684703,0.0036044141984379,0.0037501387010349,0.0509099056290898,,0.0095100225764674,0.0069885046716712,0.0049011989898551,0.0015748428929421,0.0012033053346916,0.0013427381618994,0.0015667002891725,1.605637604078233,,0.0303302376007075,0.8416942148760331,0.8623553719008263,0.8773305785123966,0.8817107438016528,0.8855371900826446,0.8776528925619834,0.2998429752066115,,0.7364628099173552
jm1,64,xgb,shapiq,kernel,56.065110540390016,0.0003198623657226,0.0170340299606322,0.0206956386566161,0.0195890188217162,0.0220238924026488,0.0404087305068969,,0.0788381814956664,6649.388213539123,7834.578975152969,7402.032254481315,7369.900336241723,7444.352980422974,7460.953709506988,7459.400644874573,,7078.430701947213,0.0032905652639048,0.0032199167068419,0.0030488873942775,0.0030767839102972,0.0030440085950595,0.0030475514139135,0.0149968400222884,,0.0040206388289967,0.0069885046716712,0.0049011989898551,0.0015748428929421,0.0012033053346916,0.0013427381618994,0.0015667002891725,1.605637604078233,,0.0303302376007075,0.703190082644628,0.7280661157024793,0.7499256198347106,0.7479504132231404,0.7560165289256198,0.750586776859504,0.0308347107438016,,0.6136528925619834
jm1,80,nn,sage,permutation,,,,,,,,0.0015749692916869,,,,,,,,,14.590327835083007,,,,,,,,,0.0013219081087158,,,,,,,,,0.0135068790045001,,,,,,,,,0.6,
jm1,80,nn,shap,kernel,,,,,,,,0.0019982814788817,,,,,,,,,814.9603652000427,,,,,,,,,0.0052831944495591,,,,,,,,,0.0135068790045001,,,,,,,,,0.7668595041322314,
jm1,80,nn,shapiq,kernel,,,,,,,,0.0016503334045409,,,,,,,,,6191.326272296906,,,,,,,,,0.0014444363960158,,,,,,,,,0.0135068790045001,,,,,,,,,0.6328429752066116,
jm1,96,xgb,sage,permutation,,,,,,,,0.0019232273101806,,,,,,,,,171.7156146287918,,,,,,,,,0.0028007333631614,,,,,,,,,0.0084481764418665,,,,,,,,,0.4,
jm1,96,xgb,shap,kernel,,,,,,,,0.0027142047882079,,,,,,,,,2038.2000173807144,,,,,,,,,0.0078496121548455,,,,,,,,,0.0084481764418665,,,,,,,,,0.7894380165289255,
jm1,96,xgb,shapiq,kernel,,,,,,,,0.0027806997299193,,,,,,,,,9833.952888774871,,,,,,,,,0.0033204851607914,,,,,,,,,0.0084481764418665,,,,,,,,,0.7094132231404958,
jm1,128,nn,sage,permutation,55.6433445930481,0.0001888036727904,0.0108393430709838,0.0104061841964721,0.0138815164566039,0.0111897468566894,0.0333737611770629,,0.1719125986099242,24.61529448032379,29.636832451820375,37.48901145458221,32.05224142074585,34.57981638908386,40.57155604362488,12.866683316230771,,23.26224684715271,0.0006341787309447,0.0006661383003461,0.0007100622930392,0.0005377260728111,0.0005460482420294,0.0006392078640362,0.4219478989084878,,0.0012964135406647,0.0032972824678344,0.002916597968487,0.0009931206493557,0.0009272302401813,0.000970769117044,0.0010245268726507,1.465101364595346,,0.0323142867213765,0.6799999999999999,0.6599999999999999,0.8400000000000001,0.76,0.76,0.8200000000000001,0.52,,0.7
jm1,128,nn,shap,kernel,54.864286875724794,0.0002940893173217,0.0116664171218871,0.0107327222824096,0.0147268772125243,0.0126967668533324,0.0335145235061645,,0.1883658647537231,1864.5279751300811,1583.7787228345871,1425.6020349264145,1427.2949503421785,1447.3267863035203,1393.2594629764558,1391.495513010025,,1371.0272481203078,0.0017484547292237,0.0016169810544565,0.0011657343562802,0.0009760947698647,0.0010249683351114,0.0012751162603543,0.0633374312162025,,0.0053008483000712,0.0032972824678344,0.002916597968487,0.0009931206493557,0.0009272302401813,0.000970769117044,0.0010245268726507,1.465101364595346,,0.0323142867213765,0.8963140495867767,0.9007024793388428,0.9308512396694214,0.9490743801652892,0.9463471074380164,0.921809917355372,0.2615371900826446,,0.7578760330578512
jm1,128,nn,shapiq,kernel,55.046297669410706,0.0003180027008056,0.0274025440216064,0.0168512821197509,0.0172398328781127,0.0121381044387816,0.0558790206909179,,0.1961927890777587,8664.652018094062,10101.51509256363,9723.205931329729,9729.181374287606,9729.599974179268,9316.78587396145,9651.193363499642,,9182.910600972176,0.0008823571406992,0.0008632603592472,0.0007673795485397,0.000771567447611,0.0007651137501561,0.0007670418423542,0.020924962447558,,0.0012577540439712,0.0032972824678344,0.002916597968487,0.0009931206493557,0.0009272302401813,0.000970769117044,0.0010245268726507,1.465101364595346,,0.0323142867213765,0.7998099173553718,0.821297520661157,0.8541074380165288,0.865595041322314,0.8603801652892562,0.8482644628099173,0.0907851239669421,,0.6917107438016529
jm1,128,xgb,sage,permutation,54.79200887680054,0.0002959489822387,0.0132828950881957,0.0140406608581542,0.0176430225372314,0.0184608936309813,0.0328444004058837,,0.2482221364974975,424.2501079082489,443.00235095024107,489.0988383769989,486.2705978870392,474.45409924983977,479.8452438354492,12.559867978096008,,214.77389130592343,0.0010121882145769,0.0010029591914493,0.0007845916043981,0.0006829822016407,0.0008021906616253,0.0007823719712029,0.2347573651248161,,0.0026444126307461,0.0032972824678344,0.002916597968487,0.0009931206493557,0.0009272302401813,0.000970769117044,0.0009958796625055,1.465101364595346,,0.0323142867213765,0.74,0.82,0.74,0.78,0.8,0.82,0.16,,0.4
jm1,128,xgb,shap,kernel,56.345029616355895,0.0002652168273925,0.0108313560485839,0.0107248067855834,0.013497757911682,0.0164313316345214,0.0322785854339599,,0.2160344600677489,2638.0486547231676,2555.7026416778563,2571.587681913376,2572.252686715126,2573.5012078285217,2892.586745643616,2547.6249401807786,,2718.3559601068496,0.0040195947565214,0.0035489638663496,0.0030558098534167,0.0030874632413268,0.0029894293073271,0.0031126735621788,0.0437704477756984,,0.009149202347969,0.0032972824678344,0.002916597968487,0.0009931206493557,0.0009272302401813,0.000970769117044,0.0009958796625055,1.465101364595346,,0.0323142867213765,0.8705867768595041,0.8867603305785124,0.9025867768595042,0.8993719008264464,0.9043140495867767,0.8991652892561983,0.3490826446280991,,0.7330247933884297
jm1,128,xgb,shapiq,kernel,55.83318402767181,0.0003379344940185,0.0248497486114501,0.0148036241531371,0.017963695526123,0.0141537427902221,0.0458267450332641,,0.1602182388305663,12630.827067112925,14525.85666680336,14161.406426405909,14045.12223484516,14190.378350234032,14110.953066444396,14139.001044464112,,13454.022711324693,0.0030139106043726,0.0029699391343884,0.0028815803074231,0.0028916110384401,0.0028778155868073,0.0028759613587136,0.0138424358177574,,0.0039187619266909,0.0032972824678344,0.002916597968487,0.0009931206493557,0.0009272302401813,0.000970769117044,0.0009958796625055,1.465101364595346,,0.0323142867213765,0.7458842975206611,0.762586776859504,0.774702479338843,0.7725785123966942,0.7767024793388428,0.7748760330578512,0.095289256198347,,0.6177851239669422
jungle_chess_2pcs_raw_endgame_complete,10,nn,sage,permutation,,,,,,,,0.0104010105133056,,,,,,,,,0.7580546855926513,,,,,,,,,0.1945278088354747,,,,,,,,,0.0428726135817372,,,,,,,,,0.8800000000000001,
jungle_chess_2pcs_raw_endgame_complete,10,nn,shap,kernel,,,,,,,,0.0104653358459472,,,,,,,,,27.13089895248413,,,,,,,,,0.0380659322785247,,,,,,,,,0.0428726135817372,,,,,,,,,0.9053466796875,
jungle_chess_2pcs_raw_endgame_complete,10,nn,shapiq,kernel,,,,,,,,0.0099327325820922,,,,,,,,,29.501827478408813,,,,,,,,,0.0142465600238859,,,,,,,,,0.0428726135817372,,,,,,,,,0.6221484375,
jungle_chess_2pcs_raw_endgame_complete,10,xgb,sage,permutation,,,,,,,,0.0107681989669799,,,,,,,,,1.8687225580215456,,,,,,,,,0.2277667258454263,,,,,,,,,0.0436456815722465,,,,,,,,,0.86,
jungle_chess_2pcs_raw_endgame_complete,10,xgb,shap,kernel,,,,,,,,0.0108870029449462,,,,,,,,,61.2652684211731,,,,,,,,,0.0400107713590304,,,,,,,,,0.0436456815722465,,,,,,,,,0.9013916015625,
jungle_chess_2pcs_raw_endgame_complete,10,xgb,shapiq,kernel,,,,,,,,0.0108982801437377,,,,,,,,,72.44851777553558,,,,,,,,,0.0152741588499356,,,,,,,,,0.0436456815722465,,,,,,,,,0.610888671875,
jungle_chess_2pcs_raw_endgame_complete,16,nn,sage,permutation,31.618844962120058,0.0001792669296264,0.2933569192886353,0.3040712356567382,0.3575338363647461,0.2452102184295654,0.3977439165115356,,0.0368638038635253,0.8786334276199341,0.7040309429168701,1.1018450736999512,0.6068249464035034,0.4637304782867432,0.7354830503463745,0.277079153060913,,1.0775629043579102,0.1872095998806213,0.1601326489165654,0.1050013817126438,0.0563239026309228,0.1929829466282155,0.2245285142313785,4.797986355911961,,0.3086583471799503,0.053980790464571,0.0638194898679467,0.011654851101412,0.0126178974490179,0.013200734641019,0.0138836598233847,0.99152016244794,,0.0683081274424572,0.94,0.8800000000000001,1.0,1.0,1.0,1.0,0.98,,0.94
jungle_chess_2pcs_raw_endgame_complete,16,nn,shap,kernel,32.10735285282135,0.0003002643585204,0.3405064821243285,0.350726294517517,0.4045298337936401,0.2551052093505859,0.4487013339996338,,0.0372126817703246,26.01178753376007,31.47297189235687,30.235056471824645,29.786238431930546,29.69933605194092,27.388076281547548,22.13653974533081,,26.12977192401886,0.0383194020769523,0.0372332998347679,0.0217503557581457,0.0189071430833908,0.0276888222176845,0.0267957136572176,0.1970923558625505,,0.0549169294427068,0.053980790464571,0.0638194898679467,0.011654851101412,0.0126178974490179,0.013200734641019,0.0138836598233847,0.99152016244794,,0.0683081274424572,0.9062939453125,0.9133056640625,0.932568359375,0.932568359375,0.9220703125,0.914306640625,0.8320312500000002,,0.8846191406250001
jungle_chess_2pcs_raw_endgame_complete,16,nn,shapiq,kernel,31.87170989513397,0.0002405405044555,0.2482318401336669,0.2360689163208007,0.3172902345657348,0.2300493478775024,0.3604989051818847,,0.0314577817916869,41.81935839653015,47.579197955131534,47.555438017845155,47.58777177333832,47.525818371772765,44.95773143768311,47.65350668430328,,41.1611261844635,0.0128198705479323,0.0122782531826925,0.0100196062977106,0.0104992021338673,0.0102000794777164,0.0096960056236843,0.0299435888600849,,0.0150734076800704,0.053980790464571,0.0638194898679467,0.011654851101412,0.0126178974490179,0.013200734641019,0.0138836598233847,0.99152016244794,,0.0683081274424572,0.63498046875,0.6412207031249999,0.67431640625,0.6567871093750001,0.693896484375,0.698974609375,0.370849609375,,0.590576171875
jungle_chess_2pcs_raw_endgame_complete,16,xgb,sage,permutation,31.411552929878233,0.0001279592514037,0.2405757188796996,0.2312015056610107,0.3054702997207641,0.276822566986084,0.3369955062866211,,0.0351637601852416,2.8037577629089356,3.3249983310699465,2.225256586074829,3.0902020931243896,3.0023786544799806,3.4825049877166747,1.0598706483840945,,3.225125455856323,0.1552126115717607,0.147909294720946,0.0893730763389652,0.0442632483971565,0.1737623216674396,0.0975238682678241,3.804494134571442,,0.2502276913671037,0.053980790464571,0.0638194898679467,0.011654851101412,0.0126178974490179,0.013200734641019,0.0129442950834693,0.99152016244794,,0.0683081274424572,0.9,0.92,0.8400000000000001,0.8,0.8400000000000001,0.8,0.8200000000000001,,0.8400000000000001
jungle_chess_2pcs_raw_endgame_complete,16,xgb,shap,kernel,32.45686957836151,0.0001245021820067,0.2303503036499023,0.2184033155441283,0.297407865524292,0.2542439699172973,0.3285916566848755,,0.033933138847351,78.82816030979157,77.00549020767212,76.57586691379547,76.82686870098114,76.75987212657928,86.52752611637115,50.27979159355163,,79.02719306945801,0.0399468666841102,0.0376630549103299,0.0229074942957576,0.0183024371195502,0.0275382885909864,0.02031019812425,0.1961566536529756,,0.0533741329034871,0.053980790464571,0.0638194898679467,0.011654851101412,0.0126178974490179,0.013200734641019,0.0129442950834693,0.99152016244794,,0.0683081274424572,0.90376953125,0.910029296875,0.92958984375,0.93583984375,0.9203125,0.932177734375,0.8327636718750002,,0.8855957031250001
jungle_chess_2pcs_raw_endgame_complete,16,xgb,shapiq,kernel,33.65647706985474,0.0002093076705932,0.2379250288009643,0.225958228111267,0.3004629611968993,0.2600452423095702,0.3362657785415649,,0.0295698881149291,115.5460165977478,116.16014187335968,118.63409049510956,117.80447721481325,118.18799569606782,124.05834395885468,118.4385914325714,,110.42982602119446,0.0126376742136954,0.0119813191681914,0.0088929177113168,0.0090943401333814,0.0104928943850003,0.0101626291356157,0.0274367657967324,,0.016056682842614,0.053980790464571,0.0638194898679467,0.011654851101412,0.0126178974490179,0.013200734641019,0.0129442950834693,0.99152016244794,,0.0683081274424572,0.6588134765625,0.6530908203125,0.72080078125,0.70986328125,0.6974609375,0.67314453125,0.38056640625,,0.606982421875
jungle_chess_2pcs_raw_endgame_complete,20,nn,sage,permutation,,,,,,,,0.0104595899581908,,,,,,,,,0.6361881732940674,,,,,,,,,0.0942750076101302,,,,,,,,,0.0166712563971116,,,,,,,,,0.9,
jungle_chess_2pcs_raw_endgame_complete,20,nn,shap,kernel,,,,,,,,0.0102956295013427,,,,,,,,,29.134073281288146,,,,,,,,,0.0247522831383591,,,,,,,,,0.0166712563971116,,,,,,,,,0.9309912109375,
jungle_chess_2pcs_raw_endgame_complete,20,nn,shapiq,kernel,,,,,,,,0.0099281072616576,,,,,,,,,52.47807936668396,,,,,,,,,0.0097170669779118,,,,,,,,,0.0166712563971116,,,,,,,,,0.7118212890625,
jungle_chess_2pcs_raw_endgame_complete,20,xgb,sage,permutation,,,,,,,,0.0103328227996825,,,,,,,,,3.405027890205383,,,,,,,,,0.0845636292956048,,,,,,,,,0.0189098780560954,,,,,,,,,0.98,
jungle_chess_2pcs_raw_endgame_complete,20,xgb,shap,kernel,,,,,,,,0.0103838205337523,,,,,,,,,92.54170141220092,,,,,,,,,0.0261913995538346,,,,,,,,,0.0189098780560954,,,,,,,,,0.9283642578125,
jungle_chess_2pcs_raw_endgame_complete,20,xgb,shapiq,kernel,,,,,,,,0.0108937263488769,,,,,,,,,138.05928220748902,,,,,,,,,0.0103322991845281,,,,,,,,,0.0189098780560954,,,,,,,,,0.7012939453125,
jungle_chess_2pcs_raw_endgame_complete,32,nn,sage,permutation,31.687500286102296,0.0001637458801268,0.3183985471725464,0.2885854244232177,0.3662027359008789,0.2488459587097167,0.3945096731185913,,0.0636651039123534,0.912914514541626,1.3993788480758669,1.175007963180542,1.1443130254745484,1.1657092571258545,0.7589692354202271,0.4700787782669067,,0.9887560606002808,0.1020646511929314,0.0847979317682591,0.0573957509183149,0.0790189810279004,0.057748467013313,0.0544083905943738,1.1575073491877224,,0.2829019383934403,0.0221805662018109,0.0266608972240931,0.0047862517650867,0.0039539134934719,0.0036108066844828,0.0038560828509059,0.9830982494313536,,0.0297975272342224,0.92,0.92,1.0,0.8800000000000001,0.8800000000000001,0.8400000000000001,0.8400000000000001,,1.0
jungle_chess_2pcs_raw_endgame_complete,32,nn,shap,kernel,32.21431803703308,0.0002890825271605,0.3382405757904053,0.3314651012420654,0.4220042943954468,0.2541252613067626,0.420167851448059,,0.0718133449554443,30.195129919052125,37.53781621456146,34.06372408866882,34.91472351551056,34.38849058151245,30.93984785079956,26.1498482465744,,29.770468521118165,0.0243373615352104,0.024929586067622,0.013062994479041,0.0163372996087488,0.0178739562723433,0.0125158849254669,0.1289672445399946,,0.0398510635165794,0.0221805662018109,0.0266608972240931,0.0047862517650867,0.0039539134934719,0.0036108066844828,0.0038560828509059,0.9830982494313536,,0.0297975272342224,0.9333349609375,0.9319970703125,0.95439453125,0.94130859375,0.94365234375,0.9532177734375,0.8286621093750002,,0.9059570312500002
jungle_chess_2pcs_raw_endgame_complete,32,nn,shapiq,kernel,31.69284074306488,0.0002388477325438,0.2459925413131713,0.2368393659591675,0.3170162916183471,0.2310765266418456,0.3497198343276977,,0.0555454492568969,78.14649329185485,87.04607226848603,87.31550114154815,88.48939878940583,86.99618391990661,83.45897424221039,87.00557925701142,,75.14035737514496,0.0092100694269455,0.0084774776124444,0.006632487121444,0.007196129778073,0.007397058638541,0.0068723174782761,0.0509489184537778,,0.0116817782777659,0.0221805662018109,0.0266608972240931,0.0047862517650867,0.0039539134934719,0.0036108066844828,0.0038560828509059,0.9830982494313536,,0.0297975272342224,0.700849609375,0.730732421875,0.780224609375,0.7615234375000001,0.760546875,0.7693261718750002,0.41513671875,,0.6580078125
jungle_chess_2pcs_raw_endgame_complete,32,xgb,sage,permutation,31.397335982322694,0.0001224517822265,0.2422252655029296,0.2318707704544066,0.306257963180542,0.2538557052612304,0.3363180637359618,,0.0754063367843627,5.631474232673645,5.6807455778121945,5.522353744506836,5.23486008644104,5.268501043319702,5.6630476951599125,1.893603515625,,4.549426436424255,0.0658630354691406,0.0793397850496131,0.0449238847705743,0.0575745382715957,0.0457819733812047,0.0359323346221594,1.1816671069342586,,0.2455253003393849,0.0221805662018109,0.0266608972240931,0.0047862517650867,0.0039539134934719,0.0036108066844828,0.0044614893839163,0.9830982494313536,,0.0297975272342224,0.86,0.96,0.8,1.0,1.0,0.8,1.0,,0.8
jungle_chess_2pcs_raw_endgame_complete,32,xgb,shap,kernel,32.38751385211945,0.0001193046569823,0.2281527757644653,0.2228497266769408,0.2937842607498169,0.251934552192688,0.3230653285980224,,0.0708648443222045,132.00927491188048,130.17246401309967,129.48828060626985,129.07657399177552,129.15956676006317,145.44617512226105,78.9350907087326,,132.60743701457977,0.0247871509483003,0.0249689752530737,0.012456604001682,0.0154525639597639,0.0175118347004408,0.0118553467089685,0.1320617943995941,,0.0392758649326044,0.0221805662018109,0.0266608972240931,0.0047862517650867,0.0039539134934719,0.0036108066844828,0.0044614893839163,0.9830982494313536,,0.0297975272342224,0.9332373046875,0.931826171875,0.95498046875,0.94404296875,0.94248046875,0.958642578125,0.8333984375,,0.902490234375
jungle_chess_2pcs_raw_endgame_complete,32,xgb,shapiq,kernel,33.80903868675232,0.0002110719680785,0.2414510488510131,0.2272359609603881,0.3048540353775024,0.2545797824859618,0.3358598470687866,,0.0584954977035521,225.71977789402007,231.9247740983963,237.4369239807129,235.94531202316284,236.18861887454983,246.1092666625977,236.6635277748108,,218.30808308124543,0.0090086642380511,0.0082866448728653,0.0064622096063747,0.0073558633243756,0.0070480609911351,0.0062471798871285,0.0477757592445357,,0.0122613948454589,0.0221805662018109,0.0266608972240931,0.0047862517650867,0.0039539134934719,0.0036108066844828,0.0044614893839163,0.9830982494313536,,0.0297975272342224,0.7223876953125,0.741201171875,0.7908203125000001,0.761181640625,0.774853515625,0.7884277343750001,0.445654296875,,0.65986328125
jungle_chess_2pcs_raw_endgame_complete,40,nn,sage,permutation,,,,,,,,0.0104251384735106,,,,,,,,,1.450273084640503,,,,,,,,,0.0598796490965463,,,,,,,,,0.0068232639222013,,,,,,,,,0.9,
jungle_chess_2pcs_raw_endgame_complete,40,nn,shap,kernel,,,,,,,,0.0105284690856933,,,,,,,,,34.585542392730716,,,,,,,,,0.0195206340478373,,,,,,,,,0.0068232639222013,,,,,,,,,0.9429248046875,
jungle_chess_2pcs_raw_endgame_complete,40,nn,shapiq,kernel,,,,,,,,0.0099906921386718,,,,,,,,,99.71055800914765,,,,,,,,,0.0070327417036704,,,,,,,,,0.0068232639222013,,,,,,,,,0.7746923828125001,
jungle_chess_2pcs_raw_endgame_complete,40,xgb,sage,permutation,,,,,,,,0.0104552507400512,,,,,,,,,7.067797684669495,,,,,,,,,0.0499397832925296,,,,,,,,,0.0071879604453126,,,,,,,,,0.92,
jungle_chess_2pcs_raw_endgame_complete,40,xgb,shap,kernel,,,,,,,,0.0107452392578124,,,,,,,,,157.0861188173294,,,,,,,,,0.0193423516862583,,,,,,,,,0.0071879604453126,,,,,,,,,0.946630859375,
jungle_chess_2pcs_raw_endgame_complete,40,xgb,shapiq,kernel,,,,,,,,0.0100268840789794,,,,,,,,,275.34615659713745,,,,,,,,,0.0071229980452905,,,,,,,,,0.0071879604453126,,,,,,,,,0.7765332031250001,
jungle_chess_2pcs_raw_endgame_complete,64,nn,sage,permutation,31.718619966506957,0.0001599073410033,0.2957631349563598,0.2838452816009521,0.3666152477264404,0.2439721345901489,0.3882037162780761,,0.1202825784683227,2.0269028663635256,2.6320591449737547,2.4518490076065063,2.5057898283004763,2.4261386394500732,1.657298922538757,0.8741474628448487,,2.428509449958802,0.1270668936701686,0.0732019037783619,0.0428322423799628,0.0456648758561574,0.0520779947855865,0.0462805698525651,3.351720822127434,,0.159861113946277,0.0129324329438899,0.0138628352034074,0.0019647628196313,0.0017031256684493,0.0015174584712462,0.002002930967943,0.9881513972413052,,0.0142118674309141,1.0,0.94,1.0,0.92,0.9,0.96,0.94,,1.0
jungle_chess_2pcs_raw_endgame_complete,64,nn,shap,kernel,32.14013969898224,0.0002089738845824,0.3446130275726318,0.3561857938766479,0.4317935705184936,0.2514133214950561,0.4335493326187133,,0.1229899644851684,37.425271368026735,47.76327917575836,44.47743232250214,43.82235953807831,43.74123022556305,38.86673896312713,30.114806914329527,,36.83125815391541,0.0200065705535145,0.0209722636788612,0.0104754215729402,0.0099471195033154,0.0105717141011953,0.0096924278103121,0.1698423113335281,,0.030502512320172,0.0129324329438899,0.0138628352034074,0.0019647628196313,0.0017031256684493,0.0015174584712462,0.002002930967943,0.9881513972413052,,0.0142118674309141,0.94072265625,0.941591796875,0.963671875,0.9643701171875,0.96390625,0.9661083984375,0.8306835937500002,,0.92158203125
jungle_chess_2pcs_raw_endgame_complete,64,nn,shapiq,kernel,31.87768480777741,0.0002383947372436,0.2467983961105346,0.2379231691360473,0.31682870388031,0.2296854257583617,0.3507699251174926,,0.1106316566467285,151.33674914836882,167.10461506843566,167.64676501750947,167.9830308675766,167.92296471595765,162.1223803281784,167.3472060918808,,143.68415689468384,0.0069639611880082,0.0060945093877811,0.0049048778196032,0.0050890111964221,0.0051525446733894,0.004891268233781,0.038345720697562,,0.0088109065085813,0.0129324329438899,0.0138628352034074,0.0019647628196313,0.0017031256684493,0.0015174584712462,0.002002930967943,0.9881513972413052,,0.0142118674309141,0.761708984375,0.7978808593750001,0.8259619140625001,0.8210791015625001,0.8198681640625001,0.8296923828125001,0.388564453125,,0.7217773437499999
jungle_chess_2pcs_raw_endgame_complete,64,xgb,sage,permutation,31.29511876106262,0.0001291036605834,0.241440725326538,0.2336506605148315,0.3066050052642822,0.2535007715225219,0.3375507116317748,,0.1407790184020995,10.49067451953888,10.33614752292633,10.422298789024351,10.458672070503235,10.128930234909058,10.865775227546692,3.3939611196517943,,9.897167539596555,0.0672800132403864,0.0646464110739182,0.0381267109469039,0.0395255874247298,0.0428177646761216,0.0358668799665387,2.744105967046851,,0.161569861546459,0.0129324329438899,0.0138628352034074,0.0019647628196313,0.0017031256684493,0.0015174584712462,0.002032722010488,0.9881513972413052,,0.0142118674309141,0.8800000000000001,0.94,0.94,0.94,1.0,0.96,0.8800000000000001,,0.8
jungle_chess_2pcs_raw_endgame_complete,64,xgb,shap,kernel,32.48907570838928,0.0001189470291137,0.2327618122100829,0.2184343099594115,0.2926039934158325,0.2546500444412231,0.3280986070632934,,0.1162216663360595,236.0060956478119,231.17193217277529,231.05718190670012,230.9911037683487,230.90764524936677,259.8722186088562,132.74361753463745,,236.2286914587021,0.0219204578963151,0.0203852547457966,0.0102759155607292,0.0099167351521317,0.0101147794452188,0.0086730722220206,0.170518709951623,,0.0304234053898043,0.0129324329438899,0.0138628352034074,0.0019647628196313,0.0017031256684493,0.0015174584712462,0.002032722010488,0.9881513972413052,,0.0142118674309141,0.9388232421875,0.9415771484375,0.964755859375,0.966650390625,0.966220703125,0.968916015625,0.8330175781250002,,0.9192382812500002
jungle_chess_2pcs_raw_endgame_complete,64,xgb,shapiq,kernel,33.69126009941101,0.0002194166183471,0.2428236484527587,0.2327512979507446,0.3044318199157714,0.2549170732498168,0.337662386894226,,0.114256739616394,447.7811299562454,482.39100267887113,493.73301963806153,492.26636414527894,489.53420252799987,504.0058760881424,490.8927524805069,,447.0118479967117,0.006516967248151,0.0061375580228242,0.0051103011823879,0.0050814240388253,0.0051054691480239,0.0048251026810655,0.0355723631758537,,0.0093295967969505,0.0129324329438899,0.0138628352034074,0.0019647628196313,0.0017031256684493,0.0015174584712462,0.002032722010488,0.9881513972413052,,0.0142118674309141,0.785634765625,0.7994287109375,0.8218798828125001,0.8247607421875001,0.824853515625,0.8301611328125,0.4066015625,,0.71494140625
jungle_chess_2pcs_raw_endgame_complete,80,nn,sage,permutation,,,,,,,,0.0104700565338134,,,,,,,,,2.887361192703247,,,,,,,,,0.0500611708086242,,,,,,,,,0.0035298844364444,,,,,,,,,1.0,
jungle_chess_2pcs_raw_endgame_complete,80,nn,shap,kernel,,,,,,,,0.0103939294815062,,,,,,,,,46.22848017215729,,,,,,,,,0.0158000907299264,,,,,,,,,0.0035298844364444,,,,,,,,,0.953203125,
jungle_chess_2pcs_raw_endgame_complete,80,nn,shapiq,kernel,,,,,,,,0.0100260734558104,,,,,,,,,192.22758529186248,,,,,,,,,0.005028873054993,,,,,,,,,0.0035298844364444,,,,,,,,,0.831611328125,
jungle_chess_2pcs_raw_endgame_complete,80,xgb,sage,permutation,,,,,,,,0.0105384349822997,,,,,,,,,12.875827288627624,,,,,,,,,0.0397056863523893,,,,,,,,,0.0039056915736888,,,,,,,,,0.86,
jungle_chess_2pcs_raw_endgame_complete,80,xgb,shap,kernel,,,,,,,,0.0111097812652587,,,,,,,,,280.3112780570984,,,,,,,,,0.0158687720379086,,,,,,,,,0.0039056915736888,,,,,,,,,0.9539453125,
jungle_chess_2pcs_raw_endgame_complete,80,xgb,shapiq,kernel,,,,,,,,0.0102072238922118,,,,,,,,,558.8771333932876,,,,,,,,,0.0050688417050988,,,,,,,,,0.0039056915736888,,,,,,,,,0.8306884765625,
jungle_chess_2pcs_raw_endgame_complete,128,nn,sage,permutation,31.607332587242126,0.0002514600753783,0.1739213943481445,0.1447265863418578,0.2051459789276122,0.1559993505477905,0.2421941280364989,,0.253826880455017,3.7074620008468626,4.669445323944092,4.57255265712738,4.468044114112854,4.490843915939331,2.8416616678237916,1.5240772247314454,,4.672256255149842,0.1168484221550876,0.0412506485031867,0.0438242951195739,0.0379099046509668,0.0432525423310152,0.0356052734142558,2.9922345708333977,,0.106556925083718,0.0066091447627979,0.0056259887055714,0.0009600727818772,0.0008721727985306,0.0007863198923242,0.001008720105451,0.9873092059396468,,0.0072167417842864,1.0,0.86,0.96,0.94,0.8800000000000001,0.96,0.9,,1.0
jungle_chess_2pcs_raw_endgame_complete,128,nn,shap,kernel,32.31085057258606,0.0002870559692382,0.3435379266738891,0.3604412555694579,0.4203470706939697,0.2564927577972412,0.4552493095397949,,0.2529036283493041,54.02560315132141,80.30533955097198,73.24838938713074,72.64413950443267,72.57434210777282,55.0965842962265,43.643562936782835,,55.86039366722107,0.0163748374423063,0.0115479650242437,0.0072865812052517,0.0072390587115123,0.0071559688330432,0.0062577290144129,0.1630298002012725,,0.0253828630999599,0.0066091447627979,0.0056259887055714,0.0009600727818772,0.0008721727985306,0.0007863198923242,0.001008720105451,0.9873092059396468,,0.0072167417842864,0.9538623046875,0.96234375,0.9731884765625,0.974111328125,0.9731201171875,0.97681640625,0.8303466796875002,,0.93056640625
jungle_chess_2pcs_raw_endgame_complete,128,nn,shapiq,kernel,31.883069586753845,0.0002761840820312,0.2481483221054076,0.2553721189498901,0.318857216835022,0.2312906265258788,0.3504329204559326,,0.2186527490615844,296.6124258518219,325.56528170108794,326.48497200012207,326.47433998584745,327.3127593755722,318.21889650821686,327.6643172979355,,280.93081200122833,0.0053198166437787,0.0041253089633758,0.0034224154905243,0.0034337777972114,0.0033027499457193,0.0033142335424191,0.0404462536569313,,0.0068094865532735,0.0066091447627979,0.0056259887055714,0.0009600727818772,0.0008721727985306,0.0007863198923242,0.001008720105451,0.9873092059396468,,0.0072167417842864,0.8153027343750001,0.8529003906250001,0.8727734375,0.8719628906250001,0.876123046875,0.8766748046875001,0.3929931640625,,0.77255859375
jungle_chess_2pcs_raw_endgame_complete,128,xgb,sage,permutation,31.392602467536925,0.0001249313354491,0.2435884952545165,0.2337659120559692,0.3079550981521606,0.2561545848846435,0.337348198890686,,0.2440578460693359,19.35837483406067,18.368287348747252,18.669914412498475,19.89265627861023,18.744575262069706,20.64992175102234,6.112279725074768,,19.517839860916137,0.0543340394750619,0.0362796480229697,0.0329665885771404,0.0297557820031021,0.0353386618322714,0.0313899393442004,2.506690497417998,,0.1137169092272327,0.0066091447627979,0.0056259887055714,0.0009600727818772,0.0008721727985306,0.0007863198923242,0.0010260247145526,0.9873092059396468,,0.0072167417842864,0.8400000000000001,0.98,0.92,0.96,0.98,0.9,0.9,,0.8
jungle_chess_2pcs_raw_endgame_complete,128,xgb,shap,kernel,32.232604718208314,0.0002005100250243,0.2324488639831542,0.2198310613632201,0.2937458276748657,0.2797056913375854,0.3239980697631835,,0.226522397994995,441.65497372150423,440.3788102626801,431.0495484352112,435.2493165493012,430.9537586212158,478.9806310415268,243.46074352264404,,440.0031378030777,0.0185839128778025,0.0111813111767914,0.007303848561875,0.0072953825257787,0.0072475559450429,0.0064408090163139,0.1641092240262848,,0.025156658276994,0.0066091447627979,0.0056259887055714,0.0009600727818772,0.0008721727985306,0.0007863198923242,0.0010260247145526,0.9873092059396468,,0.0072167417842864,0.9488818359375,0.963544921875,0.9736279296875,0.9740234375,0.9740185546875,0.977275390625,0.8330810546875002,,0.92958984375
jungle_chess_2pcs_raw_endgame_complete,128,xgb,shapiq,kernel,32.67506601810455,0.0002151727676391,0.2414164543151855,0.2277802467346191,0.3086891889572143,0.2541435718536377,0.3391088008880615,,0.2244492769241332,889.3411562919616,954.32248442173,979.0737832784652,977.1927962779998,976.5502635717392,991.199666929245,967.4859891414642,,885.7532261610031,0.005111586134996,0.0040654352175201,0.0034805838929133,0.0033929459673615,0.0034153372640502,0.0035091721529206,0.0376062625819699,,0.0071050942201383,0.0066091447627979,0.0056259887055714,0.0009600727818772,0.0008721727985306,0.0007863198923242,0.0010260247145526,0.9873092059396468,,0.0072167417842864,0.8308837890625002,0.8534912109375001,0.8727099609375001,0.8751953125000002,0.87568359375,0.871591796875,0.4123046875,,0.7677246093750001
jungle_chess_2pcs_raw_endgame_complete,160,nn,sage,permutation,,,,,,,,0.0104469537734984,,,,,,,,,5.436230111122131,,,,,,,,,0.0434116048938277,,,,,,,,,0.0024921905517051,,,,,,,,,0.98,
jungle_chess_2pcs_raw_endgame_complete,160,nn,shap,kernel,,,,,,,,0.010434055328369,,,,,,,,,78.48815062046052,,,,,,,,,0.0150243740204608,,,,,,,,,0.0024921905517051,,,,,,,,,0.956220703125,
jungle_chess_2pcs_raw_endgame_complete,160,nn,shapiq,kernel,,,,,,,,0.0107319116592406,,,,,,,,,380.4086306810379,,,,,,,,,0.0039437514462992,,,,,,,,,0.0024921905517051,,,,,,,,,0.8628076171875001,
jungle_chess_2pcs_raw_endgame_complete,160,xgb,sage,permutation,,,,,,,,0.0105316638946532,,,,,,,,,24.234071826934816,,,,,,,,,0.0351738246979767,,,,,,,,,0.0027360796368663,,,,,,,,,0.96,
jungle_chess_2pcs_raw_endgame_complete,160,xgb,shap,kernel,,,,,,,,0.0110531568527221,,,,,,,,,524.815335226059,,,,,,,,,0.0145748023982828,,,,,,,,,0.0027360796368663,,,,,,,,,0.9584521484375,
jungle_chess_2pcs_raw_endgame_complete,160,xgb,shapiq,kernel,,,,,,,,0.0100880861282348,,,,,,,,,1122.4343730688097,,,,,,,,,0.0038496531097424,,,,,,,,,0.0027360796368663,,,,,,,,,0.8649560546875001,
jungle_chess_2pcs_raw_endgame_complete,256,nn,sage,permutation,31.694568276405334,0.0001999378204345,0.2972266435623169,0.2820365190505981,0.363838243484497,0.2480481386184692,0.3894694805145263,,0.4768310546875,7.488987874984741,9.167092776298524,9.012852787971497,8.774573278427123,8.889479875564575,5.362519001960754,3.088132357597351,,9.148013877868651,0.1170372075948802,0.0419250581337676,0.0364294395926212,0.0373122451107967,0.0415610032870153,0.0422338197288283,1.5058323054873757,,0.0919756768473357,0.0036299835839495,0.003021850623562,0.0006473683039323,0.0005795123836969,0.0005422118528852,0.0006652950062205,0.983940440733012,,0.0040202611498242,0.98,1.0,0.98,0.98,0.98,1.0,0.86,,1.0
jungle_chess_2pcs_raw_endgame_complete,256,nn,shap,kernel,32.14601714611054,0.0003248691558837,0.3657728910446166,0.3544736385345458,0.4113109350204468,0.2543950796127319,0.4606510162353515,,0.512809944152832,101.76211469173433,180.751772236824,165.39233899116516,155.42672317028047,161.8411808252335,103.6431476831436,83.82307198047639,,114.3871369600296,0.0112565435461524,0.0085180482335462,0.0050593743515071,0.0051577381995607,0.0047347651782771,0.0048934085125896,0.1357797556722502,,0.0211654646613894,0.0036299835839495,0.003021850623562,0.0006473683039323,0.0005795123836969,0.0005422118528852,0.0006652950062205,0.983940440733012,,0.0040202611498242,0.963720703125,0.97380859375,0.9819775390625,0.98064453125,0.98255859375,0.982939453125,0.8289990234375002,,0.94189453125
jungle_chess_2pcs_raw_endgame_complete,256,nn,shapiq,kernel,31.84416296482086,0.0002456426620483,0.2491749048233032,0.2382481813430785,0.3218024253845215,0.2389826536178588,0.3523025751113892,,0.4393893241882324,578.4497089862823,635.5033585309982,640.5027256011963,639.5144948244094,637.6594335079193,619.1988023996353,637.8772413730621,,548.6514526605606,0.0042768706976465,0.0029864398906708,0.0026257664785546,0.0023604818510314,0.0022697355084128,0.0023338038204896,0.0488483854944085,,0.0054350470598664,0.0036299835839495,0.003021850623562,0.0006473683039323,0.0005795123836969,0.0005422118528852,0.0006652950062205,0.983940440733012,,0.0040202611498242,0.8439404296875,0.8892431640625,0.8985937500000001,0.9078662109375,0.9108642578125,0.9095947265625,0.4107080078125,,0.8157714843750001
jungle_chess_2pcs_raw_endgame_complete,256,xgb,sage,permutation,31.42557861804962,0.0001806259155273,0.2438073873519897,0.2338920831680297,0.3065246582031249,0.257061243057251,0.3384115695953369,,0.5505046129226685,36.47629771232605,37.38045556545258,35.57428362369537,35.872875452041626,35.95151858329773,41.60575685501099,11.778282356262206,,37.08710930347443,0.0486443287274229,0.0307875902226903,0.0287241152553401,0.0277502660112897,0.0303020206608543,0.0315637332182933,1.4290574143490926,,0.0899347725688253,0.0036299835839495,0.003021850623562,0.0006473683039323,0.0005795123836969,0.0005422118528852,0.0006470828261541,0.983940440733012,,0.0040202611498242,0.8800000000000001,0.92,0.92,0.94,0.96,0.94,0.98,,0.8
jungle_chess_2pcs_raw_endgame_complete,256,xgb,shap,kernel,32.49538345336914,0.0001742124557494,0.2340352773666381,0.2229036569595336,0.2932869672775268,0.2734590053558349,0.3297822952270507,,0.4528776168823242,853.6770651102066,819.9933127641677,830.4259920597076,829.6417779922485,826.7462250232696,925.176006102562,465.8713365793228,,842.609066939354,0.0150029359156237,0.0083119953131523,0.005279445122757,0.0051571525886957,0.0045534179087113,0.0045355829208227,0.1384712803249322,,0.0211194363574731,0.0036299835839495,0.003021850623562,0.0006473683039323,0.0005795123836969,0.0005422118528852,0.0006470828261541,0.983940440733012,,0.0040202611498242,0.958564453125,0.9743115234375,0.9819873046875,0.9815576171875,0.984287109375,0.984599609375,0.8333349609375,,0.940283203125
jungle_chess_2pcs_raw_endgame_complete,256,xgb,shapiq,kernel,34.213835549354556,0.0002234458923339,0.239963674545288,0.233687663078308,0.3108918190002441,0.2576631307601928,0.3350249528884887,,0.4649810552597045,1833.1378390789032,1863.988905453682,1918.0953559398652,1913.4986531496047,1915.8207411289216,1964.4629230737687,1896.9057283878328,,1748.612193083763,0.0039783329023259,0.0028799602322134,0.002674145343499,0.0024397496248853,0.002301850623491,0.002447320834084,0.0457418600101599,,0.0058222716597479,0.0036299835839495,0.003021850623562,0.0006473683039323,0.0005795123836969,0.0005422118528852,0.0006470828261541,0.983940440733012,,0.0040202611498242,0.8624804687500001,0.8938623046875002,0.8976708984375001,0.9054931640625,0.9106884765625,0.906025390625,0.4376953125,,0.806396484375
jungle_chess_2pcs_raw_endgame_complete,320,nn,sage,permutation,,,,,,,,0.0100505113601684,,,,,,,,,10.81695728302002,,,,,,,,,0.041658263773779,,,,,,,,,0.0020482480762034,,,,,,,,,1.0,
jungle_chess_2pcs_raw_endgame_complete,320,nn,shap,kernel,,,,,,,,0.0099454402923583,,,,,,,,,173.60138959884642,,,,,,,,,0.0142685440984677,,,,,,,,,0.0020482480762034,,,,,,,,,0.9598779296875,
jungle_chess_2pcs_raw_endgame_complete,320,nn,shapiq,kernel,,,,,,,,0.0094593763351439,,,,,,,,,741.7970038890838,,,,,,,,,0.002808009943916,,,,,,,,,0.0020482480762034,,,,,,,,,0.8989404296875001,
jungle_chess_2pcs_raw_endgame_complete,320,xgb,sage,permutation,,,,,,,,0.0104714155197143,,,,,,,,,46.80576241016388,,,,,,,,,0.0400022879868793,,,,,,,,,0.0024471463238603,,,,,,,,,0.94,
jungle_chess_2pcs_raw_endgame_complete,320,xgb,shap,kernel,,,,,,,,0.0093806505203246,,,,,,,,,1017.240824007988,,,,,,,,,0.0143912730978393,,,,,,,,,0.0024471463238603,,,,,,,,,0.9600927734375,
jungle_chess_2pcs_raw_endgame_complete,320,xgb,shapiq,kernel,,,,,,,,0.0102434635162353,,,,,,,,,2211.566374015808,,,,,,,,,0.0030377263625301,,,,,,,,,0.0024471463238603,,,,,,,,,0.8928759765625001,
kin8nm,8,nn,sage,permutation,8.030053353309631,0.0002452850341796,0.0105315685272216,0.0100358963012695,0.012296175956726,0.0106069803237914,0.0257442235946654,,0.0056139945983886,0.6297919511795044,0.2150033235549926,0.7099419832229614,0.2040504455566406,0.2728017091751099,0.6888361692428588,0.1120088100433349,,0.5963112354278565,0.0287480028659245,0.0173408477834274,0.0066216372836329,0.00967605251577,0.0067611512878992,0.0150090949483347,0.274412255041084,,0.0211790600942533,0.0992943413689331,0.0922473874096804,0.0489475483573765,0.0468019594750531,0.0489475483573765,0.0550156418568644,0.9919370500980949,,0.1168420561472268,0.92,0.98,1.0,1.0,1.0,1.0,0.8,,0.94
kin8nm,8,nn,shap,kernel,8.116528534889222,0.0002936840057372,0.01021249294281,0.0111298561096191,0.0156317949295043,0.0112851619720458,0.0262942075729369,,0.0045562982559203,14.834164381027222,15.862701416015623,15.255856037139893,15.353070878982544,15.439295840263366,15.934931993484495,15.24364001750946,,14.585793709754943,0.1016240649114411,0.086624455654256,0.0652938873201798,0.0541761111573652,0.0652938873201798,0.0714789252995696,0.2721358824040159,,0.091651798391382,0.0992943413689331,0.0922473874096804,0.0489475483573765,0.0468019594750531,0.0489475483573765,0.0550156418568644,0.9919370500980949,,0.1168420561472268,0.7916308593750001,0.8134082031250001,0.8408203125000002,0.8702148437500001,0.8408203125000002,0.8391601562500002,0.644140625,,0.8258789062500002
kin8nm,8,nn,shapiq,kernel,8.114048647880555,0.0002506971359252,0.0110249280929565,0.0105069160461425,0.016711139678955,0.0117329597473144,0.0281081199645995,,0.0063267230987548,32.74163479804993,37.25208745002747,37.55911731719971,37.53835570812225,37.29500074386597,37.374855518341064,37.44203410148621,,33.299152970314026,0.0549058698726271,0.0536161716899062,0.0435964816857322,0.0430621236911281,0.0435964816857322,0.043095049424323,0.1531240718821815,,0.0423467232788578,0.0992943413689331,0.0922473874096804,0.0489475483573765,0.0468019594750531,0.0489475483573765,0.0550156418568644,0.9919370500980949,,0.1168420561472268,0.5877734375,0.593056640625,0.6513671875,0.6587890624999999,0.6513671875,0.6392578124999999,0.28134765625,,0.709765625
kin8nm,8,xgb,sage,permutation,8.155906987190246,0.0001978158950805,0.009816551208496,0.0085605144500732,0.0123251914978026,0.0110234975814818,0.0254632234573363,,0.004617404937744,0.7853273391723633,0.7872534036636353,0.9618542671203614,0.5886239528656005,0.7429922819137573,0.8010516405105591,0.3045046806335448,,0.8159398794174194,0.0287003889697157,0.0189664986958903,0.0048977060756073,0.0053306380735562,0.0050110017275395,0.0063034181149094,0.201332523995893,,0.015797007284835,0.0992943413689331,0.0922473874096804,0.0489475483573765,0.0468019594750531,0.0489475483573765,0.0535242786240448,0.9919370500980949,,0.1168420561472268,0.92,0.98,1.0,1.0,1.0,1.0,0.8400000000000001,,0.98
kin8nm,8,xgb,shap,kernel,8.13725004196167,0.0001600980758666,0.0117548465728759,0.0106182813644408,0.0129235744476318,0.0104865789413451,0.0259835720062255,,0.0054133653640746,31.791391944885255,30.120723700523374,30.5806067943573,30.49592204093933,30.46272475719452,30.914413952827452,30.547171092033388,,31.179292941093443,0.0947384340125897,0.0832580409681217,0.0494499598891815,0.0443178192496171,0.0494499598891815,0.0508062961071833,0.2372713926785748,,0.0759456712406293,0.0992943413689331,0.0922473874096804,0.0489475483573765,0.0468019594750531,0.0489475483573765,0.0535242786240448,0.9919370500980949,,0.1168420561472268,0.801376953125,0.8145117187500001,0.8721679687500001,0.89111328125,0.8721679687500001,0.8777343750000002,0.66826171875,,0.8303710937500002
kin8nm,8,xgb,shapiq,kernel,8.248371791839599,0.0002192735671996,0.0144591093063353,0.0146541833877563,0.0205622911453246,0.0143792629241942,0.0296719551086425,,0.0049463748931884,53.867936563491824,60.20510201454162,59.889833498001096,59.73706228733063,59.6744066953659,52.00855655670166,59.84303913116455,,58.43820223808289,0.0454740726438791,0.0450253651416766,0.0349150036439102,0.0342273638020206,0.0349150036439102,0.0350819587804394,0.137530361361924,,0.0326438337994855,0.0992943413689331,0.0922473874096804,0.0489475483573765,0.0468019594750531,0.0489475483573765,0.0535242786240448,0.9919370500980949,,0.1168420561472268,0.5933203125000001,0.6002734375,0.65341796875,0.6615234375000001,0.65341796875,0.65498046875,0.27490234375,,0.7052734375
kin8nm,16,nn,sage,permutation,8.031509566307069,0.0001966238021849,0.0094744443893432,0.0085852146148681,0.0121120452880858,0.0105756282806395,0.0229348421096801,,0.0093268394470214,0.3432140827178955,0.3353587627410888,0.3617815971374511,0.2889365434646606,0.2844078063964843,0.2356965541839599,0.146136975288391,,0.3378191471099853,0.0104019599815959,0.0107684348011875,0.0047765276549825,0.0044018636638111,0.0046841841828904,0.0053990611352914,0.2800713677590386,,0.0205826741309256,0.0477674718390187,0.0464014551050517,0.0183835744594939,0.0181167644132634,0.0173782460853914,0.0190546292207645,0.9919370500980949,,0.0760088294933942,0.98,0.98,1.0,1.0,1.0,1.0,0.8,,1.0
kin8nm,16,nn,shap,kernel,8.119644689559937,0.0002588987350463,0.0101250648498534,0.0092687368392943,0.0125622272491454,0.0106338262557982,0.0233752965927123,,0.0083227396011352,18.71338672637939,19.42323281764984,19.126675271987914,18.918015837669373,18.97390112876892,18.849476766586303,18.90440979003906,,17.517223525047303,0.0645029455601296,0.0593550856169609,0.0344751454218041,0.0280796129073793,0.0376465704870722,0.0345979697442415,0.2721358824040159,,0.0789908232105146,0.0477674718390187,0.0464014551050517,0.0183835744594939,0.0181167644132634,0.0173782460853914,0.0190546292207645,0.9919370500980949,,0.0760088294933942,0.8433691406250002,0.8500000000000002,0.8897460937500001,0.9177734375,0.90302734375,0.9017578125,0.644140625,,0.86171875
kin8nm,16,nn,shapiq,kernel,8.27013976573944,0.0002425670623778,0.0109017372131347,0.0097071409225463,0.0138169765472411,0.0110304832458495,0.0262376785278319,,0.0081874847412108,59.73521153926849,68.73369827270508,69.01369805335999,68.9428138256073,68.6637951374054,68.41325452327729,68.5327050447464,,60.833771276474,0.0389843545438781,0.0382412241465118,0.0261561759491507,0.022146002337262,0.0219404872229759,0.0234007280760765,0.1531240718821815,,0.0382069776781296,0.0477674718390187,0.0464014551050517,0.0183835744594939,0.0181167644132634,0.0173782460853914,0.0190546292207645,0.9919370500980949,,0.0760088294933942,0.673544921875,0.669560546875,0.7597656250000001,0.7967773437500001,0.7987304687500001,0.7769531250000001,0.28134765625,,0.7308593750000001
kin8nm,16,xgb,sage,permutation,8.187563824653626,0.0001877546310424,0.009222388267517,0.0081909418106078,0.0120888710021972,0.0092244863510131,0.0229755163192748,,0.0145197391510009,1.1831331491470336,1.2041985034942626,1.3135017156600952,0.8606995582580567,1.0940335035324096,1.3095847368240356,0.4402294874191284,,0.9741061687469482,0.0083421688061134,0.0090385221021601,0.0054265210033541,0.0040350415446029,0.0071871413859633,0.0054932022463022,0.20162692157872,,0.0180912745662774,0.0477674718390187,0.0464014551050517,0.0183835744594939,0.0181167644132634,0.0173782460853914,0.0194667583610488,0.9919370500980949,,0.0760088294933942,0.98,0.98,1.0,1.0,1.0,1.0,0.8400000000000001,,1.0
kin8nm,16,xgb,shap,kernel,8.358591389656066,0.0001571655273437,0.0089793682098388,0.0080031394958495,0.0115986347198485,0.0090916872024535,0.022847557067871,,0.0204877853393554,50.02350890636444,47.90216104984283,48.10965313911438,48.17270376682281,48.031830072402954,48.40350332260132,48.2092134475708,,49.00891335010529,0.0571568547470771,0.0538494183786582,0.0360184337589996,0.0254842544433161,0.0371931263761519,0.0432596077909942,0.2372713926785748,,0.0680764918017682,0.0477674718390187,0.0464014551050517,0.0183835744594939,0.0181167644132634,0.0173782460853914,0.0194667583610488,0.9919370500980949,,0.0760088294933942,0.858466796875,0.8607324218750001,0.8936523437500001,0.925,0.90341796875,0.896875,0.66826171875,,0.8572265625000002
kin8nm,16,xgb,shapiq,kernel,8.270771527290345,0.0002160549163817,0.0110660314559936,0.0096264600753783,0.0137745141983031,0.0102893352508544,0.0261188507080077,,0.0089128255844115,102.9232748746872,114.06603922843934,113.3645963191986,113.43232836723328,113.21733503341676,97.52613942623138,113.8699892282486,,110.27510604858398,0.0316213833444128,0.0312967536270184,0.0240665912517829,0.0197058191714765,0.0204614597986488,0.0234489024288418,0.137530361361924,,0.029336503609031,0.0477674718390187,0.0464014551050517,0.0183835744594939,0.0181167644132634,0.0173782460853914,0.0194667583610488,0.9919370500980949,,0.0760088294933942,0.69078125,0.6810644531250001,0.74521484375,0.7914062500000001,0.78466796875,0.7603515625,0.27490234375,,0.7220703125000001
kin8nm,32,nn,sage,permutation,7.991151952743531,0.0001882076263427,0.0096288442611693,0.0087836980819701,0.0123528242111205,0.0104872465133666,0.0228487730026244,,0.0147462129592895,0.6471550703048706,0.6828577995300293,0.6044567823410034,0.5887649774551391,0.5757604837417603,0.4585594654083252,0.3830068826675415,,0.7591617822647094,0.0073086817692729,0.0069602081767279,0.0065327680918481,0.0056714741609646,0.0050249089663251,0.0052524387531348,0.2822443184220285,,0.0080360832958225,0.0278492270668235,0.0229984298915793,0.0085342193521665,0.0085180565735594,0.0077016145650488,0.0085344323776876,0.993060847603628,,0.0439065621219129,1.0,1.0,1.0,1.0,1.0,1.0,0.8,,1.0
kin8nm,32,nn,shap,kernel,8.086131906509399,0.0002640724182128,0.0096890449523925,0.0090417146682738,0.0126793384552001,0.0106527090072631,0.0237733125686645,,0.017690348625183,31.373612356185912,33.51614034175873,33.1652289390564,34.274923300743104,34.59199757575989,25.987700605392455,34.405488872528075,,26.93226237297058,0.0455776360139232,0.0418710888561057,0.0303910415643389,0.0275934644072785,0.0239466653493366,0.0226322168383093,0.2825350634477161,,0.0559574030568306,0.0278492270668235,0.0229984298915793,0.0085342193521665,0.0085180565735594,0.0077016145650488,0.0085344323776876,0.993060847603628,,0.0439065621219129,0.8830957031250002,0.8922656250000001,0.919345703125,0.92607421875,0.93484375,0.938505859375,0.641162109375,,0.8880859375
kin8nm,32,nn,shapiq,kernel,8.092658615112304,0.0002211332321166,0.0107575416564941,0.0097474813461303,0.0139957666397094,0.0107635974884032,0.025985288619995,,0.0196890830993651,113.85438272953031,128.64314105510712,130.7209671020508,130.16013104915618,130.84108021259308,130.32876811027526,130.98831529617308,,116.1421643257141,0.0271442360560931,0.0268005522793217,0.0187219319115349,0.0173415663125947,0.0162018986002031,0.016153492836161,0.1559378812585348,,0.0265022077957375,0.0278492270668235,0.0229984298915793,0.0085342193521665,0.0085180565735594,0.0077016145650488,0.0085344323776876,0.993060847603628,,0.0439065621219129,0.752041015625,0.7507910156250001,0.81369140625,0.8277636718750001,0.8359179687500001,0.8377734375000001,0.285859375,,0.7996093750000002
kin8nm,32,xgb,sage,permutation,8.195813870429992,0.0001872539520263,0.0092708349227904,0.0082622528076171,0.0122398376464843,0.0098078489303588,0.023097801208496,,0.0170919179916381,2.0311286211013795,1.9258902311325072,1.7750741720199583,2.1218735218048095,1.8205530166625976,1.82397096157074,0.7528317451477051,,1.632158875465393,0.0069680480495758,0.0064678874843483,0.0062262769851635,0.0050645735746256,0.0048008978072632,0.0047777300042421,0.218486505402971,,0.0083485819875025,0.0278492270668235,0.0229984298915793,0.0085342193521665,0.0085180565735594,0.0077016145650488,0.008429354417304,0.993060847603628,,0.0439065621219129,1.0,1.0,1.0,1.0,1.0,1.0,0.8200000000000001,,1.0
kin8nm,32,xgb,shap,kernel,8.341673755645752,0.0001576423645018,0.0090926885604857,0.0082802057266234,0.0138094663619994,0.0093291759490966,0.0226930618286132,,0.0204061269760131,85.63749613761902,82.32612676620484,82.41000010967255,83.14816040992737,83.15457999706268,82.7259785413742,82.82598180770874,,85.12836484909057,0.0433648900045606,0.037771425390452,0.028638901796774,0.023857117274919,0.0245053954360751,0.0240779602834726,0.2471486031197181,,0.051464236549225,0.0278492270668235,0.0229984298915793,0.0085342193521665,0.0085180565735594,0.0077016145650488,0.008429354417304,0.993060847603628,,0.0439065621219129,0.887900390625,0.902607421875,0.924521484375,0.937333984375,0.932998046875,0.935869140625,0.6634082031249999,,0.8750976562500001
kin8nm,32,xgb,shapiq,kernel,8.342509603500366,0.0002495050430297,0.010704731941223,0.0097176790237426,0.0138657808303832,0.0100613594055175,0.0264257669448852,,0.0179079294204711,200.49751720428463,219.0636108636856,218.04460263252255,217.50866611003875,218.7415595293045,186.86754593849184,218.2832654237747,,211.28238625526427,0.0227760196267228,0.0217860923404621,0.0158520219084692,0.0149967798703529,0.0147927204454058,0.0142688247603745,0.1415263572189112,,0.0220587294269705,0.0278492270668235,0.0229984298915793,0.0085342193521665,0.0085180565735594,0.0077016145650488,0.008429354417304,0.993060847603628,,0.0439065621219129,0.763681640625,0.7667773437500001,0.821494140625,0.8314257812500001,0.8338281250000001,0.8390429687500001,0.2770214843749999,,0.78173828125
kin8nm,64,nn,sage,permutation,8.060473012924195,0.000193428993225,0.0117694616317748,0.0087318420410155,0.0127059459686278,0.010837173461914,0.0244851827621459,,0.0287617444992064,1.4238303422927856,1.3307764768600463,1.2792431116104126,1.2868881702423096,1.2815191745758057,0.8809886455535889,0.6165178537368774,,1.647605800628662,0.0047947731381215,0.0051958186581918,0.0050781796356731,0.0046471244064214,0.0038037579965013,0.0044080640623781,0.2888305909311075,,0.006624845373132,0.0122487301775133,0.0116799424291395,0.0035905619451856,0.0036350981639509,0.0031892567236596,0.0038845458867801,0.993060847603628,,0.0216618075417435,1.0,1.0,1.0,1.0,1.0,1.0,0.8,,1.0
kin8nm,64,nn,shap,kernel,8.146756505966186,0.0002636909484862,0.0114876508712768,0.0093039274215697,0.0160318613052367,0.0110150575637817,0.0238167762756347,,0.0317018270492553,75.8541574716568,71.07626740932464,67.20017743110657,74.20700702667236,71.23536343574524,44.04444415569306,70.86018781661987,,55.44355285167694,0.0334213427016355,0.0331004873235143,0.0187184235695461,0.0170551896713832,0.0186564999593302,0.0185094497924012,0.2825350634477161,,0.044352189172451,0.0122487301775133,0.0116799424291395,0.0035905619451856,0.0036350981639509,0.0031892567236596,0.0038845458867801,0.993060847603628,,0.0216618075417435,0.90923828125,0.915341796875,0.953349609375,0.956474609375,0.951220703125,0.953837890625,0.641162109375,,0.90400390625
kin8nm,64,nn,shapiq,kernel,8.28097836971283,0.0002523183822631,0.0111226797103881,0.0101483106613158,0.0179184198379516,0.0109221458435058,0.0278841733932494,,0.0329302310943603,220.8232938766479,240.2402289390564,253.8561107635498,253.576700758934,252.89457087516783,252.4610785484314,255.1156864881515,,226.36496138572693,0.0197618105605207,0.0192660668704891,0.0111795518111027,0.0110115219012954,0.0111077122753165,0.0113359551267454,0.1559378812585348,,0.0193589276622279,0.0122487301775133,0.0116799424291395,0.0035905619451856,0.0036350981639509,0.0031892567236596,0.0038845458867801,0.993060847603628,,0.0216618075417435,0.809638671875,0.8106835937500001,0.8849414062500001,0.8843652343750001,0.8842089843750001,0.8832812500000001,0.285859375,,0.838671875
kin8nm,64,xgb,sage,permutation,8.22274956703186,0.0002035856246947,0.0093997478485106,0.0084331274032592,0.0119839906692504,0.0096523761749267,0.0236486434936523,,0.0307579517364501,3.920416235923767,3.037729334831238,3.460297703742981,3.4761099576950074,3.914162111282349,3.6432432174682616,1.478766107559204,,3.300266885757446,0.0045730126423307,0.0048623517997441,0.0043004040849683,0.0040133561064124,0.0039043118466981,0.004247580271931,0.221369755088099,,0.0068165241553892,0.0122487301775133,0.0116799424291395,0.0035905619451856,0.0036350981639509,0.0031892567236596,0.0038336931981327,0.993060847603628,,0.0216618075417435,1.0,1.0,1.0,1.0,1.0,1.0,0.8,,1.0
kin8nm,64,xgb,shap,kernel,8.302684330940247,0.0002899646759032,0.0091161966323852,0.0087288379669188,0.0118264436721801,0.0091863393783568,0.0228245735168456,,0.0282222747802733,154.7827649116516,151.9523522377014,151.45926768779754,151.79411296844484,152.2766182422638,151.00450410842896,152.79034259319306,,156.09579882621765,0.0284553976890158,0.0301634952683339,0.019584741315724,0.0165730331048266,0.0203110857855273,0.0182545392181033,0.2471486031197181,,0.0418788171345295,0.0122487301775133,0.0116799424291395,0.0035905619451856,0.0036350981639509,0.0031892567236596,0.0038336931981327,0.993060847603628,,0.0216618075417435,0.922431640625,0.92228515625,0.954013671875,0.95744140625,0.94921875,0.955478515625,0.6634082031249999,,0.89736328125
kin8nm,64,xgb,shapiq,kernel,8.445797109603882,0.0002495527267455,0.0135520458221434,0.0102169036865233,0.0194133758544921,0.0122814416885375,0.0352831840515136,,0.0329795598983764,393.7533629417419,433.22735171318055,430.4085810184479,430.98160526752474,430.4649572134018,360.93499619960784,431.1382569313049,,414.74149770736693,0.0159230635604302,0.0158843363437713,0.0099699339960928,0.0098964833433983,0.0100009507943854,0.0097804878503896,0.1415263572189112,,0.0165229362735234,0.0122487301775133,0.0116799424291395,0.0035905619451856,0.0036350981639509,0.0031892567236596,0.0038336931981327,0.993060847603628,,0.0216618075417435,0.819892578125,0.8178906250000001,0.8811914062500001,0.88166015625,0.8853515625,0.8865136718750002,0.2770214843749999,,0.8248046875000001
kin8nm,128,nn,sage,permutation,8.070462894439697,0.0002017498016357,0.0112261056900023,0.0088786363601684,0.0135226964950561,0.0108945846557616,0.0232659578323363,,0.0594298362731933,2.7443021297454835,2.9280412197113037,2.842111420631409,2.782411551475525,2.75132668018341,1.9420657396316527,1.4447404146194458,,3.2958192110061644,0.0058923714475953,0.0053290561181848,0.0046866831379889,0.0049065776703357,0.0041297518119295,0.0051612659163641,0.2909705705089199,,0.0054966963324824,0.0068030583840233,0.0059788926824649,0.0020656020673854,0.0019466109425097,0.0018674184745803,0.0020296057968882,0.994184645109161,,0.0101122429764602,1.0,1.0,1.0,1.0,1.0,1.0,0.8,,1.0
kin8nm,128,nn,shap,kernel,8.16234712600708,0.0002607822418212,0.0122598648071288,0.0103811025619506,0.0132266521453857,0.0121457815170287,0.0268838882446288,,0.0566662311553954,164.41128118038176,159.17664968967438,147.78060791492462,156.93683931827545,152.51196172237397,93.23263263702393,151.38269386291503,,124.12537515163422,0.0258477237921953,0.0248973923077201,0.0176681330582593,0.0153999751042747,0.0155269223155167,0.0150849907131075,0.2929342444914163,,0.027823216941151,0.0068030583840233,0.0059788926824649,0.0020656020673854,0.0019466109425097,0.0018674184745803,0.0020296057968882,0.994184645109161,,0.0101122429764602,0.93162109375,0.935458984375,0.957763671875,0.96443359375,0.963291015625,0.96568359375,0.63818359375,,0.93544921875
kin8nm,128,nn,shapiq,kernel,8.278669190406799,0.0002590179443358,0.0115900039672851,0.0116055011749267,0.0172521829605102,0.0112719058990478,0.0297716140747069,,0.0625447750091552,437.6795845746994,490.96323268413545,500.5230964422226,499.5737573385239,499.53489022254945,498.0640217065811,500.5572629928589,,445.7455876350403,0.014476740735587,0.0137951721172428,0.0087566702052881,0.0081270031850405,0.0079348018278397,0.0075117536164812,0.1587516892907478,,0.0131907540136004,0.0068030583840233,0.0059788926824649,0.0020656020673854,0.0019466109425097,0.0018674184745803,0.0020296057968882,0.994184645109161,,0.0101122429764602,0.8535742187500001,0.85673828125,0.9069921875,0.912509765625,0.915009765625,0.919931640625,0.2898828125,,0.87890625
kin8nm,128,xgb,sage,permutation,8.301098895072936,0.000195288658142,0.0096952915191649,0.0090022325515746,0.0125458240509032,0.00982928276062,0.0238830566406249,,0.0607258796691894,6.959455895423889,7.76998462677002,6.390852975845337,6.446360969543457,6.830575180053711,6.627159523963928,3.121478772163391,,6.565769982337952,0.0057537366669774,0.0045475567423798,0.004485515652057,0.0045343168657829,0.0038923061923026,0.0045942485429719,0.2372528599005136,,0.0050009411202654,0.0068030583840233,0.0059788926824649,0.0020656020673854,0.0019466109425097,0.0018674184745803,0.0020538079423735,0.994184645109161,,0.0101122429764602,1.0,1.0,1.0,1.0,1.0,1.0,0.8200000000000001,,1.0
kin8nm,128,xgb,shap,kernel,8.353514313697815,0.0001534223556517,0.0090497493743896,0.008089256286621,0.0120979070663451,0.0093237400054931,0.0238595962524413,,0.0613780021667479,294.1401615858078,286.9794229507446,291.8331130981445,291.855056476593,290.3346800327301,287.72213635444643,290.7838302850723,,297.2473280191422,0.0249940873260921,0.0238207156638358,0.0171869148840745,0.0154045203222709,0.0159597154522993,0.0152569452755075,0.2570258135608614,,0.0267771403544622,0.0068030583840233,0.0059788926824649,0.0020656020673854,0.0019466109425097,0.0018674184745803,0.0020538079423735,0.994184645109161,,0.0101122429764602,0.935078125,0.9372265625,0.961123046875,0.964892578125,0.963974609375,0.96490234375,0.6585546874999999,,0.93291015625
kin8nm,128,xgb,shapiq,kernel,8.451036500930787,0.0002905130386352,0.012210726737976,0.0119085788726806,0.016282820701599,0.0140137672424315,0.0278891563415527,,0.0663438796997069,760.6245539188385,843.580268740654,834.6922407150269,836.1192197799683,835.9617441177368,713.9840472459794,837.0388774871826,,811.7000195503235,0.0122573878646884,0.0113489898274793,0.0077359470516528,0.0072780176733095,0.0073697395912929,0.0071900171336358,0.1455223530758984,,0.0112520501015109,0.0068030583840233,0.0059788926824649,0.0020656020673854,0.0019466109425097,0.0018674184745803,0.0020538079423735,0.994184645109161,,0.0101122429764602,0.858125,0.8645605468750001,0.906884765625,0.91265625,0.91291015625,0.91412109375,0.279140625,,0.87373046875
kings_county,16,nn,sage,permutation,106.3053215265274,0.0002707242965697,0.333651304244995,0.3083617925643921,0.4156793594360352,0.3040558576583861,0.9083723783493042,,0.0457913875579833,2.6856940031051635,3.5129342555999754,4.125184893608093,3.2537834882736205,3.2846676826477053,3.431853699684143,0.5309109210968017,,3.117430567741394,0.0062971266575786,0.0060917178237395,0.0026748423305652,0.0024617147052135,0.0024168178684911,0.0026005782164935,2.0174182647478425,,0.0036005424402636,0.0425676312693719,0.0515138243268005,0.0142554194127734,0.0147261012016252,0.0148964062942836,0.0145190457541807,0.6133654329438283,,0.0404519379817402,0.94,0.98,1.0,1.0,1.0,1.0,0.6,,1.0
kings_county,16,nn,shap,kernel,108.30109281539916,0.0002170085906982,0.2852793216705321,0.2805804014205932,0.3609217643737793,0.3172070503234863,0.8840753078460694,,0.0461421966552733,330.58823969364164,341.0118833065033,382.7140110969543,395.6170675039291,386.2460932731629,383.0562808036804,391.7260564804077,,333.96008307933806,0.0159928092648042,0.0173059482378862,0.0088749354603069,0.0088432923017908,0.0083578542865098,0.0080245012420231,0.2996454095247292,,0.0107641336746809,0.0425676312693719,0.0515138243268005,0.0142554194127734,0.0147261012016252,0.0148964062942836,0.0145190457541807,0.6133654329438283,,0.0404519379817402,0.8219775390625002,0.8010009765625,0.8934472656250001,0.901123046875,0.9156640625,0.8950292968750002,0.5760986328125,,0.8688964843750002
kings_county,16,nn,shapiq,kernel,106.4340320587158,0.0002662658691405,0.2746062994003295,0.2676776409149169,0.3515266895294189,0.2943775415420532,0.8796425342559815,,0.0562902927398681,2727.2079790592193,2705.909183549881,2885.370692062378,2863.558191108704,2853.0234112501143,3157.0889159440994,2858.7011503219605,,2804.502175426483,0.0042482078926818,0.0041999976695148,0.0029621132113298,0.0029410401082019,0.0030036925355616,0.0029943748651442,0.0620685574368175,,0.0031052577815347,0.0425676312693719,0.0515138243268005,0.0142554194127734,0.0147261012016252,0.0148964062942836,0.0145190457541807,0.6133654329438283,,0.0404519379817402,0.6285937500000001,0.59298828125,0.7559521484375,0.8183789062500001,0.80498046875,0.7520214843749999,0.216494140625,,0.74255859375
kings_county,16,xgb,sage,permutation,107.42966780662536,0.0001811265945434,0.2706457614898681,0.2595659255981445,0.3448855400085449,0.2893875122070312,0.8544088840484619,,0.0516763925552367,9.97647030353546,8.929567623138428,8.350745344161988,8.223878431320191,8.270095324516296,8.610470271110534,0.9715091466903688,,9.61243541240692,0.0059093289442862,0.004722019932068,0.0023611649246101,0.0028629301263631,0.0023570506100861,0.0022992414602419,1.4640191164226295,,0.0028556793000201,0.0425676312693719,0.0515138243268005,0.0142554194127734,0.0147261012016252,0.0148964062942836,0.0145190457541807,0.6133654329438283,,0.0404519379817402,1.0,0.96,1.0,1.0,1.0,1.0,0.6,,1.0
kings_county,16,xgb,shap,kernel,106.42426457405092,0.0003128290176391,0.2873448848724365,0.2641198873519897,0.3484237909317016,0.3089968681335449,0.8664042711257934,,0.0469487667083739,733.6103774785995,719.6574557304382,722.204615688324,738.0222033500671,741.905727314949,776.3777885913848,733.0344944238662,,768.7947288036346,0.0189903463144326,0.0195487745299252,0.0121624481272074,0.0122603350800139,0.010096663090212,0.0118581087944477,0.2689197779268483,,0.0126380795584299,0.0425676312693719,0.0515138243268005,0.0142554194127734,0.0147261012016252,0.0148964062942836,0.0145190457541807,0.6133654329438283,,0.0404519379817402,0.8026464843750001,0.8047753906250001,0.8822021484375,0.8826464843750002,0.900751953125,0.871728515625,0.487666015625,,0.8612158203125002
kings_county,16,xgb,shapiq,kernel,109.42266159057615,0.0002513170242309,0.2912400722503662,0.2670387268066406,0.3511069536209106,0.2944520950317383,0.8804112911224365,,0.0797192096710204,3745.925561118126,3632.8243775367737,3831.3884781122206,3783.5321764945984,3772.522400188446,3807.989255475998,3815.3052446842194,,4025.5306249141695,0.0052179942477716,0.005102178604154,0.0040293781577092,0.00416742104195,0.0043341177108738,0.0041293715039943,0.0544683348821616,,0.0041357341937336,0.0425676312693719,0.0515138243268005,0.0142554194127734,0.0147261012016252,0.0148964062942836,0.0145190457541807,0.6133654329438283,,0.0404519379817402,0.5982861328125,0.6040771484375,0.7077685546875,0.6637890625,0.7020068359375,0.7017919921875,0.133876953125,,0.6730859375
kings_county,32,nn,sage,permutation,116.3892011642456,0.000242519378662,0.3270150423049926,0.3151412963867187,0.4060341119766235,0.3081927537918091,0.962623119354248,,0.0855080842971801,5.227991771697998,7.196086049079895,8.29801585674286,7.1657003402709964,7.544485378265381,6.288396859169007,1.1405401706695557,,5.292377400398254,0.0036594485040693,0.0040145660844805,0.0025834884301299,0.0021031073912592,0.0020561775663725,0.0018029985398026,1.7812832316739549,,0.0026236931471468,0.0286236880794639,0.0220351486046439,0.0061846072821223,0.0063645110852283,0.0058192768037801,0.0057928433052506,0.5959186322511423,,0.0195391692422352,1.0,1.0,1.0,1.0,1.0,1.0,0.6,,1.0
kings_county,32,nn,shap,kernel,118.21443672180176,0.0002450704574584,0.2971017122268676,0.2787013053894042,0.3617758512496948,0.3070324420928955,0.871696949005127,,0.0936345815658568,550.2585168838501,624.1281286478043,709.349562239647,733.4074976921081,716.5054722309112,637.3571343183518,731.6623064041138,,576.9551251411438,0.0139983577520385,0.0126773972093056,0.0078769746398749,0.0053983025873663,0.0059420867141801,0.0054217478418828,0.2816519924455555,,0.0078355106688869,0.0286236880794639,0.0220351486046439,0.0061846072821223,0.0063645110852283,0.0058192768037801,0.0057928433052506,0.5959186322511423,,0.0195391692422352,0.846884765625,0.8678076171875,0.90330078125,0.934912109375,0.93251953125,0.9363623046875,0.5759814453125001,,0.9037109375
kings_county,32,nn,shapiq,kernel,116.3504550933838,0.0002364397048949,0.2806154489517211,0.264493727684021,0.3477110147476195,0.2968705654144287,0.8832971096038819,,0.0954383373260497,4325.276953601837,4307.745389175415,4572.6448677301405,4567.3304650068285,4549.8231765031815,5057.268754243851,4560.15804131031,,4452.785797572136,0.0034901150492063,0.0033028274882007,0.0024270010420137,0.0022340909925575,0.0023387357134658,0.0022503409967244,0.058814493263129,,0.0026339944537777,0.0286236880794639,0.0220351486046439,0.0061846072821223,0.0063645110852283,0.0058192768037801,0.0057928433052506,0.5959186322511423,,0.0195391692422352,0.6857470703125,0.7391699218750001,0.8159130859375001,0.8531982421875002,0.8296337890625001,0.8543261718750002,0.2171435546875,,0.8041259765625002
kings_county,32,xgb,sage,permutation,117.6414894104004,0.0001779317855834,0.272001314163208,0.2594487190246582,0.3420632123947143,0.2891636133193969,0.8561116218566894,,0.0965920448303222,16.75047833919525,14.218141436576843,16.754508137702942,16.173139524459838,16.01302487850189,15.613212394714356,1.7726760149002074,,15.931852245330813,0.003657728786388,0.0036760857945765,0.0023830741413507,0.0017990972237032,0.001870614853699,0.0019724338359747,1.2873601358156377,,0.0021725946907699,0.0286236880794639,0.0220351486046439,0.0061846072821223,0.0063645110852283,0.0058192768037801,0.0053446349993342,0.5959186322511423,,0.0195391692422352,1.0,1.0,1.0,1.0,1.0,1.0,0.6,,1.0
kings_county,32,xgb,shap,kernel,117.23918216228483,0.0003024101257323,0.2754516601562499,0.2728950023651123,0.3468602657318115,0.286026930809021,0.8720018863677979,,0.1080249309539794,1322.612783241272,1279.787122941017,1308.577833533287,1312.5891938209534,1318.4417288064956,1386.2152533769608,1302.0978289604186,,1363.435117459297,0.0182725457229016,0.014116975565853,0.0106428049622602,0.00687472622736,0.0071243961772747,0.0100104317802747,0.2522204124697281,,0.0104730793765432,0.0286236880794639,0.0220351486046439,0.0061846072821223,0.0063645110852283,0.0058192768037801,0.0053446349993342,0.5959186322511423,,0.0195391692422352,0.8037500000000002,0.8673583984375002,0.8868750000000001,0.9268359375,0.9303955078125,0.8902343750000001,0.490634765625,,0.8889208984375001
kings_county,32,xgb,shapiq,kernel,118.34592077732086,0.0002851486206054,0.2761531352996825,0.2677795171737671,0.3547122001647949,0.2815791606903076,0.8718440771102905,,0.1109477519989013,6334.481659650803,6149.8115690231325,6479.708997392654,6407.986034846306,6380.689728665352,6433.362215805054,6461.104192852974,,6811.405058312416,0.0044246711119455,0.0039838040708232,0.0032066400255182,0.0032756244403181,0.003158488260027,0.003402521348783,0.0516981306009333,,0.0035820309091482,0.0286236880794639,0.0220351486046439,0.0061846072821223,0.0063645110852283,0.0058192768037801,0.0053446349993342,0.5959186322511423,,0.0195391692422352,0.6591796875,0.7141748046875,0.7582812500000001,0.773076171875,0.771796875,0.7597998046875001,0.1350146484375,,0.736650390625
kings_county,64,nn,sage,permutation,122.33867535591123,0.0002279758453368,0.339571475982666,0.3245577335357666,0.3945750713348389,0.3057231187820434,0.8943970203399658,,0.1669332742691039,11.445963406562806,15.521111273765564,16.85769600868225,16.379281997680664,16.385098528862,13.965001344680786,2.2756356954574586,,11.322558951377868,0.003032354186224,0.0029707035902207,0.0019366376689124,0.0020565542297013,0.0021250017607526,0.0017451720352208,1.7756345620286589,,0.0019632536821522,0.0164366684091187,0.0120132126974041,0.0025920194924954,0.0027877982096979,0.0027128073081655,0.0026265649638978,0.5959186322511423,,0.0157941456588558,1.0,1.0,1.0,1.0,1.0,1.0,0.6,,1.0
kings_county,64,nn,shap,kernel,124.56915442943571,0.0001867532730101,0.3088365793228149,0.2828433036804199,0.3693386554718017,0.3058263301849365,0.8694097995758057,,0.1932705640792846,1164.099576473236,1230.366063141823,1446.6624336004256,1471.3032458543778,1433.4886113882064,1332.748376441002,1484.5005020856856,,1183.4932097673416,0.0095636210385483,0.0095944098601726,0.0050574248813047,0.0044934714758087,0.0045492622519845,0.0049798023105118,0.2816520591916502,,0.0065412570462662,0.0164366684091187,0.0120132126974041,0.0025920194924954,0.0027877982096979,0.0027128073081655,0.0026265649638978,0.5959186322511423,,0.0157941456588558,0.8899804687500001,0.8975341796875,0.938427734375,0.9455126953125,0.944404296875,0.93916015625,0.57607421875,,0.9225830078125
kings_county,64,nn,shapiq,kernel,122.36706237792968,0.0002804040908812,0.2732895374298095,0.2613641500473022,0.3426541090011596,0.2959118127822876,0.8848217010498047,,0.2051833391189575,7514.032407617569,7487.099983000755,7980.952137851715,7970.778279662132,7908.937663936615,8808.946058773994,7952.430207014084,,7752.977203917503,0.0028404960526758,0.002695827526901,0.0019696791569088,0.001983350241997,0.0020182621352589,0.0019725600549679,0.0588096826661091,,0.0025197758213013,0.0164366684091187,0.0120132126974041,0.0025920194924954,0.0027877982096979,0.0027128073081655,0.0026265649638978,0.5959186322511423,,0.0157941456588558,0.7514794921875001,0.7948144531250001,0.875732421875,0.8858642578125002,0.8700732421875002,0.8751611328125002,0.2171240234374999,,0.824560546875
kings_county,64,xgb,sage,permutation,123.56000292301178,0.0001728773117064,0.2727794408798217,0.2590342044830322,0.3525833129882812,0.2908890724182128,0.8537291765213013,,0.1860020399093627,36.49763433933258,27.746219754219055,30.634705209732054,29.873948049545287,30.52056820392609,32.597286629676816,3.361310410499573,,29.55833520889282,0.0033058167900028,0.0024633619205995,0.0016731973082601,0.0016062856037676,0.0016512866672702,0.0014775517232359,1.2822025640494676,,0.0020119919071088,0.0164366684091187,0.0120132126974041,0.0025920194924954,0.0027877982096979,0.0027128073081655,0.0026543061609621,0.5959186322511423,,0.0157941456588558,1.0,0.98,1.0,1.0,1.0,1.0,0.6,,1.0
kings_county,64,xgb,shap,kernel,123.03087348937989,0.0020451545715331,0.2802624464035034,0.262133765220642,0.350975751876831,0.2877870559692382,0.8617719650268555,,0.1804471015930175,2476.344662642479,2404.5231355905535,2443.127246308327,2439.146681213379,2465.7972489595413,2582.2735897541047,2458.175807285309,,2549.733106088638,0.0142423278170549,0.0105426888687781,0.0064800838983059,0.0064357122076909,0.0060004389614011,0.0061705494765447,0.2521911754288596,,0.0095774723468956,0.0164366684091187,0.0120132126974041,0.0025920194924954,0.0027877982096979,0.0027128073081655,0.0026543061609621,0.5959186322511423,,0.0157941456588558,0.8435888671875,0.9008203125000002,0.9342236328125,0.933916015625,0.93927734375,0.936396484375,0.4905322265625,,0.9060107421875
kings_county,64,xgb,shapiq,kernel,125.31497180461884,0.000289750099182,0.290287685394287,0.2774704694747924,0.3603752374649048,0.3123533964157104,0.8719003438949585,,0.2092301607131957,11533.080237555503,11202.777710962297,11788.593111801149,11644.087113904952,11603.54252898693,11653.290887022018,11713.68709616661,,12345.965260672569,0.0036685767677471,0.0032182332165433,0.0026622846022796,0.0027535432546272,0.0026801884099087,0.002620426505219,0.0517020934395564,,0.003257863715934,0.0164366684091187,0.0120132126974041,0.0025920194924954,0.0027877982096979,0.0027128073081655,0.0026543061609621,0.5959186322511423,,0.0157941456588558,0.720068359375,0.7687939453125001,0.8307226562500001,0.8272021484375001,0.8308740234375002,0.8347021484375,0.1353710937499999,,0.7635937500000001
kings_county,128,nn,sage,permutation,116.73194382190704,0.0002611875534057,0.3289291620254516,0.3244826316833496,0.3953338384628296,0.3104751586914062,0.9231799602508544,,0.3312417268753052,20.455313634872436,30.491631865501404,31.24002001285553,31.749617886543273,31.109754943847655,25.88094711303711,4.689606428146362,,21.604539775848387,0.0023964518853626,0.0022042097749408,0.0014948074573585,0.0017588350049573,0.0013779290127261,0.001833652177815,1.7799977336883743,,0.0022552649663545,0.0091154979753237,0.0046208102734394,0.0011554056751052,0.001227534741848,0.0011842587265952,0.0011848790674148,0.5959186322511425,,0.011986320002281,1.0,1.0,1.0,1.0,1.0,1.0,0.6,,1.0
kings_county,128,nn,shap,kernel,118.18267250061037,0.0002689599990844,0.2931079149246215,0.2777503013610839,0.3567554235458374,0.3080607414245605,0.8727203369140625,,0.3759514331817626,2134.2835176467897,2356.289159822464,2782.0850162982942,2811.089562511444,2741.3220700502397,2524.8487698316576,2823.3968353509904,,2222.036807847023,0.0073567722109758,0.0057627875686657,0.0038329192048814,0.0033026136323045,0.0034707988763556,0.0038442861905618,0.2816105793403686,,0.0070497589324875,0.0091154979753237,0.0046208102734394,0.0011554056751052,0.001227534741848,0.0011842587265952,0.0011848790674148,0.5959186322511425,,0.011986320002281,0.9152587890625,0.9342578125,0.9523291015625,0.959755859375,0.9573095703125,0.9517333984375,0.5766064453124999,,0.91169921875
kings_county,128,nn,shapiq,kernel,116.3041616678238,0.0003028869628905,0.278052258491516,0.2611345767974853,0.3541000843048095,0.3133347034454345,0.8776656866073609,,0.3754907846450805,13910.22021791935,13778.511359500884,14746.717084407806,14727.606813049317,14631.938192629814,16314.328263306616,14692.8496758461,,14378.222184348106,0.0024050522449747,0.0021023185781433,0.0017318455877499,0.0017413640286636,0.0017319799649358,0.0017251919484273,0.0588125050683424,,0.0024036552740601,0.0091154979753237,0.0046208102734394,0.0011554056751052,0.001227534741848,0.0011842587265952,0.0011848790674148,0.5959186322511425,,0.011986320002281,0.8205908203125001,0.8512890625,0.90447265625,0.9119873046875,0.9087451171875,0.9058007812500002,0.217587890625,,0.8336572265625002
kings_county,128,xgb,sage,permutation,116.9724699497223,0.0001677274703978,0.2754275798797607,0.2626205682754516,0.3437092304229736,0.2923473834991454,0.8555150747299194,,0.3959172248840331,69.85736997127533,62.51009440422058,59.0236407995224,60.00146589279175,59.11732950210571,63.5638026714325,6.598445177078247,,56.139455223083495,0.002806412237808,0.0018378317819525,0.0013616928819894,0.0015451284284861,0.0013228857081951,0.0014795609824066,1.2840124096320618,,0.0019332409952065,0.0091154979753237,0.0046208102734394,0.0011554056751052,0.001227534741848,0.0011842587265952,0.0011396111553021,0.5959186322511425,,0.011986320002281,1.0,1.0,1.0,1.0,1.0,1.0,0.6,,1.0
kings_county,128,xgb,shap,kernel,116.69620263576508,0.0007014751434325,0.2774076461791992,0.2663207292556763,0.3502089738845825,0.2974292755126952,0.8601726293563843,,0.33749520778656,4772.223849534988,4676.082204151154,4713.564862108231,4714.270745611191,4766.481191754341,5027.011955475808,4719.588852524757,,4932.211933636665,0.0116729163991627,0.0065120305417491,0.0049893890609364,0.0046692683668741,0.0044173930359756,0.005206681915612,0.2521815628717258,,0.0096972463515902,0.0091154979753237,0.0046208102734394,0.0011554056751052,0.001227534741848,0.0011842587265952,0.0011396111553021,0.5959186322511425,,0.011986320002281,0.8753027343750001,0.9352294921875,0.9481298828125,0.951474609375,0.9548291015625,0.94671875,0.4908056640625,,0.8969531250000001
kings_county,128,xgb,shapiq,kernel,118.78915138244628,0.0002664804458617,0.2852432966232299,0.2649815082550048,0.3530472517013549,0.3106812477111816,0.8765918731689453,,0.4939647197723388,21862.675870132447,22051.463157272337,22384.052469325063,22029.69995472431,22046.043058633804,21847.343014764785,22267.68701505661,,23434.825159931184,0.0031712616992316,0.0025143204290675,0.0022390533454371,0.0023155049427493,0.0022490329492364,0.0022424226906871,0.0516929847933843,,0.0030576503973853,0.0091154979753237,0.0046208102734394,0.0011554056751052,0.001227534741848,0.0011842587265952,0.0011396111553021,0.5959186322511425,,0.011986320002281,0.7667724609375001,0.8399609375000001,0.8756787109375,0.867685546875,0.8743505859375,0.8716113281250001,0.1349121093749999,,0.7946875
kings_county,256,nn,sage,permutation,125.62149288654328,0.0002282142639159,0.317613410949707,0.3214781522750854,0.4044894933700561,0.3097922563552856,0.933999228477478,,0.6714751720428467,46.36626677513122,65.3735369682312,66.0600132226944,62.3077398777008,67.60010869503022,55.05772256851196,9.569222974777222,,45.03759880065918,0.0020464115173535,0.0017177172548052,0.0018697759051538,0.0015587393856045,0.0016083476632668,0.0016575051893982,1.77663791865659,,0.0021687604592164,0.004994152900306,0.0025879192061248,0.0006059970564015,0.0006121797081311,0.0005936050736078,0.0006022261496493,0.5959186322511424,,0.0107780996230971,1.0,1.0,1.0,1.0,1.0,1.0,0.6,,1.0
kings_county,256,nn,shap,kernel,127.81521821022034,0.0003934621810912,0.3146976947784424,0.2776231050491333,0.356412124633789,0.3191601276397705,0.8746128797531127,,0.6668090105056763,4108.197331285477,4639.377003121376,5587.540237355232,5455.544973349572,5310.560693192482,4937.956732296943,5634.3002620697025,,4303.0438009023665,0.0052058255849838,0.0043030896339265,0.0032311127132227,0.0031393437246729,0.0030489586409841,0.0034033201791416,0.2816131570264805,,0.009596322377538,0.004994152900306,0.0025879192061248,0.0006059970564015,0.0006121797081311,0.0005936050736078,0.0006022261496493,0.5959186322511424,,0.0107780996230971,0.9389892578125,0.9479833984375,0.9609765625,0.961796875,0.9629345703125,0.9587451171875,0.576396484375,,0.8858251953125
kings_county,256,nn,shapiq,kernel,125.7262021780014,0.000305676460266,0.2871755361557007,0.2785417795181274,0.3449966430664062,0.2998779773712158,0.8872430324554443,,0.7352790117263794,26713.08658108711,26349.23482317925,28238.79458553791,28248.655795907973,28088.617231464385,31412.23431861401,28267.2887291193,,27660.87410495281,0.0020401904597531,0.0018586246610543,0.0016407171425768,0.0016330136205779,0.001614951867902,0.0016286321656926,0.0588040101172402,,0.0025876520511825,0.004994152900306,0.0025879192061248,0.0006059970564015,0.0006121797081311,0.0005936050736078,0.0006022261496493,0.5959186322511424,,0.0107780996230971,0.8554833984375001,0.8812646484375002,0.916708984375,0.9223876953125,0.923427734375,0.919716796875,0.2171533203125,,0.8341015625000001
kings_county,256,xgb,sage,permutation,126.368430352211,0.0002517700195311,0.2752264022827148,0.2609649181365966,0.3469019889831543,0.293414545059204,0.858921217918396,,0.763146448135376,132.33967661857605,119.8401136636734,120.3616029024124,117.65925300121307,122.56427421569823,127.4480838537216,13.052684330940249,,98.5147173166275,0.0023624471516854,0.0011616697788699,0.0016830607972596,0.0014420637229948,0.001320145082356,0.001075408341698,1.283848090370363,,0.0020866081385675,0.004994152900306,0.0025879192061248,0.0006059970564015,0.0006121797081311,0.0005936050736078,0.0005980380411913,0.5959186322511424,,0.0107780996230971,1.0,1.0,1.0,1.0,1.0,1.0,0.6,,1.0
kings_county,256,xgb,shap,kernel,126.77074179649352,0.0004183053970336,0.2856438398361205,0.2807785034179687,0.356185245513916,0.3195981502532959,0.8655779361724854,,0.7202584743499756,9382.72346549034,9168.57513039112,9276.93952176571,9294.449351930618,9219.494252252578,9839.150878286362,9235.147438812255,,9638.757871747017,0.0104330109990103,0.0045935711281506,0.0039312379282721,0.0038344953114569,0.0036770461519592,0.0040296286517205,0.2521676387855757,,0.011513233122474,0.004994152900306,0.0025879192061248,0.0006059970564015,0.0006121797081311,0.0005936050736078,0.0005980380411913,0.5959186322511424,,0.0107780996230971,0.883017578125,0.952607421875,0.959560546875,0.961884765625,0.961748046875,0.9585009765625,0.4910693359375,,0.8856787109375001
kings_county,256,xgb,shapiq,kernel,128.80593793392185,0.0002859592437743,0.2863016366958618,0.2658972024917602,0.3506000995635986,0.3315534353256225,0.8727364778518677,,0.8760468244552613,42585.409032821655,43662.288496136665,43471.42036652565,42792.62440187931,42879.45304310322,42302.56403260231,43083.114644217494,,45684.46881420612,0.0028573820015885,0.002164503885255,0.0020362293683334,0.0020271775568038,0.0020298952802954,0.0020237921998005,0.0516915251934961,,0.0029680721277355,0.004994152900306,0.0025879192061248,0.0006059970564015,0.0006121797081311,0.0005936050736078,0.0005980380411913,0.5959186322511424,,0.0107780996230971,0.7989990234375001,0.8815478515625002,0.8988623046875001,0.9026123046875,0.9030029296875,0.9016064453125,0.1347265624999999,,0.8085156250000001
letter,16,nn,sage,permutation,117.28623676300047,0.0001776456832885,0.2109885931015014,0.1931092977523803,0.2610058784484863,0.3423536300659179,0.6448296070098877,,0.0310030937194823,0.945859169960022,0.6864688158035278,0.913558053970337,0.4436923980712891,0.4829516172409057,1.0849933385849,0.6643161296844482,,1.2062398195266724,0.5643926177836903,0.4839712750191641,0.6933700648075514,0.5781509307453805,0.5903953212955446,0.5228201980091874,1.6979310465922872,,0.4712173695003497,0.0601577190918307,0.0510108827148952,0.0165376589855202,0.0174917290677353,0.0169433678334009,0.0173852743832345,1.096917051522271,,0.0423365592606141,0.6599999999999999,0.6599999999999999,0.44,0.38,0.4,0.44,0.38,,0.6
letter,16,nn,shap,kernel,115.66622548103332,0.0003312587738036,0.2944245100021362,0.2768162488937377,0.3632084846496582,0.3374181985855102,0.7470971345901489,,0.0431445121765136,707.5995748758316,628.5481261014938,681.8179156303406,673.9402772426605,678.8181270837783,698.9480120420455,618.1440666913986,,691.3219178915024,0.0181814153952132,0.0163471774236049,0.0092976051355117,0.0098174243635862,0.0099361784005642,0.0101693370801012,0.0692249088572158,,0.015396263096126,0.0601577190918307,0.0510108827148952,0.0165376589855202,0.0174917290677353,0.0169433678334009,0.0173852743832345,1.096917051522271,,0.0423365592606141,0.8275390625,0.8415380859375,0.9076904296875,0.8979736328125,0.9041308593750002,0.8993652343750002,0.5022558593750001,,0.8693212890625001
letter,16,nn,shapiq,kernel,,,,,,0.3064711809158325,,,,,,,,,2798.0008103847504,,,,,,,,,0.0072315665913277,,,,,,,,,0.0173852743832345,,,,,,,,,0.505888671875,,,
letter,16,xgb,sage,permutation,115.67836253643036,0.0002458572387694,0.2747246026992797,0.2476105213165283,0.3195849418640136,0.361129355430603,0.7194782972335816,,0.0599876880645751,14.344353485107424,19.323257660865785,59.12703454494476,60.75816752910614,27.587371253967284,20.142344927787786,15.43516755104065,,30.715602302551268,0.2182769715164511,0.2985931043685698,0.4342843755792892,0.4405791848465706,0.374727267949509,0.3416558932377154,0.7737944625938378,,0.2728603930542693,0.0601577190918307,0.0510108827148952,0.0165376589855202,0.0174917290677353,0.0169433678334009,0.0182174540584387,1.096917051522271,,0.0423365592606141,0.62,0.6599999999999999,0.8,0.38,0.6799999999999999,0.5599999999999999,0.4,,0.6
letter,16,xgb,shap,kernel,,,,,,0.3325421571731567,,,,,,,,,12155.040239858628,,,,,,,,,0.0089674905664613,,,,,,,,,0.0182174540584387,,,,,,,,,0.9137451171875,,,
letter,26,nn,sage,permutation,,,,,,,,0.0071100950241088,,,,,,,,,1.369882011413574,,,,,,,,,0.3481485733337663,,,,,,,,,0.0511197904941616,,,,,,,,,0.78,
letter,26,nn,shap,kernel,,,,,,,,0.0079920768737792,,,,,,,,,934.501134443283,,,,,,,,,0.0128613577713365,,,,,,,,,0.0511197904941616,,,,,,,,,0.8886914062500001,
letter,26,nn,shapiq,kernel,,,,,,,,0.0090161800384521,,,,,,,,,4190.376132440567,,,,,,,,,0.0061357010631694,,,,,,,,,0.0511197904941616,,,,,,,,,0.6152587890625,
letter,26,xgb,sage,permutation,,,,,,,,0.0079769372940062,,,,,,,,,21.163745999336243,,,,,,,,,0.1085858212193356,,,,,,,,,0.0535145442358231,,,,,,,,,0.8800000000000001,
letter,32,nn,sage,permutation,107.84065940380096,0.0001408338546752,0.2052339553833007,0.1902809143066406,0.2602924108505249,0.345687460899353,0.6443496465682983,,0.0613281726837157,1.1997050523757935,1.5706624746322633,1.14756920337677,1.143252420425415,1.1375590324401856,1.0064487695693969,1.4037793636322022,,0.9779462099075318,0.3586127282286878,0.3372990189138198,0.2362905628280009,0.2551552927723822,0.4139143633942319,0.2301865332424483,1.6938881590635646,,0.3126598661983478,0.0261793423060722,0.0218346465125968,0.0076831018861242,0.0087372933591203,0.0069416952454642,0.0077154266142321,1.096917051522271,,0.0231071238941887,0.6799999999999999,0.72,0.8400000000000001,0.8,0.86,0.8,0.4,,0.6
letter,32,nn,shap,kernel,106.2536584854126,0.0003175497055053,0.2632670879364013,0.2533092021942138,0.3287387371063232,0.3460804462432861,0.7227146863937378,,0.0648218393325805,1026.1143158197403,929.2584381818772,991.2178357601166,987.8294974088668,990.440469264984,1006.9204914808272,923.642524766922,,986.5453712940216,0.0133778015633489,0.0117386446494057,0.0075705648711408,0.0074600786770646,0.0072009721249401,0.0071698754053486,0.0692437044280367,,0.0125103240147929,0.0261793423060722,0.0218346465125968,0.0076831018861242,0.0087372933591203,0.0069416952454642,0.0077154266142321,1.096917051522271,,0.0231071238941887,0.8696484375000001,0.8859375000000002,0.921923828125,0.927119140625,0.9276123046875,0.9273388671875,0.5026269531249999,,0.89185546875
letter,32,nn,shapiq,kernel,,,,,,0.3043435335159302,,,,,,,,,4544.9607615947725,,,,,,,,,0.0057009244737537,,,,,,,,,0.0077154266142321,,,,,,,,,0.5967041015625,,,
letter,32,xgb,sage,permutation,106.3210105419159,0.0001861095428466,0.2638701438903808,0.2402800798416137,0.3372122764587402,0.3473612785339355,0.7141573429107666,,0.0968732595443725,29.82363772392273,41.98379986286163,40.379458451271056,30.959769630432127,83.46651604175568,29.333057379722597,30.60108153820038,,32.21616513729096,0.1527498607576993,0.2643994779008851,0.1284193256314256,0.1195088602268059,0.3899479349610341,0.0922815700028484,0.7780089115638473,,0.1075963670059348,0.0261793423060722,0.0218346465125968,0.0076831018861242,0.0087372933591203,0.0069416952454642,0.0081623517596561,1.096917051522271,,0.0231071238941887,0.74,0.62,0.74,0.8,0.7,0.8800000000000001,0.4,,0.8200000000000001
letter,32,xgb,shap,kernel,,,,,,0.3405381679534912,,,,,,,,,23583.05879969597,,,,,,,,,0.0060341301200414,,,,,,,,,0.0081623517596561,,,,,,,,,0.938828125,,,
letter,52,nn,sage,permutation,,,,,,,,0.007702350616455,,,,,,,,,1.6897427797317506,,,,,,,,,0.2323480967979316,,,,,,,,,0.0118456022309282,,,,,,,,,0.8800000000000001,
letter,52,nn,shap,kernel,,,,,,,,0.008295726776123,,,,,,,,,1488.3676508426663,,,,,,,,,0.0086680491571178,,,,,,,,,0.0118456022309282,,,,,,,,,0.91994140625,
letter,52,nn,shapiq,kernel,,,,,,,,0.0073945760726928,,,,,,,,,7180.816936302185,,,,,,,,,0.0050721794227673,,,,,,,,,0.0118456022309282,,,,,,,,,0.6616552734375001,
letter,52,xgb,sage,permutation,,,,,,,,0.0080228090286254,,,,,,,,,40.938845944404605,,,,,,,,,0.0855517189358649,,,,,,,,,0.0133095128978954,,,,,,,,,0.86,
letter,64,nn,sage,permutation,107.5143138885498,0.0001418590545653,0.2073481321334838,0.1922681331634521,0.2602379560470581,0.3586005687713623,0.6438944816589356,,0.1202228784561156,1.9897814750671388,2.357794117927551,2.2814227104187013,2.282013988494873,2.286388874053955,1.8625150680541993,2.2852907180786133,,1.759986257553101,0.2177661459320488,0.190009242493572,0.1352336141811059,0.1405268883452631,0.1476000669745365,0.161706240919726,1.704702993871075,,0.2395669549521931,0.0137852553170689,0.0132102683423475,0.002902416737118,0.0029021489649964,0.0026158686164943,0.0029353767156518,1.096917051522271,,0.0134639537650714,0.8,0.8400000000000001,0.92,0.98,0.98,0.92,0.4,,0.74
letter,64,nn,shap,kernel,106.24344809055329,0.0004387378692626,0.2642475605010986,0.2478308677673339,0.3326075553894042,0.3341419219970703,0.723194694519043,,0.1262398481369018,1693.653503704071,1569.8221120119094,1638.7285374879837,1643.1945593357086,1644.7792681455612,1635.5431814908982,1573.2069993257523,,1607.3468900203704,0.0099638645268864,0.0098680048560375,0.0060540612827211,0.0059935803902956,0.0059251878507081,0.0058511822064694,0.0692394314489,,0.0094947252915031,0.0137852553170689,0.0132102683423475,0.002902416737118,0.0029021489649964,0.0026158686164943,0.0029353767156518,1.096917051522271,,0.0134639537650714,0.9039208984375,0.9042138671875,0.9419140625,0.9417919921875,0.942275390625,0.942666015625,0.5029833984375001,,0.922529296875
letter,64,nn,shapiq,kernel,,,,,,0.3073402404785156,,,,,,,,,8081.60446536541,,,,,,,,,0.0047395199149895,,,,,,,,,0.0029353767156518,,,,,,,,,0.6650781250000001,,,
letter,64,xgb,sage,permutation,106.205131483078,0.0002906560897826,0.2548787355422973,0.2447303771972656,0.31896653175354,0.3501668453216552,0.7009999990463257,,0.2051936626434326,48.64662270545959,48.227670788764954,59.65997838973999,60.851633358001706,59.61002080440521,56.43496913909912,60.51683235168457,,62.278756165504454,0.0958537784742361,0.0818283336700138,0.0509791989760802,0.0597983563080899,0.0586708482719926,0.0601743844867457,0.7782587378111057,,0.1103290106090097,0.0137852553170689,0.0132102683423475,0.002902416737118,0.0029021489649964,0.0026158686164943,0.0029535242663827,1.096917051522271,,0.0134639537650714,0.78,0.78,0.8800000000000001,0.92,0.92,0.8200000000000001,0.4,,0.9
letter,64,xgb,shap,kernel,,,,,,0.3278838634490966,,,,,,,,,46746.71588978767,,,,,,,,,0.0047139692714845,,,,,,,,,0.0029535242663827,,,,,,,,,0.953251953125,,,
letter,104,nn,sage,permutation,,,,,,,,0.0071934461593627,,,,,,,,,3.226830077171326,,,,,,,,,0.1425162252369048,,,,,,,,,0.0037924659131748,,,,,,,,,0.96,
letter,104,nn,shap,kernel,,,,,,,,0.007364797592163,,,,,,,,,2572.481436705589,,,,,,,,,0.0060967737896758,,,,,,,,,0.0037924659131748,,,,,,,,,0.942314453125,
letter,104,nn,shapiq,kernel,,,,,,,,0.0091342449188231,,,,,,,,,13251.391219067573,,,,,,,,,0.0044962356618102,,,,,,,,,0.0037924659131748,,,,,,,,,0.6982080078125,
letter,104,xgb,sage,permutation,,,,,,,,0.0086235284805297,,,,,,,,,81.03189957141876,,,,,,,,,0.0587828737579426,,,,,,,,,0.00380836136868,,,,,,,,,0.92,
letter,128,nn,sage,permutation,121.61792743206024,0.0001432418823241,0.241944408416748,0.2286660909652709,0.3084479331970214,0.327540111541748,0.6863234996795654,,0.2295398473739623,3.8543979644775392,4.60897126197815,4.79483392238617,4.536914682388305,4.526475334167481,3.6775874137878417,4.5908287525177,,3.476127767562866,0.12969813631383,0.1226019569050109,0.1041818041489166,0.1169873832252939,0.108687335530033,0.0938248095037969,1.7023104565913325,,0.1961065261505116,0.0074968241972067,0.005983395232495,0.0011915864311499,0.0011813965151965,0.0010145467660875,0.001232299638948,1.0969170515222713,,0.0067439282303838,0.92,0.9,1.0,0.98,0.98,0.96,0.4,,0.72
letter,128,nn,shap,kernel,120.49248740673065,0.000681710243225,0.2657556772232055,0.2491041898727416,0.3320544242858886,0.3417629957199096,0.7224104166030884,,0.2404191493988036,3022.555915760994,2808.346058177948,2895.186359667778,2912.322369861603,2909.98226006031,2886.040444135666,2847.331087613106,,2845.658793091774,0.007934568950521,0.0074878959572908,0.0053566284130676,0.005249307107637,0.0052312705438737,0.0052541397944977,0.0692602109159121,,0.0069412088776337,0.0074968241972067,0.005983395232495,0.0011915864311499,0.0011813965151965,0.0010145467660875,0.001232299638948,1.0969170515222713,,0.0067439282303838,0.92349609375,0.9254736328125,0.9485693359375,0.9492724609375,0.9499609375,0.9485302734375,0.5023974609375,,0.938115234375
letter,128,nn,shapiq,kernel,,,,,,0.3074650764465331,,,,,,,,,15058.137640047073,,,,,,,,,0.0042954760702248,,,,,,,,,0.001232299638948,,,,,,,,,0.6994580078125,,,
letter,128,xgb,sage,permutation,120.088388299942,0.0002131223678588,0.2664101600646972,0.2519446372985839,0.3186451911926269,0.359413981437683,0.7094696044921875,,0.3006068944931029,96.42290136814115,99.77896914482116,118.30202679634094,119.56350374221802,119.95049736499786,111.78790102005004,117.38893976211548,,120.14599876403808,0.0678619166142294,0.0574894266161296,0.041858919488344,0.0485052215817603,0.0449273758141792,0.0422777181396879,0.7746818932393209,,0.0839846570973495,0.0074968241972067,0.005983395232495,0.0011915864311499,0.0011813965151965,0.0010145467660875,0.0012066248689504,1.0969170515222713,,0.0067439282303838,0.86,0.8800000000000001,0.8800000000000001,0.86,0.86,0.8400000000000001,0.4,,0.8200000000000001
letter,128,xgb,shap,kernel,,,,,,0.3647945880889892,,,,,,,,,93806.88206260205,,,,,,,,,0.0039850358498751,,,,,,,,,0.0012066248689504,,,,,,,,,0.9604931640625,,,
letter,208,nn,sage,permutation,,,,,,,,0.0073803901672362,,,,,,,,,6.4382559061050415,,,,,,,,,0.1123943084882719,,,,,,,,,0.0016609179873487,,,,,,,,,1.0,
letter,208,nn,shap,kernel,,,,,,,,0.0078310728073119,,,,,,,,,4779.7476659297945,,,,,,,,,0.0054464601103902,,,,,,,,,0.0016609179873487,,,,,,,,,0.9471142578125,
letter,208,nn,shapiq,kernel,,,,,,,,0.0079602003097533,,,,,,,,,25377.549217414857,,,,,,,,,0.0042231514378475,,,,,,,,,0.0016609179873487,,,,,,,,,0.7134912109375,
letter,208,xgb,sage,permutation,,,,,,,,0.0082217216491698,,,,,,,,,160.89208536148072,,,,,,,,,0.03857363672937,,,,,,,,,0.0015562447958249,,,,,,,,,0.8400000000000001,
letter,256,nn,sage,permutation,107.59671204090118,0.0001476764678954,0.2449471712112426,0.2308952331542968,0.3083438634872436,0.3600358724594116,0.6878862142562866,,0.4687755584716797,7.719353222846985,8.992830538749695,9.043807101249694,9.039521861076356,9.06159963607788,7.600869798660279,9.047314071655274,,6.928012156486512,0.0994636739410486,0.0929741871172169,0.0784847788720453,0.0772161860942563,0.0728676501718099,0.0798191752813856,1.83120258255364,,0.0981946228400424,0.0041386968540212,0.0032937420007591,0.0005556884963839,0.0005261755681203,0.0004945163351319,0.0005666526574654,1.0857255179385386,,0.0041550355021598,0.94,0.96,0.98,0.96,0.98,1.0,0.4599999999999999,,1.0
letter,256,nn,shap,kernel,106.54511983394625,0.0009750366210936,0.2658790826797485,0.2500096321105957,0.3376955986022949,0.32965829372406,0.7236936569213868,,0.5035511970520019,5679.345140433312,5302.431765031814,5524.809004878998,5529.5195448160175,5512.567716336251,5435.420349144935,5405.246759986878,,5363.850353336335,0.00681505186627,0.0064979743934424,0.0050166297507273,0.0049508900088624,0.0049357063966596,0.004997137905262,0.0680350838707695,,0.0061409597944329,0.0041386968540212,0.0032937420007591,0.0005556884963839,0.0005261755681203,0.0004945163351319,0.0005666526574654,1.0857255179385386,,0.0041550355021598,0.9326220703125,0.9366162109375,0.9516650390625,0.9526171875,0.95287109375,0.9515234375,0.5039404296875001,,0.9428564453125
letter,256,nn,shapiq,kernel,,,,,,0.3090919494628906,,,,,,,,,28828.008309721947,,,,,,,,,0.0041265203518728,,,,,,,,,0.0005666526574654,,,,,,,,,0.71833984375,,,
letter,256,xgb,sage,permutation,106.15752229690553,0.0002311944961547,0.2655227184295654,0.2439860105514525,0.3164844751358032,0.3525825977325439,0.7077940702438354,,0.7502685785293579,192.20485265254973,189.63005619049073,235.4620092391968,234.62431557178496,228.8356237411499,221.34989500045776,236.69923522472385,,235.04455182552337,0.0584830941643839,0.0436920340992193,0.0318578616890967,0.0332644004830043,0.033534090255091,0.0339807672286058,0.7469002722363244,,0.0474794848346799,0.0041386968540212,0.0032937420007591,0.0005556884963839,0.0005261755681203,0.0004945163351319,0.0005675735311675,1.0857255179385386,,0.0041550355021598,0.8800000000000001,0.86,0.8400000000000001,0.86,0.96,0.86,0.34,,0.8400000000000001
letter,256,xgb,shap,kernel,,,,,,0.3604215145111084,,,,,,,,,183778.7352936745,,,,,,,,,0.0036356093146717,,,,,,,,,0.0005675735311675,,,,,,,,,0.963828125,,,
letter,416,nn,sage,permutation,,,,,,,,0.0058922290802001,,,,,,,,,12.75355794429779,,,,,,,,,0.0846356179015297,,,,,,,,,0.0011093181338182,,,,,,,,,0.98,
letter,416,nn,shap,kernel,,,,,,,,0.0061088562011718,,,,,,,,,9118.115138745308,,,,,,,,,0.0051818735039715,,,,,,,,,0.0011093181338182,,,,,,,,,0.950087890625,
letter,416,nn,shapiq,kernel,,,,,,,,0.006426453590393,,,,,,,,,49328.846118879315,,,,,,,,,0.0040642670602407,,,,,,,,,0.0011093181338182,,,,,,,,,0.7261181640625001,
letter,416,xgb,sage,permutation,,,,,,,,0.0057108640670775,,,,,,,,,321.8395491600037,,,,,,,,,0.0337919415585265,,,,,,,,,0.0009678459915678,,,,,,,,,0.8800000000000001,
miami_housing,8,nn,sage,permutation,60.4474999666214,0.0002123832702636,0.0108187437057494,0.009731364250183,0.0152903795242309,0.0117408037185668,0.0379244327545165,,0.0204197883605956,1.0091600179672242,0.750968599319458,1.2839422702789307,0.7170261859893798,0.6889249563217164,1.0965636014938354,0.2965852499008178,,1.1545372009277344,0.0198274110724066,0.0151498545662062,0.0035228992402497,0.0032444201952016,0.0044342809704678,0.0061722159417767,0.1199474786178006,,0.0069322942518515,0.1042402171004377,0.0794371562890749,0.0367029824724251,0.036707478818604,0.0352819543545612,0.0324361322659848,1.1299111394720671,,0.0571923010563312,0.86,0.8800000000000001,1.0,1.0,0.98,1.0,0.6,,1.0
miami_housing,8,nn,shap,kernel,60.54901671409607,0.0002214431762694,0.0144781351089476,0.0115540981292724,0.0133401632308959,0.0117382764816283,0.0377802848815917,,0.0154914617538451,209.7594588279724,194.12396795749663,215.3524798631668,215.35067393779755,215.36917996406555,208.03380517959596,211.6334012746811,,195.63650829792024,0.0525763416511854,0.0400432536953578,0.0210295167899222,0.0200357696977335,0.0167847696475998,0.0193439455587621,0.1220164661771106,,0.028958436082956,0.1042402171004377,0.0794371562890749,0.0367029824724251,0.036707478818604,0.0352819543545612,0.0324361322659848,1.1299111394720671,,0.0571923010563312,0.7572782084409991,0.8175940281366639,0.8836003445305771,0.8906747057134655,0.9121963824289409,0.9110020097616998,0.5552282515073212,,0.8575882859603791
miami_housing,8,nn,shapiq,kernel,60.21273326873779,0.0002876043319701,0.0170893907546996,0.0132220745086669,0.0261963605880736,0.0134416580200194,0.0419653892517089,,0.0311743259429931,1421.5603304862975,1480.966530251503,1529.2716304540634,1524.0463579177856,1522.5265770435333,1591.339889168739,1532.6174208164216,,1427.2590515375136,0.0189432242995798,0.015602828570487,0.0094457873400029,0.0093812809054734,0.0103493296693906,0.0101045465974778,0.0359465621628514,,0.0116774776470956,0.1042402171004377,0.0794371562890749,0.0367029824724251,0.036707478818604,0.0352819543545612,0.0324361322659848,1.1299111394720671,,0.0571923010563312,0.5970198105081825,0.7210795291415446,0.8250358886017801,0.8318059144415735,0.8300143554407121,0.8406890611541774,0.2504622451909273,,0.7721447028423774
miami_housing,8,xgb,sage,permutation,60.170676445961,0.0001675367355346,0.0164507627487182,0.0098465919494628,0.0146582126617431,0.0120689868927001,0.0364544868469237,,0.0136253833770751,2.327983784675598,2.08116455078125,2.2251988887786864,2.0733447551727293,2.0130486249923707,2.2135236740112303,0.8646463871002197,,2.6453999042510987,0.0156757255914768,0.010764703501441,0.006714749338153,0.00678845221112,0.0051605545738714,0.0063799862488636,0.0850229880658838,,0.0084717212851994,0.1042402171004377,0.0794371562890749,0.0367029824724251,0.036707478818604,0.0352819543545612,0.0342464094550906,1.1299111394720671,,0.0571923010563312,0.8200000000000001,0.8,0.8,0.8,0.98,0.98,0.8,,0.8
miami_housing,8,xgb,shap,kernel,62.736668133735655,0.0002038717269897,0.0121912479400634,0.0210258245468139,0.0135246038436889,0.0131009340286254,0.0573060512542724,,0.0124925136566161,396.18873217105863,388.6727312326431,381.14064519405366,381.6342826604843,383.2802013635635,371.1124722719193,379.5018807649613,,407.98959228992464,0.0420076799078353,0.0317010418696141,0.0221684923208212,0.0212832830159994,0.0152794872587705,0.0224030952644309,0.0840450482293424,,0.0256260157727453,0.1042402171004377,0.0794371562890749,0.0367029824724251,0.036707478818604,0.0352819543545612,0.0342464094550906,1.1299111394720671,,0.0571923010563312,0.7136606373815676,0.7648349124318117,0.8304507608383578,0.8459488946310652,0.8942578237151881,0.8453861613551537,0.4717599770312948,,0.8014929658340512
miami_housing,8,xgb,shapiq,kernel,60.48383529186249,0.0003257274627685,0.0167223215103148,0.0180995702743529,0.0219168663024901,0.0140986680984496,0.0518660306930541,,0.0245393991470336,1874.637557554245,1952.55392036438,2001.8731158018113,1982.854254078865,1989.211086177826,1808.8815502882003,1997.7337029218677,,1967.2417096138,0.0115536334752519,0.0102261034034132,0.0090402695545167,0.008503731597573,0.0084827649683742,0.0089246547280877,0.0221571577326591,,0.009054718576044,0.1042402171004377,0.0794371562890749,0.0367029824724251,0.036707478818604,0.0352819543545612,0.0342464094550906,1.1299111394720671,,0.0571923010563312,0.462658627619868,0.5425380419178869,0.5640539764570772,0.5907263853000286,0.6418374964111397,0.5633419465977605,0.1954349698535744,,0.5271432672983061
miami_housing,16,nn,sage,permutation,55.30367951393127,0.0002099037170409,0.0106262922286986,0.0097206592559813,0.0146395683288573,0.0118570566177367,0.0382946252822875,,0.0272703170776366,1.1312857151031497,1.4567975997924805,1.4030589818954469,1.333800983428955,1.3428094387054443,1.4118143558502196,0.5663707017898559,,1.193257999420166,0.0141975826378256,0.013971155599157,0.0038715041847976,0.0036149292843534,0.0042129056520246,0.0039659464495408,0.1193866078242534,,0.0108430929142247,0.0493756997239122,0.0475610340838091,0.0136824703649895,0.0150053844121605,0.0132422703469272,0.0145915189896028,1.1299111394720671,,0.048504085557641,0.98,0.8400000000000001,1.0,1.0,1.0,1.0,0.6,,0.8
miami_housing,16,nn,shap,kernel,55.48020467758179,0.0002969980239867,0.0106580734252929,0.0115589141845702,0.0171810865402221,0.0119628190994262,0.0371714115142821,,0.0282222986221312,346.80750198364257,279.1172544717789,326.08326802253725,319.0174206495285,322.0767109870911,272.8305619955063,313.059193611145,,295.11164543628695,0.0340889641375653,0.034513513716917,0.0125467133221533,0.0145209821152995,0.0132210783011917,0.0134842091983396,0.1220004657652105,,0.0321619473856427,0.0493756997239122,0.0475610340838091,0.0136824703649895,0.0150053844121605,0.0132422703469272,0.0145915189896028,1.1299111394720671,,0.048504085557641,0.8581625035888603,0.8538214183175423,0.9381969566465692,0.9290267011197244,0.937921332184898,0.9348205569910996,0.5552512202124605,,0.8411426930806776
miami_housing,16,nn,shapiq,kernel,55.166039848327635,0.0002619981765746,0.0112927913665771,0.0129718542098998,0.0137967824935912,0.011525011062622,0.0447755336761474,,0.029125952720642,2102.6488616228103,2207.8052849292753,2274.686011743546,2270.456355667114,2247.763665270805,2362.009561395645,2277.7392325878145,,2112.913558459282,0.0134593895318774,0.0128851494748569,0.0075369406536228,0.0079844519225237,0.007335386938199,0.0079496218968527,0.0359567106676898,,0.0140478026772247,0.0493756997239122,0.0475610340838091,0.0136824703649895,0.0150053844121605,0.0132422703469272,0.0145915189896028,1.1299111394720671,,0.048504085557641,0.7486592018374963,0.7595865633074935,0.8709905254091301,0.8594946884869366,0.8739247774906691,0.8571059431524548,0.2505483778351995,,0.7478610393339076
miami_housing,16,xgb,sage,permutation,55.38960177898407,0.0001651763916015,0.0096802234649657,0.0089493751525878,0.0124353408813476,0.0108749628067016,0.0366450309753417,,0.0265397310256957,3.253866767883301,3.264691972732544,3.4777973890304565,3.556229329109192,3.4431018352508547,3.4527119398117065,1.5834220409393311,,5.034314846992492,0.01114249673396,0.0077685008221009,0.0035205062349015,0.0032652857411662,0.0036214748382851,0.0030665097597343,0.0834420143820003,,0.0081939409322541,0.0493756997239122,0.0475610340838091,0.0136824703649895,0.0150053844121605,0.0132422703469272,0.0160976832805386,1.1299111394720671,,0.048504085557641,0.92,0.9,1.0,1.0,1.0,1.0,0.8,,0.8
miami_housing,16,xgb,shap,kernel,57.499141693115234,0.0002750873565673,0.0101741075515746,0.0109699249267577,0.0145473718643188,0.0099858283996581,0.0410672903060912,,0.0232533454895019,650.895878982544,625.9286870956421,624.0133405685425,620.5406492948532,621.648279428482,607.7360433340073,619.7242034196854,,667.8734829187393,0.0304535290125538,0.0248210878530075,0.0136602826101171,0.0137272359378836,0.0150751075962558,0.011330186559189,0.0840565493366347,,0.0210680350669736,0.0493756997239122,0.0475610340838091,0.0136824703649895,0.0150053844121605,0.0132422703469272,0.0160976832805386,1.1299111394720671,,0.048504085557641,0.797984496124031,0.8325007177720357,0.8941544645420615,0.8968073499856446,0.8719494688486937,0.9134998564455928,0.472001148435257,,0.8174160206718346
miami_housing,16,xgb,shapiq,kernel,55.53192286491394,0.0002642154693603,0.0128626823425292,0.0171387195587157,0.031914472579956,0.010751724243164,0.0466635942459106,,0.0283794164657592,2956.6321111679076,2978.7941123008727,3185.6104607343673,3162.6937160491943,3172.4218017578123,2896.101086950302,3194.996923804283,,3144.113025546074,0.0093755933523478,0.0082184072563651,0.0066007278516912,0.006599468524235,0.0063995611470588,0.006246176284477,0.0221575033146815,,0.0073098566019639,0.0493756997239122,0.0475610340838091,0.0136824703649895,0.0150053844121605,0.0132422703469272,0.0160976832805386,1.1299111394720671,,0.048504085557641,0.5613034740166523,0.6032098765432099,0.6736261843238587,0.6760666092449037,0.7132701693942003,0.7036520241171405,0.1953201263278782,,0.587206431237439
miami_housing,32,nn,sage,permutation,61.738298869133,0.0002120733261107,0.0106382369995116,0.0107479810714721,0.013460874557495,0.0119513988494872,0.037883162498474,,0.0505896091461181,3.0135371685028076,3.2066962242126467,2.934251379966736,2.9436291217803956,3.0257848262786866,3.196714758872986,1.2041705131530762,,1.8486767768859864,0.0085745344104792,0.0074447695625005,0.0035962996598281,0.0037897742899877,0.0032269724090883,0.0032609210660736,0.1199598468799387,,0.0043495827260943,0.0247327112586555,0.022626056474787,0.0068326187067324,0.0065726379470545,0.0064938377230406,0.0065110002293681,1.1299111394720671,,0.0284142000528759,0.94,0.98,1.0,0.98,1.0,1.0,0.6,,1.0
miami_housing,32,nn,shap,kernel,61.89112904071808,0.0002076148986815,0.0110601186752318,0.0100119590759276,0.0132100582122802,0.0120928287506103,0.0410406112670898,,0.0536102533340453,647.069397187233,537.6977016210556,589.7681239128112,583.9183932065964,590.9939482212067,439.1442121505737,581.8706152439117,,517.5169972896576,0.0289982163969512,0.0236871187087076,0.00948786227689,0.0106231536740283,0.0099054710572699,0.0099197112783996,0.1220181079081379,,0.0217983528212236,0.0247327112586555,0.022626056474787,0.0068326187067324,0.0065726379470545,0.0064938377230406,0.0065110002293681,1.1299111394720671,,0.0284142000528759,0.869342520815389,0.8969623887453345,0.953959230548378,0.949221935113408,0.9493540051679586,0.9505828308929084,0.5550846971002009,,0.9047717484926788
miami_housing,32,nn,shapiq,kernel,61.528516387939455,0.0002617120742797,0.0164193868637084,0.0184830427169799,0.0170926809310912,0.0139265537261962,0.0628151655197143,,0.0590202093124389,3505.1473778247832,3655.046191263199,3775.146091198921,3765.394681024552,3728.40661330223,3929.9377370119096,3779.542220830918,,3488.847825884819,0.0105427882259161,0.0095741681894217,0.0055523770050456,0.0056959790430741,0.0053016624491707,0.0054646021466474,0.0359582482563735,,0.0095600685638221,0.0247327112586555,0.022626056474787,0.0068326187067324,0.0065726379470545,0.0064938377230406,0.0065110002293681,1.1299111394720671,,0.0284142000528759,0.7855469422911283,0.8336434108527133,0.91389032443296,0.912914154464542,0.9159230548377836,0.9203732414585128,0.250594315245478,,0.8397128911857594
miami_housing,32,xgb,sage,permutation,61.87157928943634,0.0001672983169555,0.0096969604492186,0.0088279724121093,0.0124128818511962,0.010879635810852,0.036865472793579,,0.045585536956787,6.796585416793823,5.978984522819519,5.780683398246765,6.391749930381775,6.4231884479522705,6.410877585411072,2.679874873161316,,9.490850257873536,0.0056740722592906,0.0042430044785754,0.0032411308519823,0.003213235950739,0.0025711696227845,0.0027725614645026,0.0846273647824148,,0.0061075145306716,0.0247327112586555,0.022626056474787,0.0068326187067324,0.0065726379470545,0.0064938377230406,0.0068161298827859,1.1299111394720671,,0.0284142000528759,0.8400000000000001,0.96,0.96,0.9,0.9,0.94,0.78,,0.8
miami_housing,32,xgb,shap,kernel,64.22216756343842,0.0002613306045531,0.0098809719085692,0.0110722541809081,0.0130117893218993,0.0098955869674682,0.0414100408554076,,0.0442443370819091,1163.6893846750258,1106.1763801574707,1104.858409357071,1097.7746039390563,1104.063214492798,1083.3119511127472,1096.2059589147568,,1194.6344571590423,0.0245807422208973,0.0180403521910997,0.0097732516613449,0.0104932360073116,0.0092619221517202,0.0105566370912666,0.0840671624638797,,0.0198895738515713,0.0247327112586555,0.022626056474787,0.0068326187067324,0.0065726379470545,0.0064938377230406,0.0068161298827859,1.1299111394720671,,0.0284142000528759,0.8073270169394201,0.8636118288831469,0.9249440137812232,0.9183692219351134,0.9284811943726672,0.9200631639391328,0.472121734137238,,0.8531208728107954
miami_housing,32,xgb,shapiq,kernel,62.24555282592773,0.0002666234970092,0.0134920835494994,0.0138954162597655,0.0192850589752196,0.0101443529129027,0.0465680122375487,,0.0644497632980346,5167.8784868240355,5180.065732884407,5580.131548714638,5524.814849162101,5540.639952111244,5037.321791863442,5559.493155312538,,5516.653106403351,0.00698614825688,0.0061801025677831,0.0046779862343852,0.005016702629213,0.0044402732964932,0.0047314641275332,0.0221561007650488,,0.0065074456581635,0.0247327112586555,0.022626056474787,0.0068326187067324,0.0065726379470545,0.0064938377230406,0.0068161298827859,1.1299111394720671,,0.0284142000528759,0.6204593741027848,0.6888544358311799,0.7799655469422911,0.7545104794717198,0.7845765144989951,0.777375825437841,0.1952110249784668,,0.7065862761986793
miami_housing,64,nn,sage,permutation,61.922543025016786,0.0002164125442504,0.0107041358947753,0.0098055362701415,0.0133274793624877,0.0119912147521972,0.0417643070220946,,0.1043494462966918,5.604641056060791,6.204469609260559,6.309467458724976,5.8991738080978395,6.1418962478637695,6.362165570259094,2.3696841478347777,,3.81977550983429,0.0055934055643551,0.007106827045031,0.0029416617624855,0.0032929161436948,0.0029033383087544,0.0031295818889593,0.1185144824058878,,0.0058353604513947,0.0160144948606413,0.0102642889090477,0.0032424901053685,0.0032691077670366,0.0032321267565852,0.0035017850009375,1.1299111394720671,,0.0188171991699179,0.94,0.92,1.0,1.0,1.0,1.0,0.6,,0.8800000000000001
miami_housing,64,nn,shap,kernel,61.959100008010864,0.0002566099166869,0.012853980064392,0.0124482154846191,0.0148841857910155,0.0117081642150878,0.0378057241439818,,0.103546118736267,1311.3439383268355,1010.5921694040298,1121.3768223762513,1119.518288564682,1135.0584480762482,868.177546453476,1138.483869433403,,1051.3580750703811,0.0191041932151177,0.0192739092574625,0.0085456140944017,0.0076208863211093,0.0077621383180081,0.0080159608692787,0.122026704935936,,0.0188234644275981,0.0160144948606413,0.0102642889090477,0.0032424901053685,0.0032691077670366,0.0032321267565852,0.0035017850009375,1.1299111394720671,,0.0188171991699179,0.9123514211886306,0.9151708297444732,0.9582141831754236,0.9640999138673556,0.9632730404823427,0.9611714039621015,0.5552627045650301,,0.9178811369509046
miami_housing,64,nn,shapiq,kernel,61.62404198646546,0.0002979040145873,0.0118520736694335,0.0149239778518676,0.0173242568969726,0.012982153892517,0.0549929857254028,,0.0947251558303832,6248.254543423653,6462.310311055184,6777.276489043235,6744.557503437996,6714.564825582504,7096.514740085602,6771.270305395126,,6211.726198387146,0.0078001275828572,0.0072491442562446,0.0044839839668936,0.0043677159738903,0.0044359604649175,0.0043739074257338,0.0359510164734508,,0.0080837290656018,0.0160144948606413,0.0102642889090477,0.0032424901053685,0.0032691077670366,0.0032321267565852,0.0035017850009375,1.1299111394720671,,0.0188171991699179,0.8588573069193224,0.8749870801033592,0.9334768877404536,0.9363250071777204,0.9374562159058284,0.9377720356014928,0.250502440424921,,0.8703416594889465
miami_housing,64,xgb,sage,permutation,61.89320874214173,0.0005099296569823,0.0097954034805297,0.0109049797058104,0.0126013278961181,0.0108093261718749,0.0365391731262206,,0.0984562158584594,12.786955404281615,12.307241582870484,11.726336240768433,12.157385468482971,11.677819728851318,12.445639157295227,5.212632274627685,,14.36140522956848,0.00412211954737,0.0032554900018342,0.0025054760382475,0.002506440646252,0.0021281376284201,0.002288911823379,0.0829971503256275,,0.0035336014606086,0.0160144948606413,0.0102642889090477,0.0032424901053685,0.0032691077670366,0.0032321267565852,0.0034183310704855,1.1299111394720671,,0.0188171991699179,0.8800000000000001,0.9,1.0,1.0,0.98,1.0,0.8,,0.8
miami_housing,64,xgb,shap,kernel,64.31585805416107,0.0002485513687133,0.012480068206787,0.0119634151458739,0.0137168407440185,0.0118374109268188,0.0421668291091918,,0.0864977836608886,2184.5284781455994,2076.547122859955,2063.5665814399717,2055.957649183273,2059.6508165359496,2025.1804384946824,2054.8786294460297,,2239.4050508499145,0.0193679168990535,0.0133792194315207,0.007798895849797,0.0077518704239675,0.0074875047758608,0.0070094500305072,0.0840548869245865,,0.013946198375207,0.0160144948606413,0.0102642889090477,0.0032424901053685,0.0032691077670366,0.0032321267565852,0.0034183310704855,1.1299111394720671,,0.0188171991699179,0.8448980763709446,0.9041803043353432,0.9383060579959804,0.939821992535171,0.9392420327304049,0.9453861613551536,0.472242319839219,,0.8998162503588862
miami_housing,64,xgb,shapiq,kernel,62.49579241275787,0.0003139495849608,0.0416182041168212,0.0127607583999633,0.0217332839965819,0.0121379613876342,0.058836269378662,,0.1539601325988769,9669.746993756296,9604.215436983108,10389.63744533062,10248.831931543353,10260.738339853287,9245.646124315264,10288.020602679251,,10343.403656578064,0.0054342147309296,0.0044101771110024,0.0034438531908262,0.0036568624945417,0.0034185888703926,0.0034391654394095,0.0221561739909817,,0.0049885572479453,0.0160144948606413,0.0102642889090477,0.0032424901053685,0.0032691077670366,0.0032321267565852,0.0034183310704855,1.1299111394720671,,0.0188171991699179,0.7001435544071203,0.7719092736147,0.8360838357737583,0.8198105081826013,0.8371231696813093,0.8406948033304623,0.1950100488084983,,0.7743898937697388
miami_housing,128,nn,sage,permutation,55.415849685668945,0.0002131938934325,0.0118308544158935,0.012139344215393,0.013606572151184,0.0121854782104491,0.0380903244018554,,0.2107303380966186,11.590209984779358,11.858235597610474,13.388885951042177,13.165528392791748,13.182487988471983,13.680180191993712,5.70731737613678,,8.024567031860352,0.0042295890192518,0.00427862070592,0.0026321953070033,0.0027958551171385,0.0027335324492349,0.0028419340151947,0.1184046280498194,,0.0062104337174316,0.0068412911720848,0.0059991665663454,0.0021562619775819,0.0021225275586206,0.0020453997769148,0.0022218995012722,1.1299111394720671,,0.014482607938163,0.98,0.98,1.0,1.0,1.0,1.0,0.6,,1.0
miami_housing,128,nn,shap,kernel,55.57989284992218,0.0004890918731689,0.0106244564056396,0.0121777057647704,0.0141624927520751,0.0118992805480956,0.0371502161026,,0.2090460062026977,2556.3816726207733,2236.7314497232437,2124.4218116760253,2133.4846930503845,2101.962124824524,1585.138914275169,2162.170756816864,,2004.8179662704467,0.0120416250283696,0.0127323155884304,0.0066416692468055,0.0066777305948221,0.0065442633776174,0.0066779517743826,0.1220140403223265,,0.0220539924319743,0.0068412911720848,0.0059991665663454,0.0021562619775819,0.0021225275586206,0.0020453997769148,0.0022218995012722,1.1299111394720671,,0.014482607938163,0.9425093310364628,0.9415790984783234,0.968429514786104,0.9680849842090152,0.9690554120011484,0.9679471719781798,0.5551478610393339,,0.9003617571059432
miami_housing,128,nn,shapiq,kernel,55.05962109565735,0.0003259420394897,0.0221178054809569,0.0194525480270385,0.0270235776901244,0.0137626409530639,0.0567088365554809,,0.2164449214935302,11711.512142157557,12162.268276453018,12796.829556202889,12728.872586417196,12664.13240942955,13367.445930552483,12727.873716282844,,11634.194464063645,0.0056729442778149,0.0055034086506508,0.0038381519762127,0.0038819385550653,0.0038279559503976,0.003846175279721,0.0359627394390697,,0.0080741907881661,0.0068412911720848,0.0059991665663454,0.0021562619775819,0.0021225275586206,0.0020453997769148,0.0022218995012722,1.1299111394720671,,0.014482607938163,0.8984381280505312,0.9076256101062304,0.9493884582256676,0.9485213896066608,0.9508986505885731,0.9484409991386736,0.2508756818834338,,0.858570198105082
miami_housing,128,xgb,sage,permutation,55.51722540855408,0.0001647233963012,0.0098447561264037,0.0089231252670287,0.012422227859497,0.0110077142715453,0.0367576837539672,,0.2225664615631103,23.92888762950897,22.88199141025543,22.80498802661896,22.900102257728577,22.957137322425844,24.856886649131773,10.815928196907045,,23.681323623657228,0.003443352501219,0.0033336165067348,0.0020071542251709,0.001999598779609,0.0022946004355134,0.0027109935906338,0.0836991816896612,,0.0034354650869996,0.0068412911720848,0.0059991665663454,0.0021562619775819,0.0021225275586206,0.0020453997769148,0.002270860740349,1.1299111394720671,,0.014482607938163,0.8800000000000001,0.94,1.0,0.96,0.98,0.92,0.78,,0.8200000000000001
miami_housing,128,xgb,shap,kernel,57.89090068340302,0.000285768508911,0.0183202981948852,0.0102384567260741,0.0150959014892577,0.0112922191619872,0.0444291114807128,,0.1788931608200072,4159.423373842239,4010.212355852127,3978.955301952362,3971.530969619751,3978.780027294159,3911.834633541107,3965.73125474453,,4334.966479086876,0.0142860466285205,0.0096487765624048,0.0055753546053039,0.005486549206052,0.0050537009386468,0.0057706665145901,0.08404422142858,,0.0175662237868357,0.0068412911720848,0.0059991665663454,0.0021562619775819,0.0021225275586206,0.0020453997769148,0.002270860740349,1.1299111394720671,,0.014482607938163,0.8738099339649729,0.9263106517370084,0.9579041056560436,0.9587367212173412,0.9619695664656904,0.954533448176859,0.4722538041917887,,0.8839161642262419
miami_housing,128,xgb,shapiq,kernel,55.65749034881592,0.0003131628036498,0.0186922073364257,0.0210591316223144,0.0235739946365356,0.0144340276718139,0.0480431079864501,,0.2605232238769531,18565.194836854935,18458.225749874116,19838.62684381008,19674.265778684618,19696.703844714164,17830.869288897513,19719.825485730173,,19883.689388251303,0.0041261401037333,0.0033215000435168,0.0027843330590681,0.0027499952380883,0.0026400065034044,0.0026935767255251,0.02215874132189,,0.0050946557486,0.0068412911720848,0.0059991665663454,0.0021562619775819,0.0021225275586206,0.0020453997769148,0.002270860740349,1.1299111394720671,,0.014482607938163,0.7715532586850415,0.8204306632213608,0.8750445018662074,0.8732127476313524,0.8810163652024118,0.8796267585414872,0.1952741889175997,,0.7737008326155613
naval_propulsion_plant,8,nn,sage,permutation,27.541981959342955,0.0002169847488402,0.0138477325439452,0.016537308692932,0.0187326192855834,0.0109802246093749,0.0235102891921996,,0.0151409149169921,7.5837061405181885,9.461266565322877,6.97370867729187,6.192595386505127,16.035394740104675,11.389892983436583,3.920108366012573,,2.6695306301116943,1.1745677027402992,1.2772502383210402,0.2848680479182798,0.2703086816508541,0.1866438277506172,0.1032292667674436,6.5281871581949655,,7.855535282224227,0.0506664391803154,0.0607502116319443,0.0029953770618496,0.0029829372308692,0.0070955020359391,0.0018314430779173,0.6511594336452741,,0.6517386446718398,0.66,0.58,0.8200000000000001,0.8,0.96,0.86,0.44,,0.6
naval_propulsion_plant,8,nn,shap,kernel,27.51113963127136,0.0002799987792968,0.0152311801910399,0.0130661964416503,0.0199917316436767,0.0109846353530883,0.0266071557998656,,0.0105697393417357,168.32887694835662,210.72023303508757,210.60089154243468,205.8715698242187,207.21623282432557,195.5699115514755,199.86711270809172,,168.29439260959626,0.5348645980608151,0.5513832143407024,0.0955943479862151,0.0969131852978103,0.0858412203912331,0.0542680957822319,2.94847937736907,,2.4521428259446827,0.0506664391803154,0.0607502116319443,0.0029953770618496,0.0029829372308692,0.0070955020359391,0.0018314430779173,0.6511594336452741,,0.6517386446718398,0.9154758713136728,0.9091286863270778,0.9731300268096514,0.9664678284182306,0.9690013404825738,0.9703753351206432,0.7732975871313672,,0.768941018766756
naval_propulsion_plant,8,nn,shapiq,kernel,27.934030413627625,0.0002384424209594,0.0124663352966308,0.0177542209625243,0.0198035955429076,0.0109522342681884,0.0225843667984008,,0.0148559570312499,1358.1865158319474,1218.8810025453568,1360.691761875153,1352.1253685474396,1350.6051602840423,1380.7640986204146,1361.4049755573274,,1251.4897147417068,0.0874260367305029,0.0917088172407821,0.0372660964629248,0.0384559919088965,0.0390040485982408,0.0330893890806156,0.3369007640769003,,0.3595028354889225,0.0506664391803154,0.0607502116319443,0.0029953770618496,0.0029829372308692,0.0070955020359391,0.0018314430779173,0.6511594336452741,,0.6517386446718398,0.8667828418230563,0.8639946380697051,0.919765415549598,0.9153753351206436,0.919343163538874,0.9376206434316352,0.4369369973190348,,0.5584249329758714
naval_propulsion_plant,8,xgb,sage,permutation,27.65487585067749,0.0001895189285277,0.0111330747604369,0.0125173091888427,0.014665126800537,0.0131542682647704,0.0190729618072509,,0.0177296876907348,4.833028888702392,4.372485208511352,2.7698721408843996,3.406916856765747,5.444698786735534,6.114425635337829,3.1821001291275026,,6.063363766670227,0.0335770153703122,0.0264333190492743,0.022025107827777,0.0188197998259422,0.0146692812280388,0.0096076709444733,0.2589028231552882,,0.0597479005804846,0.0506664391803154,0.0607502116319443,0.0029953770618496,0.0029829372308692,0.0070955020359391,0.0047973099876414,0.6511594336452741,,0.6517386446718398,0.92,1.0,1.0,1.0,1.0,1.0,0.7,,0.9
naval_propulsion_plant,8,xgb,shap,kernel,28.973938822746277,0.0001996517181396,0.0166431427001952,0.0104228734970092,0.0142987728118895,0.0161784887313842,0.0252269268035888,,0.0147406578063964,352.9692202806473,320.270445728302,320.56622059345244,321.21305043697356,322.97288093566897,343.1641126394272,313.1778469800949,,329.26940467357633,0.0777097752805198,0.0736984679836215,0.0436591158076405,0.0434430369355358,0.0291114844059739,0.0332532859053906,0.4996680258910986,,0.2626622340690148,0.0506664391803154,0.0607502116319443,0.0029953770618496,0.0029829372308692,0.0070955020359391,0.0047973099876414,0.6511594336452741,,0.6517386446718398,0.8729155495978553,0.8706434316353887,0.8846514745308312,0.8950670241286863,0.8908713136729223,0.8910455764075067,0.7735924932975872,,0.8262734584450403
naval_propulsion_plant,8,xgb,shapiq,kernel,27.898535561561584,0.0002107858657836,0.0266466140747069,0.0230893611907958,0.0212493658065795,0.0131390333175658,0.0524281263351439,,0.0165735721588134,1566.9121923923492,1556.5363356828689,1646.477383518219,1638.3165426015853,1637.5588887691497,1717.4581701517104,1639.7508023023606,,1677.277514195442,0.0136156322386916,0.0135850499857204,0.0109657359581573,0.0110987687555544,0.0108011058660906,0.0098615658271721,0.0646751101592425,,0.0222137759109232,0.0506664391803154,0.0607502116319443,0.0029953770618496,0.0029829372308692,0.0070955020359391,0.0047973099876414,0.6511594336452741,,0.6517386446718398,0.7074865951742627,0.725435656836461,0.7405697050938337,0.7272117962466488,0.7743498659517426,0.7803619302949062,0.4431300268096515,,0.5399061662198392
naval_propulsion_plant,16,nn,sage,permutation,27.599911332130432,0.0002956151962279,0.011256694793701,0.0117237329483031,0.01403911113739,0.0107913732528685,0.0215932369232177,,0.0242175817489623,13.558345675468445,17.55641942024231,19.19019422531128,18.53800926208496,18.170235109329223,18.239995789527892,8.075471448898316,,4.048899030685424,0.7451261498564179,0.9656676827441716,0.1212298982650887,0.1472311385365144,0.1404356305312519,0.2310419283815735,6.422767269754786,,9.140503436251844,0.030496606033476,0.0316778675768496,0.001309860030508,0.0013884233298823,0.0011778656085952,0.001407621888643,0.6511594336452741,,0.7287767647233885,0.6799999999999999,0.6,0.8200000000000001,0.8400000000000001,0.94,0.8400000000000001,0.44,,0.6
naval_propulsion_plant,16,nn,shap,kernel,27.509485912322997,0.000247573852539,0.0139959573745727,0.0100229978561401,0.0167489767074584,0.0107401847839354,0.0219093322753905,,0.0186781167984008,223.88174254894255,329.9087582111359,329.27231390476226,323.31078972816465,323.3841492652893,285.2581259965897,316.724169588089,,240.5761614084244,0.3402008836273912,0.4544865163680626,0.0491293886719143,0.0489208066855089,0.0462472224834146,0.1102835493876728,2.9486189846784745,,2.742185494099919,0.030496606033476,0.0316778675768496,0.001309860030508,0.0013884233298823,0.0011778656085952,0.001407621888643,0.6511594336452741,,0.7287767647233885,0.9230965147453084,0.9224932975871314,0.9752345844504022,0.978780160857909,0.9801139410187668,0.9705630026809652,0.7731099195710456,,0.8028954423592494
naval_propulsion_plant,16,nn,shapiq,kernel,28.06149618625641,0.0002513170242309,0.0118893146514892,0.0129189491271972,0.014182162284851,0.0108967781066894,0.020076823234558,,0.0263099193572997,1990.4061370134357,1788.383072590828,1993.0137506484984,1974.1931235313416,1984.3100568771365,2028.3398506641388,1988.2237464666368,,1850.1041537046433,0.0656393759687574,0.073984542706165,0.0314250436806494,0.0316681496026118,0.029314178195876,0.0321719985587804,0.3369048207212073,,0.3952634429649447,0.030496606033476,0.0316778675768496,0.001309860030508,0.0013884233298823,0.0011778656085952,0.001407621888643,0.6511594336452741,,0.7287767647233885,0.8908512064343164,0.8849865951742627,0.9354423592493296,0.9329825737265416,0.9423458445040216,0.939034852546917,0.4368900804289544,,0.5422319034852547
naval_propulsion_plant,16,xgb,sage,permutation,27.69527826309204,0.0001857757568358,0.0108881950378417,0.0088718652725219,0.0138981103897094,0.0112512826919555,0.022842240333557,,0.0362874507904052,11.106643199920654,10.052579855918884,7.868345761299134,7.216183972358704,10.264198422431946,9.362249946594238,5.305837178230286,,19.32981233596802,0.0158224953934087,0.0200787901967474,0.0068775007319925,0.0088166692959773,0.0058280608936967,0.005573433822248,0.2666374026364905,,0.0428625878393908,0.030496606033476,0.0316778675768496,0.001309860030508,0.0013884233298823,0.0011778656085952,0.00106281757078,0.6511594336452741,,0.7287767647233885,1.0,1.0,1.0,1.0,1.0,1.0,0.74,,0.8200000000000001
naval_propulsion_plant,16,xgb,shap,kernel,28.865756845474245,0.000290012359619,0.0101585388183593,0.0095231294631957,0.0130756855010986,0.0113516807556151,0.0182737350463866,,0.0276317119598388,563.1638446569443,521.2412333726883,523.6860142469407,524.0407239198685,524.5652524232864,558.1374241828919,509.73021466732024,,538.9495325088501,0.0504600071929278,0.0597585267507944,0.0178222269497991,0.0176760312085911,0.0139032004333337,0.0168190220580859,0.4996775298356035,,0.2933111890981746,0.030496606033476,0.0316778675768496,0.001309860030508,0.0013884233298823,0.0011778656085952,0.00106281757078,0.6511594336452741,,0.7287767647233885,0.8938538873994638,0.8881970509383379,0.940529490616622,0.9373123324396784,0.9460656836461128,0.9391085790884718,0.7736729222520108,,0.8496045576407507
naval_propulsion_plant,16,xgb,shapiq,kernel,28.134871411323548,0.0002091646194457,0.0121005773544311,0.0091959238052367,0.0156025886535644,0.0120890855789184,0.018769335746765,,0.0196857213973998,2474.0108318805696,2457.7360293388365,2595.994636440277,2577.632591032982,2581.553295826912,2707.2647564649583,2586.5229529857634,,2636.2427492380143,0.0093076690259388,0.0095401563059945,0.006217619618009,0.0066712241560588,0.0061166496234179,0.0059201076262709,0.0646725676667452,,0.0225725619118358,0.030496606033476,0.0316778675768496,0.001309860030508,0.0013884233298823,0.0011778656085952,0.00106281757078,0.6511594336452741,,0.7287767647233885,0.8006635388739947,0.7921313672922252,0.8728351206434317,0.8665080428954424,0.875422252010724,0.8816018766756033,0.4430630026809651,,0.5987332439678283
naval_propulsion_plant,32,nn,sage,permutation,27.370168375968937,0.0002009391784667,0.0112080812454223,0.0113256692886352,0.0164135456085204,0.0108894824981689,0.0251391887664794,,0.0463585376739501,33.0775386095047,46.287029433250424,55.8639830827713,54.32130091190338,48.42286531925201,43.18667819499969,16.27836835384369,,11.564661478996277,0.4926740345883922,0.7977358136525319,0.1125479051949697,0.1352360760804042,0.1395975183493944,0.1458521635122509,7.900563328447477,,6.705165872907271,0.0159947296489591,0.0169889150081223,0.0006701036654983,0.0006856953177932,0.0013093468023702,0.0009494682262108,0.7781464943709493,,0.5361542456830427,0.6599999999999999,0.6599999999999999,0.9,0.8800000000000001,0.9,0.86,0.5,,0.6
naval_propulsion_plant,32,nn,shap,kernel,27.65029547214508,0.0002992153167724,0.0221899509429931,0.0115480184555053,0.0183691978454589,0.0110605001449584,0.024164056777954,,0.0384007453918456,364.82218251228335,636.4172974824905,590.5660989761352,597.9275776147842,596.822938656807,504.0783358812332,585.6362921476364,,412.1014263391495,0.2302084632790734,0.3536575053774264,0.0513793894184264,0.0508273048316254,0.0674483206736152,0.0596735986343462,3.065380690891607,,2.1611134898439106,0.0159947296489591,0.0169889150081223,0.0006701036654983,0.0006856953177932,0.0013093468023702,0.0009494682262108,0.7781464943709493,,0.5361542456830427,0.9417091152815014,0.926387399463807,0.978210455764075,0.977265415549598,0.9738203753351206,0.9733981233243968,0.7769504021447721,,0.7685589812332438
naval_propulsion_plant,32,nn,shapiq,kernel,27.88657784461975,0.0002356052398681,0.0137223482131957,0.0137872695922851,0.0155693054199218,0.0107783317565917,0.0204237461090087,,0.0542185306549071,3264.8280537843702,2936.896129822731,3259.2524786710737,3232.16691763401,3244.88925485611,3330.4554082632067,3242.759310555458,,3032.232954311371,0.0505881619505087,0.0620387356341066,0.0304638836603245,0.030547853955013,0.0317337878724964,0.030702805377822,0.3788573601160839,,0.321724350135101,0.0159947296489591,0.0169889150081223,0.0006701036654983,0.0006856953177932,0.0013093468023702,0.0009494682262108,0.7781464943709493,,0.5361542456830427,0.9169302949061664,0.9125938337801608,0.936675603217158,0.9363002680965148,0.9358713136729224,0.9372520107238608,0.4274195710455764,,0.6226340482573727
naval_propulsion_plant,32,xgb,sage,permutation,27.5048549413681,0.0008627176284789,0.0104872226715087,0.0086700916290282,0.0123763799667357,0.0126995086669921,0.0189087867736816,,0.0544833898544311,19.85092146396637,19.551715469360353,18.260649585723876,18.029767298698424,18.7323765039444,18.569020104408263,14.116298413276672,,28.344307112693787,0.0143448867741285,0.0135791448240073,0.005616031954704,0.0058197759527291,0.0067059968188052,0.0071456168178251,0.2067250901560916,,0.031286852062684,0.0159947296489591,0.0169889150081223,0.0006701036654983,0.0006856953177932,0.0013093468023702,0.0008005658351103,0.7781464943709493,,0.5361542456830427,0.98,1.0,1.0,1.0,1.0,1.0,0.76,,0.8400000000000001
naval_propulsion_plant,32,xgb,shap,kernel,28.411631774902343,0.0002821922302245,0.0096808433532714,0.0094426631927489,0.0125462293624877,0.0136614084243773,0.0189186096191405,,0.0516230106353759,1007.6008401632308,926.2947850465774,929.7833637237547,927.6774273633956,932.942139172554,988.3360448122024,909.803603553772,,954.981390953064,0.0375064746526469,0.048784267854348,0.0136658238353223,0.0129341639147412,0.0125151709613697,0.0118632903361355,0.4495969794218972,,0.2247568026426486,0.0159947296489591,0.0169889150081223,0.0006701036654983,0.0006856953177932,0.0013093468023702,0.0008005658351103,0.7781464943709493,,0.5361542456830427,0.9045241286863271,0.9025067024128688,0.9440549597855228,0.947479892761394,0.9557372654155496,0.9476407506702412,0.7962734584450402,,0.8052077747989277
naval_propulsion_plant,32,xgb,shapiq,kernel,27.872249150276183,0.0005567550659179,0.0102649211883544,0.0116465806961059,0.0229156017303466,0.0157831192016601,0.0220852136611938,,0.0374343872070311,4297.226189565658,4247.219655966759,4495.140635538101,4463.398601126671,4472.673560404777,4699.296312737465,4466.855156326294,,4572.301869297027,0.0077335846525156,0.007734272204156,0.0056437262663206,0.0054405864348541,0.0048924733619145,0.0053972810732812,0.054627273029071,,0.018990637126936,0.0159947296489591,0.0169889150081223,0.0006701036654983,0.0006856953177932,0.0013093468023702,0.0008005658351103,0.7781464943709493,,0.5361542456830427,0.8192426273458444,0.8214946380697052,0.8935254691689009,0.8961260053619302,0.9081434316353888,0.8918029490616621,0.4789276139410187,,0.5998860589812332
naval_propulsion_plant,64,nn,sage,permutation,27.61863856315613,0.0004963159561156,0.0123027563095092,0.0152903079986571,0.0158106565475463,0.0107724905014037,0.0228437423706054,,0.0967198848724364,67.624383187294,72.72045662403107,108.8001368522644,108.39109811782836,99.08931560516358,106.28756346702576,36.784357810020445,,27.53014352321625,0.3527043245474607,0.513302678626729,0.107666009118113,0.1338480090138752,0.1357007804194432,0.1217125338619745,6.528521689075445,,5.006144549473456,0.0073350095365232,0.0108000122685147,0.0007028220531431,0.000722837071599,0.0007106553209893,0.0006879736920662,0.6511594336452741,,0.3898053766145969,0.8,0.72,0.92,0.92,0.94,0.8800000000000001,0.4599999999999999,,0.6
naval_propulsion_plant,64,nn,shap,kernel,27.68739676475525,0.0004003524780272,0.0142746686935424,0.0134316205978393,0.0139531135559081,0.0116162061691283,0.0238605737686156,,0.072898769378662,730.3455398082733,1212.6014805078507,1182.5240604877472,1159.525093984604,1172.0166810035705,1018.295057964325,1188.5023802518845,,832.9023615598678,0.1628287101323904,0.2470876352277957,0.0620678821602016,0.0604385932665814,0.0597846051355276,0.0629897728472297,2.948328740798969,,1.6289239231672925,0.0073350095365232,0.0108000122685147,0.0007028220531431,0.000722837071599,0.0007106553209893,0.0006879736920662,0.6511594336452741,,0.3898053766145969,0.956990616621984,0.9465951742627344,0.9744638069705096,0.97421581769437,0.976313672922252,0.9745375335120644,0.7731099195710456,,0.7770911528150134
naval_propulsion_plant,64,nn,shapiq,kernel,27.944868969917295,0.0002596139907836,0.0114771127700805,0.0105663061141967,0.0180814504623412,0.0107409715652465,0.0203607320785521,,0.0931965112686156,5828.851413083076,5213.160703277588,5781.136950969696,5750.412383699417,5770.510895419121,5914.71625342369,5755.919804167747,,5365.75489757061,0.0419405541861004,0.0488959063828183,0.0307308888679013,0.0305457759249179,0.0304772781394959,0.030577676268614,0.336871275366661,,0.257898575795176,0.0073350095365232,0.0108000122685147,0.0007028220531431,0.000722837071599,0.0007106553209893,0.0006879736920662,0.6511594336452741,,0.3898053766145969,0.9282573726541556,0.9202345844504022,0.9371648793565684,0.9366957104557642,0.938411528150134,0.9369571045576408,0.4365415549597854,,0.7168632707774798
naval_propulsion_plant,64,xgb,sage,permutation,27.674455642700195,0.0001717567443847,0.0099353075027465,0.0087327003479003,0.0129064321517943,0.0124213695526122,0.0187283039093017,,0.0946513175964355,32.121236252784726,35.91076462268829,35.82959053516388,34.45031580924988,33.43391361236572,32.46369211673736,18.949287319183348,,36.6016429901123,0.0078159388152925,0.009151435712565,0.0056887004052086,0.0046746013503851,0.0048493988028852,0.0051671303869229,0.2663307000995827,,0.0229289344669455,0.0073350095365232,0.0108000122685147,0.0007028220531431,0.000722837071599,0.0007106553209893,0.0006929561677164,0.6511594336452741,,0.3898053766145969,1.0,1.0,1.0,1.0,1.0,1.0,0.74,,1.0
naval_propulsion_plant,64,xgb,shap,kernel,28.674572110176086,0.0004237890243529,0.0103267908096312,0.0114526033401488,0.0156873703002929,0.0251914739608764,0.0188188314437865,,0.0903665304183959,1868.4857721567157,1721.4111341953278,1736.6221888780594,1745.925838804245,1742.9990045309066,1848.2022839069368,1700.192245221138,,1779.781500673294,0.0266838347832112,0.0383277240297442,0.0123064934730667,0.0113120950144626,0.0105919171263509,0.0111536452514364,0.4996940836812172,,0.1646626093687979,0.0073350095365232,0.0108000122685147,0.0007028220531431,0.000722837071599,0.0007106553209893,0.0006929561677164,0.6511594336452741,,0.3898053766145969,0.9275268096514744,0.9149195710455764,0.9542627345844504,0.9578485254691688,0.9608579088471852,0.9556300268096514,0.7737734584450402,,0.8175134048257373
naval_propulsion_plant,64,xgb,shapiq,kernel,28.122041273117063,0.0002582311630248,0.0133309125900268,0.0121045589447021,0.0235497713088988,0.0407121419906615,0.0230528116226195,,0.0921580791473388,7929.872139143944,7863.214518117905,8245.020237636567,8219.30732653141,8250.022189760208,8648.09059343338,8255.422907638549,,8431.926703810692,0.0058372840775046,0.0062957677731656,0.0049297023971945,0.0046789550782661,0.004190372999894,0.0046605951370656,0.0646691815900528,,0.016321699367311,0.0073350095365232,0.0108000122685147,0.0007028220531431,0.000722837071599,0.0007106553209893,0.0006929561677164,0.6511594336452741,,0.3898053766145969,0.88406836461126,0.8737533512064344,0.9059919571045576,0.9164544235924932,0.9302613941018766,0.9130965147453084,0.4427747989276139,,0.6427882037533512
naval_propulsion_plant,128,nn,sage,permutation,27.513052010536192,0.0002396345138549,0.0116978645324706,0.0130382061004638,0.014539074897766,0.01103777885437,0.020337414741516,,0.1690627098083495,146.62123227119446,168.5577500343323,194.74098551273343,217.3246727466583,219.3464504718781,200.2371052980423,76.94694173336029,,58.55132346153259,0.2936952695562474,0.3221814280081811,0.1188761703144621,0.11878793546742,0.1131040634573163,0.129101677151617,6.504204103000792,,4.929273920403493,0.0035175938545855,0.003256887431997,0.0006622329303537,0.0006843816638216,0.0006467403838915,0.0006601398423274,0.6511594336452741,,0.3743638074769114,0.82,0.72,0.86,0.96,0.98,0.92,0.4,,0.6
naval_propulsion_plant,128,nn,shap,kernel,27.55422058105469,0.0014549732208251,0.0132484674453734,0.012010097503662,0.0158179283142089,0.011739683151245,0.026308512687683,,0.1437043190002441,1317.6861896753312,2288.6446925640107,2243.9164816856382,2261.42441778183,2236.2921026706695,1894.3306567668917,2215.7503818035125,,1570.3203303575517,0.1406143479284303,0.1507145686562208,0.0577760983537336,0.062311708393905,0.0578998629159529,0.066802057334467,2.9483467186016235,,1.6270324924678292,0.0035175938545855,0.003256887431997,0.0006622329303537,0.0006843816638216,0.0006467403838915,0.0006601398423274,0.6511594336452741,,0.3743638074769114,0.9600804289544236,0.9618565683646112,0.9757238605898124,0.9746380697050938,0.9765549597855228,0.9747520107238608,0.7729624664879355,,0.781058981233244
naval_propulsion_plant,128,nn,shapiq,kernel,28.122406458854677,0.0002836942672729,0.012220001220703,0.0129993438720702,0.0240703344345092,0.0119077444076537,0.0244669198989867,,0.1757497549057006,10905.699630808833,9741.087339735031,10828.128825950622,10816.024688434602,10809.327984929085,11096.704726362228,10771.333530378342,,9967.88180589676,0.0364982035041788,0.0373631453733501,0.0305320524516731,0.0305402658025522,0.0303757364803288,0.0306121099331408,0.3368686527865343,,0.2551817923920735,0.0035175938545855,0.003256887431997,0.0006622329303537,0.0006843816638216,0.0006467403838915,0.0006601398423274,0.6511594336452741,,0.3743638074769114,0.9344772117962468,0.9358378016085792,0.937627345844504,0.936353887399464,0.9382439678284182,0.938505361930295,0.4356702412868632,,0.7183176943699732
naval_propulsion_plant,128,xgb,sage,permutation,27.540229988098144,0.0002105712890624,0.0100624561309814,0.0101449966430663,0.0135733366012572,0.0115385532379149,0.0192400693893432,,0.213330578804016,60.448274803161624,66.76482613086701,68.61239395141601,62.079156279563904,67.503093957901,64.45425021648407,32.79501807689667,,69.73841037750245,0.0069175396653137,0.0053715675080814,0.0058241351148983,0.005324502399612,0.005967580549744,0.0051255716809675,0.2731250529611592,,0.0221314515430277,0.0035175938545855,0.003256887431997,0.0006622329303537,0.0006843816638216,0.0006467403838915,0.0006653157189139,0.6511594336452741,,0.3743638074769114,1.0,1.0,1.0,1.0,1.0,1.0,0.7,,1.0
naval_propulsion_plant,128,xgb,shap,kernel,28.522541046142575,0.0005710363388061,0.0121051311492919,0.0104363918304442,0.0125972747802733,0.0109079360961913,0.0190706253051757,,0.1606051445007323,3666.4491933107374,3346.241110134125,3335.8877505779265,3351.9903724193573,3357.2800418138504,3581.6938894033433,3285.172459220886,,3438.363906311989,0.0252416165744499,0.0215778879089242,0.0096767249165191,0.0107922187196899,0.0090917015623383,0.0116470498595756,0.4997050894642537,,0.1639441813145539,0.0035175938545855,0.003256887431997,0.0006622329303537,0.0006843816638216,0.0006467403838915,0.0006653157189139,0.6511594336452741,,0.3743638074769114,0.9271514745308312,0.939745308310992,0.9588203753351208,0.9568565683646112,0.9645375335120644,0.954671581769437,0.7735991957104558,,0.8194973190348526
naval_propulsion_plant,128,xgb,shapiq,kernel,27.913325953483582,0.0002792835235595,0.0123929500579833,0.0139714717864989,0.017108130455017,0.0119627714157104,0.0199407100677489,,0.1641283750534057,15226.087997269631,15010.784380722043,15849.610289669035,15770.325243258476,15826.738304448128,16574.43315484524,15772.132194685935,,16201.922119116784,0.0053961489730238,0.0048133922339283,0.0043910080853556,0.0044149219651577,0.0038570972637748,0.0043164828439804,0.0646762915551301,,0.0158590365917162,0.0035175938545855,0.003256887431997,0.0006622329303537,0.0006843816638216,0.0006467403838915,0.0006653157189139,0.6511594336452741,,0.3743638074769114,0.8774463806970509,0.905616621983914,0.9255227882037534,0.920509383378016,0.941333780160858,0.9247721179624666,0.4426608579088471,,0.6501072386058981
nomao,6,nn,expected_gradients,na,,,,,,,,0.0148149013519286,,,,,,,,,188.4725660562515,,,,,,,,,0.0265136232599615,,,,,,,,,0.0575355867329466,,,,,,,,,0.8579492187500002,
nomao,12,nn,expected_gradients,na,,,,,,,,0.012644338607788,,,,,,,,,261.5349259853363,,,,,,,,,0.0211507068946957,,,,,,,,,0.0276945881545833,,,,,,,,,0.8807763671875002,
nomao,16,nn,expected_gradients,na,942.074372792244,0.0004089832305907,0.494775104522705,0.4729803085327148,0.5646393775939942,0.5111494302749634,2.197077989578247,,0.5372189521789551,358.5424149751663,428.7281453132629,351.2428455352783,367.4366460800171,376.1218779563904,311.8984714746475,359.85361471176145,,293.28747220039367,0.0338899252936243,0.0257297813892363,0.0156813282519578,0.0132737616077065,0.0134328193962574,0.0156813282519578,0.077906385064125,,0.0945067703723907,0.0512118871467193,0.0380690473996015,0.0165229322442482,0.0168321655230148,0.0168400808320009,0.0165229322442482,0.4268210691925175,,0.1635488760228797,0.8029443359375001,0.8511035156250001,0.928515625,0.946044921875,0.92607421875,0.928515625,0.5972167968750001,,0.4064453125
nomao,24,nn,expected_gradients,na,,,,,,,,0.0138440132141112,,,,,,,,,437.22920484542846,,,,,,,,,0.0144274130463599,,,,,,,,,0.012772977993861,,,,,,,,,0.9180126953125,
nomao,32,nn,expected_gradients,na,1078.6002362012864,0.0004312992095946,0.4808023929595947,0.4742019176483154,0.5566320896148682,0.503413724899292,2.205334520339966,,0.8827524662017823,580.50463681221,665.4976491928101,592.860363483429,588.6064698696136,604.227563238144,543.1006309986115,587.2816022872925,,509.61128118038175,0.0214204205200075,0.0223860193043946,0.0103615028783679,0.0090432278811931,0.0100837415084242,0.0103615028783679,0.077906385064125,,0.070435345172882,0.0261509307849729,0.0240604809862793,0.0066118473626075,0.0073482732543004,0.0070257666982069,0.0066118473626075,0.4268210691925175,,0.1293856160095474,0.86265625,0.86962890625,0.932177734375,0.963818359375,0.953125,0.932177734375,0.5972167968750001,,0.57822265625
nomao,48,nn,expected_gradients,na,,,,,,,,0.013001775741577,,,,,,,,,778.1141586780548,,,,,,,,,0.0102727531455456,,,,,,,,,0.0058758442228627,,,,,,,,,0.9370263671875,
nomao,64,nn,expected_gradients,na,981.2362672805788,0.0004049777984618,0.5047236442565918,0.4762025833129882,0.5683680534362793,0.5251625299453735,2.203190279006958,,1.4318919897079467,887.4983422279358,978.303677034378,885.6920153141022,900.3018992424011,907.3193597316742,855.6974025249481,880.8489755630493,,798.356848359108,0.0180108007974922,0.0156744606792926,0.0068342441692948,0.005890633817762,0.0057163815014063,0.0064528218470513,0.077906385064125,,0.0581046864390373,0.0146408350590777,0.0135557473352203,0.0027936903072723,0.0028133385802905,0.0028917242723323,0.0028728947613406,0.4268210691925176,,0.0970277119094567,0.8836230468750002,0.90732421875,0.963759765625,0.9666015625,0.96693359375,0.96279296875,0.5972167968750001,,0.66953125
nomao,96,nn,expected_gradients,na,,,,,,,,0.0135515451431273,,,,,,,,,1126.27078063488,,,,,,,,,0.0080336018931119,,,,,,,,,0.0032328114631791,,,,,,,,,0.9535546875,
nomao,128,nn,expected_gradients,na,940.8691734552384,0.0003902435302734,0.4902941703796387,0.4777424335479736,0.5664803981781006,0.515963339805603,2.2090029239654543,,2.9691246509552003,1629.3924700021744,1729.011365699768,1610.7804433345796,1622.8329778194427,1627.6894972801208,1579.7024592876437,1604.8925510883332,,1467.618515276909,0.0132071961648761,0.0129170352593064,0.0043968340381979,0.0040525238495319,0.0041233464609831,0.0046354887075721,0.077906385064125,,0.052621092647314,0.0094744761015965,0.005722048423257,0.0012458218773148,0.0012878210077127,0.0013345587818448,0.0012785726861073,0.426821069192518,,0.077312845487804,0.9106591796875,0.91177734375,0.973271484375,0.973935546875,0.9743359375,0.9707861328125,0.5972167968750001,,0.693359375
nomao,192,nn,expected_gradients,na,,,,,,,,0.012708282470703,,,,,,,,,1944.9973190784451,,,,,,,,,0.0078124111052602,,,,,,,,,0.0022144797994466,,,,,,,,,0.9488916015625,
nomao,256,nn,expected_gradients,na,1002.6151367664336,0.0004404544830321,0.489143943786621,0.4788296699523925,0.5653977394104004,0.5324280023574829,2.213866710662842,,5.609008526802063,2389.2280205965044,2547.155373430252,2368.5954454422,2379.7516140937805,2390.496191358566,2365.67892472744,2361.1521137714385,,2187.2198016881944,0.0091059649363159,0.0080702735111116,0.0037943774834274,0.0034646979998796,0.0033706889022141,0.0038142816396429,0.077906385064125,,0.0485290363430976,0.0068501106129029,0.0024611735713259,0.0006567729252311,0.0006726602609385,0.0006659373450983,0.0006501850917288,0.426821069192518,,0.0694538155790344,0.9402783203125,0.95083984375,0.9753515625,0.977314453125,0.977509765625,0.974951171875,0.5972167968750001,,0.717333984375
numerai28.6,8,nn,shap,kernel,,,,,,,,0.0105634450912475,,,,,,,,,258.121324801445,,,,,,,,,0.0009674760224022,,,,,,,,,0.0583473945990155,,,,,,,,,0.8450390625,
numerai28.6,8,nn,shapiq,kernel,,,,,,,,0.0120582342147826,,,,,,,,,2137.167648863792,,,,,,,,,0.0004552345459058,,,,,,,,,0.0583473945990155,,,,,,,,,0.622197265625,
numerai28.6,8,xgb,shap,kernel,,,,,,,,0.0117693424224853,,,,,,,,,467.7398466348648,,,,,,,,,0.0076316548408144,,,,,,,,,0.0607439240657224,,,,,,,,,0.6769677734374999,
numerai28.6,8,xgb,shapiq,kernel,,,,,,,,0.0114232540130614,,,,,,,,,2405.7491909503938,,,,,,,,,0.0040111272238436,,,,,,,,,0.0607439240657224,,,,,,,,,0.4755761718749999,
numerai28.6,16,nn,shap,kernel,,,,,,,,0.0103740215301513,,,,,,,,,368.0316418886185,,,,,,,,,0.0007806454806253,,,,,,,,,0.0275468493758258,,,,,,,,,0.8746435546875,
numerai28.6,16,nn,shapiq,kernel,,,,,,,,0.0109021186828612,,,,,,,,,3084.17232670784,,,,,,,,,0.0003833652544928,,,,,,,,,0.0275468493758258,,,,,,,,,0.6790136718750001,
numerai28.6,16,xgb,shap,kernel,,,,,,,,0.0110664844512938,,,,,,,,,758.0094903945923,,,,,,,,,0.0056353116103138,,,,,,,,,0.0263249946152386,,,,,,,,,0.7466113281250001,
numerai28.6,16,xgb,shapiq,kernel,,,,,,,,0.0107624053955077,,,,,,,,,3708.312596917152,,,,,,,,,0.0032387597940311,,,,,,,,,0.0263249946152386,,,,,,,,,0.56748046875,
numerai28.6,32,nn,sage,permutation,,,,,,5.450781226158142,,,,,,,,,443.44396352767944,,,,,,,,,1.0787803660176026e-05,,,,,,,,,0.0070937908535666,,,,,,,,,1.0,,,
numerai28.6,32,nn,shap,kernel,,0.000309133529663,4.982033896446228,4.782326769828797,6.239044189453125,5.4283802032470705,14.919249725341796,0.0104993104934691,0.3423274040222168,,796.9546186208725,866.672606086731,837.2637808561325,850.0273051023484,513.8843890428543,858.8211828708648,635.9016180753708,681.8643765211106,,0.0008347782467958,0.0003390320842006,0.0003797966052408,0.0003150081436026,0.0003397353544872,0.0070346422058546,0.000691634945807,0.0007633892452668,,0.0243997574319624,0.0070937908535666,0.007671224431595,0.0073692431432693,0.0070937908535666,1.000358040901241,0.0142954489430693,0.0319761078164692,,0.8680859375000001,0.9485107421875,0.93935546875,0.951484375,0.948701171875,0.45427734375,0.8878710937500001,0.8828027343750001
numerai28.6,32,nn,shapiq,kernel,,,,,,5.684095740318298,,0.0109140872955321,,,,,,,5211.0269180774685,,4968.046580052376,,,,,,,0.0002741358224462,,0.0003264045440807,,,,,,,0.0070937908535666,,0.0142954489430693,,,,,,,0.8121386718750001,,0.7223193359375,
numerai28.6,32,xgb,shap,kernel,,0.0003191709518432,5.346649074554444,5.155341649055481,6.666841197013855,,15.322167086601258,0.011022400856018,0.3738994359970092,,1319.7127336978913,1349.955083703995,1343.4696957349777,1351.073811149597,,1343.4043169260026,1338.988310074806,1452.4767823696136,,0.004979600524029,0.0041446581903323,0.004193182661764,0.0044229215616528,,0.0383939507709974,0.0045047045493055,0.0058705045667884,,0.0243997574319624,0.0070937908535666,0.007671224431595,0.0073692431432693,,1.000358040901241,0.0117900772503227,0.0319761078164692,,0.7686865234375,0.8059619140625001,0.8033544921875,0.7904150390625,,0.307060546875,0.7887158203125001,0.726962890625
numerai28.6,32,xgb,shapiq,kernel,,,,,,,,0.0115197658538817,,,,,,,,,6311.2062490224835,,,,,,,,,0.0027265100453571,,,,,,,,,0.0117900772503227,,,,,,,,,0.6257470703125,
numerai28.6,64,nn,sage,permutation,,,,,,5.592266368865967,,,,,,,,,924.485682463646,,,,,,,,,7.514974740342552e-06,,,,,,,,,0.0031474068695226,,,,,,,,,1.0,,,
numerai28.6,64,nn,shap,kernel,,0.0002336263656615,4.965122509002685,4.8258589744567875,6.230937075614929,5.4154911756515505,14.913994812965392,0.0104126214981078,0.6197580814361572,,1589.6667152643204,1749.6065578222274,1683.6234677791597,1712.9942282915115,1051.8971863746642,1725.7794756889343,1272.740219783783,1375.3689421653748,,0.0005841722397794,0.0003205908537738,0.0002980644555496,0.0002975751487591,0.0003095741851547,0.0070334907468248,0.0006395475439288,0.0005658670213261,,0.0119821245405781,0.0031299255646957,0.003331729944163,0.0028859688256572,0.0031474068695226,1.000358040901241,0.0080314264194666,0.0192757880905748,,0.9038037109375,0.9506103515625,0.953466796875,0.9538232421875,0.95275390625,0.4538623046875,0.8949609375000002,0.911923828125
numerai28.6,64,nn,shapiq,kernel,,,,,,5.92483606338501,,0.012129259109497,,,,,,,9199.758378744124,,8734.77033622265,,,,,,,0.0002506767246479,,0.0002928654349097,,,,,,,0.0031474068695226,,0.0080314264194666,,,,,,,0.8248583984375001,,0.755234375,
numerai28.6,64,xgb,shap,kernel,,0.0001865863800048,5.3497549295425415,5.167341089248657,6.6672698020935055,,15.270396661758422,0.0109543800354003,0.7376152276992798,,2451.737439584732,2519.719449162483,2518.3330795764923,2517.7517334461213,,2506.81001367569,2491.5784047365187,2722.267188692093,,0.0038462278125404,0.0029986079220785,0.0035919318332947,0.0031253871058072,,0.0384083115762268,0.0032698900547765,0.0043186000450713,,0.0119821245405781,0.0031299255646957,0.003331729944163,0.0028859688256572,,1.000358040901241,0.005090644888618,0.0192757880905748,,0.8155761718750002,0.8562304687500001,0.8302490234375,0.8484521484375002,,0.30734375,0.841376953125,0.7934716796875001
numerai28.6,64,xgb,shapiq,kernel,,,,,,,,0.010704469680786,,,,,,,,,11508.871728849412,,,,,,,,,0.0023405876298788,,,,,,,,,0.005090644888618,,,,,,,,,0.6918701171875,
numerai28.6,128,nn,sage,permutation,,,,,,5.558569765090942,,,,,,,,,1873.461683416367,,,,,,,,,6.630402254604497e-06,,,,,,,,,0.001366921033958,,,,,,,,,1.0,,,
numerai28.6,128,nn,shap,kernel,,0.0002336740493773,4.998469018936158,4.769224739074707,6.217880725860596,5.4059919834136965,14.926374697685242,0.010465121269226,1.215481734275818,,3095.9587183237077,3387.7999169826508,3301.8182765722277,3310.4976566553114,1956.7810507774352,3356.163663172722,2398.069879364967,2622.7166229248046,,0.0005207160212383,0.0002743037045655,0.0002665362649713,0.0002712439206925,0.0002715255404471,0.0069588561553099,0.0006055366489693,0.0004490454367336,,0.0062651882478987,0.0013470305600202,0.0013275401840326,0.0011909467373141,0.001366921033958,0.999177170239802,0.0059031315655265,0.0097873718081078,,0.915849609375,0.9590673828125,0.96064453125,0.9591796875,0.9599853515625,0.4535498046875,0.900458984375,0.930849609375
numerai28.6,128,nn,shapiq,kernel,,,,,,5.847689127922058,,0.010671830177307,,,,,,,17158.64212706089,,16258.315444874765,,,,,,,0.000232783887511,,0.0002785084844961,,,,,,,0.001366921033958,,0.0059031315655265,,,,,,,0.8502832031250002,,0.7716259765625001,
numerai28.6,128,xgb,shap,kernel,,0.0001961231231688,5.3446842432022095,5.184078550338745,6.664113140106201,,15.360947751998902,0.0108134984970092,1.4776498556137083,,4679.918358612061,4887.923758769035,4868.443369483948,4868.447215485573,,4851.898377561569,4813.435468912125,5261.037231469154,,0.002976577372365,0.0025818525983418,0.0025619565974467,0.0025577061824502,,0.038567719668917,0.0027763256552708,0.0034843581021412,,0.0062651882478987,0.0013470305600202,0.0013275401840326,0.0011909467373141,,0.999177170239802,0.0027503816262939,0.0097873718081078,,0.8574169921875001,0.8744580078125,0.8751025390625001,0.8761865234375001,,0.3071484375,0.865380859375,0.8335791015625
numerai28.6,128,xgb,shapiq,kernel,,,,,,,,0.012889552116394,,,,,,,,,21976.90675635338,,,,,,,,,0.002137748050362,,,,,,,,,0.0027503816262939,,,,,,,,,0.722607421875,
numerai28.6,256,nn,sage,permutation,,,,,,5.410169506072998,,,,,,,,,3557.053033709526,,,,,,,,,5.939136750286872e-06,,,,,,,,,0.0006078716278919,,,,,,,,,1.0,,,
numerai28.6,256,nn,shap,kernel,,0.0003302812576293,4.985855340957642,4.781435942649841,6.21602942943573,5.312867903709412,14.928676438331603,0.0100607395172118,2.44812216758728,,6021.411939930916,6648.264387345314,6507.818962931633,6483.356667470932,3778.016885375977,6596.490035915374,4690.3913834810255,5084.741274690628,,0.0003985603308821,0.0002611588307224,0.000261291051321,0.0002591943886845,0.0002606630341798,0.0068047414916842,0.0006296789912652,0.0003508027679618,,0.0030051603307861,0.000586245064277,0.0005740964627626,0.0005227969216066,0.0006078716278919,0.9968154289169248,0.0048242904694753,0.0048648606295566,,0.93595703125,0.961953125,0.961552734375,0.96173828125,0.961474609375,0.4538964843749999,0.897431640625,0.946318359375
numerai28.6,256,nn,shapiq,kernel,,,,,,5.9988678932189945,,0.0113377332687377,,,,,,,33118.10701956749,,31104.66296973229,,,,,,,0.0002257656411675,,0.0002732387536382,,,,,,,0.0006078716278919,,0.0048242904694753,,,,,,,0.85724609375,,0.770517578125,
numerai28.6,256,xgb,shap,kernel,,0.0002060890197753,5.367444705963135,5.191442847251892,6.732461261749267,,15.313816380500793,0.0112359523773192,3.2807913064956664,,9173.661065411568,9559.66080443859,9553.50254688263,9567.72901160717,,9532.79378209114,9398.209621357915,10313.596085691452,,0.0024612594138432,0.0022121133253575,0.0021755186440588,0.0021782800280263,,0.0388598189802602,0.0022954565358982,0.0028911927608032,,0.0030051603307861,0.000586245064277,0.0005740964627626,0.0005227969216066,,0.9968154289169248,0.001612587277245,0.0048648606295566,,0.880029296875,0.8932519531250002,0.8947607421875,0.8952197265625002,,0.307607421875,0.8884228515625001,0.8589501953125002
numerai28.6,256,xgb,shapiq,kernel,,,,,,,,0.012622570991516,,,,,,,,,42760.37406477928,,,,,,,,,0.0020223593923649,,,,,,,,,0.001612587277245,,,,,,,,,0.745302734375,
numerai28.6,512,nn,sage,permutation,,,,,,5.476586532592774,,,,,,,,,7055.191370296478,,,,,,,,,6.140823374982858e-06,,,,,,,,,0.0002895372550265,,,,,,,,,1.0,,,
numerai28.6,512,nn,shap,kernel,,0.0002471446990966,5.003465986251831,4.801185917854309,6.247723126411438,5.4968485832214355,14.93731927871704,,4.838119626045227,,11673.454880928994,13158.331715607645,12905.017180681229,12831.449704480172,7393.342926073075,12940.319710588456,,10015.405448198318,,0.0003238729261113,0.000257822729655,0.0002558655538833,0.0002552635391376,0.0002575943582674,0.0068049626603534,,0.0002837370856397,,0.0014277782288417,0.000289320663731,0.0002732016047118,0.0002449464635867,0.0002895372550265,0.9968154289169248,,0.0013787712012475,,0.9491650390625,0.9623876953125,0.9622021484375,0.962373046875,0.9620068359375,0.4535839843749999,,0.9572802734375
numerai28.6,512,nn,shapiq,kernel,,,,,,5.975227046012878,,,,,,,,,64395.24953689575,,,,,,,,,0.0002224181124401,,,,,,,,,0.0002895372550265,,,,,,,,,0.861328125,,,
numerai28.6,512,xgb,shap,kernel,,0.0002103567123412,5.369622206687927,5.180560159683227,6.692274332046509,,15.337060928344728,,6.388438940048218,,18172.052065682412,18956.686009216308,19001.657354784013,18964.16345293522,,18913.498516631127,,20470.665587735177,,0.0021203895373912,0.001967573197841,0.0019519851367084,0.0019263344564801,,0.038839824032492,,0.0022336934936802,,0.0014277782288417,0.000289320663731,0.0002732016047118,0.0002449464635867,,0.9968154289169248,,0.0013787712012475,,0.8987255859375001,0.90578125,0.9060205078125,0.90794921875,,0.30685546875,,0.8917675781250001
optdigits,8,nn,expected_gradients,na,76.74146728515625,0.0003021478652953,0.0191852331161498,0.0186880588531493,0.0211431503295897,0.0186079263687133,0.1284019231796264,,0.1752593517303466,87.0509181022644,84.84277720451355,67.73077669143677,68.90771889686584,69.53591163158417,85.79617795944213,68.29109606742858,,51.871412777900694,0.1154288075864314,0.110293874144554,0.0546495951712131,0.0588688477873802,0.0510926097631454,0.0499113276600837,0.3740540444850921,,0.1089277192950248,0.1137354438658112,0.1010786190325712,0.0468187315442283,0.0527930347377342,0.0455389112429963,0.0463483396055062,1.2211105327498786,,0.1024014550074388,0.7658932384341636,0.7601565836298932,0.8671886120996442,0.8933807829181495,0.8932384341637011,0.8986476868327402,0.259644128113879,,0.8269039145907474
optdigits,10,nn,expected_gradients,na,,,,,,,,0.0044890165328978,,,,,,,,,60.21129002571106,,,,,,,,,0.0547148868441581,,,,,,,,,0.0472061058908607,,,,,,,,,0.8889252669039147,
optdigits,16,nn,expected_gradients,na,80.64952175617218,0.000190234184265,0.0168609380722045,0.0170223474502562,0.0241371154785155,0.0181022405624389,0.1275485277175903,,0.0861937761306762,143.92806286811827,111.41091222763062,92.67516815662384,94.54722530841828,94.89286229610444,141.108588719368,93.53763709068298,,80.7092491865158,0.0799612343311309,0.070827742293477,0.0375444218516349,0.0352660939097404,0.0339917279779911,0.0355998426675796,0.3740540444850921,,0.1208966448903083,0.0537514305689941,0.0435715746337468,0.0246342897399188,0.0225169310791442,0.0236418246595268,0.024201058555661,1.2211105327498786,,0.1020447536519977,0.8284839857651246,0.8418220640569395,0.9266903914590748,0.9212811387900356,0.928256227758007,0.9283985765124556,0.259644128113879,,0.7879003558718861
optdigits,20,nn,expected_gradients,na,,,,,,,,0.0036031007766723,,,,,,,,,92.50396664142608,,,,,,,,,0.0397690080106257,,,,,,,,,0.0212597106151197,,,,,,,,,0.9192455516014236,
optdigits,32,nn,expected_gradients,na,72.54536216259002,0.0001951217651366,0.0167844057083129,0.0194637298583984,0.0218917131423949,0.0186546564102172,0.1351430416107177,,0.1580173969268798,248.6504370689392,174.51818997859954,153.38413653373718,154.99125542640687,155.1327513933182,242.2268236875534,154.63094589710235,,134.96615908145904,0.0590052522718905,0.0618664786219596,0.021212308295071,0.0209494378417729,0.0214707456529139,0.0208884926512837,0.3704440593719482,,0.081253208220005,0.0321857180593046,0.0263386726761175,0.0094556965128645,0.0096410480888137,0.0095117546309521,0.0091591261110659,1.1483997211662769,,0.0513542546811801,0.8756156583629894,0.8629181494661922,0.9537935943060498,0.9546049822064056,0.95467615658363,0.95511743772242,0.2548754448398576,,0.8493950177935942
optdigits,40,nn,expected_gradients,na,,,,,,,,0.004631209373474,,,,,,,,,161.9833793401718,,,,,,,,,0.0258160181343554,,,,,,,,,0.0090761670950541,,,,,,,,,0.940270462633452,
optdigits,64,nn,expected_gradients,na,80.8533831357956,0.0002128839492797,0.0168409347534179,0.0166929721832275,0.0241878509521483,0.0203300476074218,0.1263688087463378,,0.2154773235321044,366.5207853317261,262.04694347381593,238.1262876033783,238.9235633611679,239.114715218544,362.7315586090088,238.55810952186584,,219.82945737838745,0.0467761278152465,0.03499604370445,0.0153603717684745,0.0143629761412739,0.0156367943622171,0.0149387250654398,0.3595019400119781,,0.0727581903338432,0.0191611082591706,0.0105374442915599,0.0042367455797657,0.0042504584024402,0.0042198023587887,0.0042314328815069,0.923844680505558,,0.0223358724750435,0.9001423487544484,0.9201423487544484,0.9666619217081852,0.9682562277580072,0.9661494661921708,0.9660782918149466,0.2369964412811387,,0.8714590747330961
optdigits,80,nn,expected_gradients,na,,,,,,,,0.0053487300872802,,,,,,,,,266.2308721780777,,,,,,,,,0.0187685316428541,,,,,,,,,0.0044612602331256,,,,,,,,,0.9564697508896798,
optdigits,128,nn,expected_gradients,na,82.38477540016174,0.0002210140228271,0.0175181627273559,0.0185968399047851,0.0238666057586669,0.0221434831619262,0.1321033000946044,,0.3303548812866211,586.650986289978,456.5378458738327,428.7083947420121,427.95544226169585,430.69551346302035,582.0167002916336,428.8413578271866,,399.9042081832886,0.030323508195579,0.0245477331802248,0.0122652583755552,0.0123553656972944,0.0120945391245185,0.0122982214204966,0.3560041189193725,,0.045262299478054,0.0121446272092791,0.0051175823661236,0.0020760348949564,0.0021401597644996,0.0020582931728131,0.0020464074065653,0.8575564748318705,,0.0085005978456501,0.933523131672598,0.9411672597864768,0.9720427046263346,0.972640569395018,0.9715302491103204,0.9716298932384342,0.2358007117437722,,0.9167259786476868
optdigits,160,nn,expected_gradients,na,,,,,,,,0.0049104928970336,,,,,,,,,422.8885411977768,,,,,,,,,0.0153611235320567,,,,,,,,,0.0025288738278555,,,,,,,,,0.9617366548042704,
pendigits,8,nn,sage,permutation,59.14638071060181,0.0021942138671874,0.0111812114715575,0.008823275566101,0.0124405622482299,0.0108853816986083,0.0360954046249389,,0.0124071836471557,0.7503773689270019,0.342823314666748,0.9112409353256226,0.4728298902511597,0.4768931627273559,0.8226076126098633,0.3042500734329223,,0.7449080228805542,0.3310776296949407,0.3735572343837755,0.520031866611151,0.5500198232178982,0.5350620315547434,0.5355812480476392,0.6222061894585069,,0.2527223750508586,0.0948478586492377,0.1019053179193056,0.0377162630211112,0.0361200673244263,0.0360094653328814,0.0349622728638642,1.0512969161830266,,0.0857825281192153,0.72,0.74,0.6,0.4599999999999999,0.58,0.62,0.78,,0.96
pendigits,8,nn,shap,kernel,58.69632654190063,0.0002558708190917,0.0180012941360473,0.0159542798995971,0.0138821363449096,0.0121851921081542,0.0384155988693236,,0.0125885486602782,243.15491180419923,230.54434628486632,231.03925709724427,231.6220382452011,230.7754409313202,234.6035092830658,217.8195611000061,,218.41278460025788,0.0230869565935354,0.0243216186668129,0.0129488756629102,0.0123678664117639,0.012219285280605,0.0121653447076043,0.0663234417105281,,0.0206098524146602,0.0948478586492377,0.1019053179193056,0.0377162630211112,0.0361200673244263,0.0360094653328814,0.0349622728638642,1.0512969161830266,,0.0857825281192153,0.7992576419213974,0.7939082969432313,0.895269286754003,0.9038791848617176,0.8927510917030567,0.8961426491994178,0.5244323144104803,,0.8160844250363901
pendigits,8,nn,shapiq,kernel,58.35502519607544,0.000631833076477,0.0134452104568481,0.0129271984100341,0.0258787393569945,0.0131170511245727,0.043981099128723,,0.0186097383499145,1296.6815125465394,1508.4264489173888,1455.9312241315845,1467.689037489891,1472.9750440597534,1354.4750106573106,1457.487131309509,,1365.283530831337,0.0075146246977254,0.006144098083136,0.0051629198688723,0.0054427199678497,0.0052196316928719,0.0054409092426879,0.0132387949742626,,0.0059234848447767,0.0948478586492377,0.1019053179193056,0.0377162630211112,0.0361200673244263,0.0360094653328814,0.0349622728638642,1.0512969161830266,,0.0857825281192153,0.3413318777292576,0.4133042212518195,0.5441048034934497,0.5602983988355168,0.5690465793304221,0.5405749636098982,0.1287918486171761,,0.4481877729257641
pendigits,8,xgb,sage,permutation,58.57826385498047,0.0002497434616088,0.011002230644226,0.011292290687561,0.0133517026901244,0.014052391052246,0.0418529987335204,,0.010399842262268,2.256974625587463,2.8312954187393187,10.236731362342834,10.298775601387025,10.296021580696106,9.47441291809082,1.864579939842224,,1.8523268222808835,0.1765564814047951,0.222629235042852,0.4964063189525965,0.4945998042533913,0.5030026604894619,0.5495538941784261,0.2562587583193535,,0.1224560745432415,0.0948478586492377,0.1019053179193056,0.0377162630211112,0.0361200673244263,0.0360094653328814,0.0349622728638642,1.0512969161830266,,0.0857825281192153,0.62,0.64,0.6,0.38,0.44,0.54,0.8,,0.6
pendigits,8,xgb,shap,kernel,59.72436702251434,0.0003108978271483,0.0113375186920165,0.0178525209426879,0.0195918798446654,0.0150900125503539,0.0405868291854857,,0.0102791070938109,931.4766864538192,913.107808971405,918.2085174560548,914.3838236808776,919.2944085121156,1034.9970225811005,905.5884012460708,,952.1345965385436,0.0195070369811368,0.020594689219229,0.0125228756595697,0.0116501231035351,0.0110982681314808,0.0123450436520116,0.0535674306035628,,0.0190705925703235,0.0948478586492377,0.1019053179193056,0.0377162630211112,0.0361200673244263,0.0360094653328814,0.0349622728638642,1.0512969161830266,,0.0857825281192153,0.8335662299854439,0.8317321688500728,0.8862372634643376,0.8999490538573509,0.8959825327510916,0.8800727802037847,0.6238355167394468,,0.8337845705967977
pendigits,8,xgb,shapiq,kernel,59.54359292984009,0.0002538442611693,0.0221819400787353,0.0114022016525268,0.0214334487915038,0.0587385654449462,0.046413493156433,,0.0146489143371581,2856.136744403839,2797.8060074806212,2995.9474271535873,3004.0226714849473,2997.3458782434464,3108.6865792512895,3000.7800827503206,,2931.4269577026366,0.008908968777735,0.0077462241587395,0.0062545816499086,0.0063973820296972,0.0060460646000917,0.0064101918664167,0.0176285118851251,,0.0075159667191637,0.0948478586492377,0.1019053179193056,0.0377162630211112,0.0361200673244263,0.0360094653328814,0.0349622728638642,1.0512969161830266,,0.0857825281192153,0.5048326055312955,0.5528311499272197,0.638056768558952,0.6255167394468704,0.6344177583697234,0.6109461426491993,0.249395924308588,,0.5793668122270742
pendigits,16,nn,sage,permutation,60.504769682884216,0.0001577138900756,0.0096497297286986,0.0087206125259398,0.0123496770858764,0.0109731435775756,0.0360644578933715,,0.0254810571670531,0.4359128713607788,0.5176257371902466,0.4698907136917114,0.5450210809707642,0.5121866941452027,0.4248795032501221,0.4608837604522705,,0.4342272996902466,0.2223268631555372,0.1906907889850377,0.1474723926645224,0.1363256654559281,0.1367800724577808,0.124801799118531,0.6271658399413779,,0.1800208007927634,0.0497611037406348,0.0433828608915652,0.0157587802014228,0.0117180100226751,0.0124519159155882,0.0114307552606172,1.0512969161830266,,0.0364996491254462,0.8400000000000001,0.9,1.0,1.0,0.94,1.0,0.8,,0.94
pendigits,16,nn,shap,kernel,59.86067106723785,0.0001500368118285,0.0096724033355712,0.0087966203689574,0.0124264955520629,0.0117672681808471,0.0360422134399413,,0.0185791254043578,357.46937572956085,355.2964757680893,357.3519485235214,357.09019632339476,357.5058221578598,303.18194048404695,347.7836549282074,,280.83116044998167,0.0169181693480944,0.0153915825314535,0.0082417316324075,0.0073719741690761,0.0077312831823866,0.0066652470841783,0.0663103639296078,,0.0145031465516465,0.0497611037406348,0.0433828608915652,0.0157587802014228,0.0117180100226751,0.0124519159155882,0.0114307552606172,1.0512969161830266,,0.0364996491254462,0.8458951965065502,0.8632023289665212,0.9247962154294032,0.9383333333333332,0.9290029112081516,0.9449490538573506,0.5243449781659388,,0.8797962154294032
pendigits,16,nn,shapiq,kernel,59.700906205177304,0.0002635717391967,0.0200919151306152,0.0111722707748412,0.0147154331207274,0.0121470928192138,0.0414870262145995,,0.028940725326538,1866.094921898842,2154.994721221924,2108.4784828901293,2118.88060503006,2127.786782073975,1965.372463107109,2107.6912167310716,,1971.1125811338425,0.0053677518340649,0.0045978359200827,0.004106140847337,0.0038591301208044,0.0037883775276987,0.0038127374559071,0.0132314143477899,,0.0045530973414429,0.0497611037406348,0.0433828608915652,0.0157587802014228,0.0117180100226751,0.0124519159155882,0.0114307552606172,1.0512969161830266,,0.0364996491254462,0.4833988355167394,0.5245924308588064,0.6396288209606986,0.643471615720524,0.6387481804949053,0.6410189228529839,0.1283551673944686,,0.5406186317321688
pendigits,16,xgb,sage,permutation,59.63822312355042,0.0002138137817382,0.0119638442993163,0.0104561567306518,0.0139315605163573,0.0142371416091918,0.0411890506744384,,0.0215348005294799,2.898819351196289,3.687759017944336,3.204935383796692,3.213276720046997,3.1150742769241333,2.9592928886413574,3.159806966781616,,2.9485604524612428,0.094815953622814,0.116404039201186,0.0671784087413255,0.0660899152625427,0.0683996857215881,0.0458550166179366,0.2585079411199578,,0.1015950100604425,0.0497611037406348,0.0433828608915652,0.0157587802014228,0.0117180100226751,0.0124519159155882,0.01212090464564,1.0512969161830266,,0.0364996491254462,0.72,0.8,0.8,0.7,0.6799999999999999,0.8,0.8,,0.6
pendigits,16,xgb,shap,kernel,60.62600798606873,0.0004412412643432,0.0105592012405394,0.014547824859619,0.0143046140670775,0.0178300380706786,0.0404438018798827,,0.019088578224182,1672.0827267885209,1641.7649785995484,1645.6381331205368,1628.2640110254288,1649.2193135261537,1857.351510977745,1624.554261994362,,1708.1099552154542,0.0147027240771787,0.0132406787710026,0.0072575691115428,0.0068226184699637,0.0073272566404754,0.0075124917066202,0.0535658676768191,,0.0149423514055282,0.0497611037406348,0.0433828608915652,0.0157587802014228,0.0117180100226751,0.0124519159155882,0.01212090464564,1.0512969161830266,,0.0364996491254462,0.867802037845706,0.882292576419214,0.9291775836972344,0.9280931586608444,0.9323362445414848,0.922103347889374,0.6242285298398835,,0.8748471615720523
pendigits,16,xgb,shapiq,kernel,60.80163161754608,0.0002647638320922,0.0150513172149657,0.0099426269531249,0.0168179512023925,0.0146042108535766,0.0465083360671996,,0.0262808084487914,4873.696014690399,4798.65696208477,5116.246413803101,5129.667376160622,5130.928111243248,5308.108227443695,5137.679611325264,,5011.512910056114,0.006660771674338,0.0056471109560132,0.0052612938890419,0.0050641977705639,0.004718496338625,0.0051354580799429,0.0176353284572892,,0.0059472322274458,0.0497611037406348,0.0433828608915652,0.0157587802014228,0.0117180100226751,0.0124519159155882,0.01212090464564,1.0512969161830266,,0.0364996491254462,0.6144250363901018,0.6704294032023289,0.718296943231441,0.7366666666666666,0.7454730713245996,0.7364046579330422,0.2488500727802038,,0.651754002911208
pendigits,19,nn,sage,permutation,,,,,,,,0.0040977478027343,,,,,,,,,1.1315646409988402,,,,,,,,,0.1273888788344312,,,,,,,,,0.0104372855337623,,,,,,,,,0.94,
pendigits,19,nn,shap,kernel,,,,,,,,0.0040371656417846,,,,,,,,,369.92739861011506,,,,,,,,,0.0068194144372505,,,,,,,,,0.0104372855337623,,,,,,,,,0.9395050946142648,
pendigits,19,nn,shapiq,kernel,,,,,,,,0.0040882349014281,,,,,,,,,2239.5272706747055,,,,,,,,,0.0033979180828354,,,,,,,,,0.0104372855337623,,,,,,,,,0.6780713245997088,
pendigits,19,xgb,sage,permutation,,,,,,,,0.0042345762252807,,,,,,,,,3.3975695610046386,,,,,,,,,0.0546821056237641,,,,,,,,,0.0109390627543613,,,,,,,,,0.8800000000000001,
pendigits,19,xgb,shap,kernel,,,,,,,,0.0043790102005004,,,,,,,,,1998.568035554886,,,,,,,,,0.0063677723312051,,,,,,,,,0.0109390627543613,,,,,,,,,0.9380858806404658,
pendigits,32,nn,sage,permutation,63.152572298049925,0.0001498222351073,0.0096748113632201,0.0087585449218749,0.0124136924743651,0.0109678030014037,0.0360784530639648,,0.0492487907409667,0.9597858667373658,1.149187731742859,1.1149944067001345,1.2223153114318848,1.0450164794921877,1.2962640285491944,0.9519566297531128,,0.9403858423233032,0.178792748407916,0.1315171061566608,0.108512096758764,0.1109119209857606,0.1233107021718063,0.1007286866379866,0.5525543563745984,,0.1189797576914772,0.0256270306992107,0.0218088469344025,0.005836218890071,0.0058627167758283,0.0054619629611071,0.00608826061023,0.7433880141591264,,0.0162161273798699,0.8800000000000001,0.9,0.94,0.98,0.98,0.96,0.64,,1.0
pendigits,32,nn,shap,kernel,62.40002813339233,0.0002824783325194,0.0097071170806884,0.0088069200515746,0.01244637966156,0.0118761301040649,0.0361087322235107,,0.0378712892532348,650.2549113988877,674.312042927742,671.144823884964,671.8824480772018,672.3388213396072,465.73836262226104,667.1415809392929,,420.26338963508607,0.0125490679749427,0.0112697132435356,0.0062860997077804,0.0062123994539636,0.0061418141766016,0.0061977877822835,0.055678764964228,,0.0093782738281822,0.0256270306992107,0.0218088469344025,0.005836218890071,0.0058627167758283,0.0054619629611071,0.00608826061023,0.7433880141591264,,0.0162161273798699,0.8827001455604077,0.900844250363901,0.9422925764192138,0.9426564774381369,0.944839883551674,0.9433187772925764,0.6063609898107714,,0.924155749636099
pendigits,32,nn,shapiq,kernel,62.29883413314819,0.0002735376358031,0.0125764608383178,0.0118954420089721,0.0176950454711913,0.0118557453155517,0.0485677242279052,,0.0409243822097778,3015.3024540662764,3512.707423996925,3410.7245692491533,3432.5255007743835,3422.7012228012086,3198.6727371931074,3399.684474062919,,3182.0866927862166,0.0039900450904407,0.0035008689848552,0.0030186944679636,0.0030160713353806,0.0029316942136168,0.0029907552154248,0.0140868868976377,,0.0034178224810987,0.0256270306992107,0.0218088469344025,0.005836218890071,0.0058627167758283,0.0054619629611071,0.00608826061023,0.7433880141591264,,0.0162161273798699,0.5746797671033479,0.6355167394468705,0.708981077147016,0.7064264919941776,0.7150946142649198,0.7139519650655022,0.125574963609898,,0.6543668122270743
pendigits,32,xgb,sage,permutation,62.26085534095764,0.0001884937286376,0.0109553098678588,0.0092960357666015,0.0134849786758422,0.0126751422882079,0.0388514757156371,,0.0381284952163695,5.435450792312622,5.571293830871582,5.558763527870179,5.656499981880188,5.904153180122376,5.7623900175094604,6.5831235408782955,,5.49190742969513,0.0886997826905916,0.0716320905556534,0.048603925299953,0.051488249747012,0.0497912582781175,0.0502483855296761,0.2802007957781572,,0.0695701417904278,0.0256270306992107,0.0218088469344025,0.005836218890071,0.0058627167758283,0.0054619629611071,0.0059361097268524,0.7433880141591264,,0.0162161273798699,0.74,0.76,0.9,0.9,0.8,0.8400000000000001,0.6,,0.6599999999999999
pendigits,32,xgb,shap,kernel,63.62144501209259,0.0004594802856444,0.0149252653121947,0.009284210205078,0.0127537965774535,0.0169871330261229,0.0448826789855956,,0.0361679553985595,3138.2893969535826,3106.0239050626756,3103.861929965019,3080.0444490671157,3104.3474258422852,3526.962834620476,3059.527394723892,,3231.2020143270493,0.0108910145657989,0.0100442495385741,0.0058241468276217,0.0058123269569308,0.00554510697417,0.0058031946391586,0.0448892256134484,,0.0089436994813533,0.0256270306992107,0.0218088469344025,0.005836218890071,0.0058627167758283,0.0054619629611071,0.0059361097268524,0.7433880141591264,,0.0162161273798699,0.8995269286754002,0.9071834061135372,0.9435880640465794,0.9429257641921398,0.9459388646288208,0.9442867540029112,0.6786535662299854,,0.9145487627365356
pendigits,32,xgb,shapiq,kernel,64.31434400081635,0.0002955436706542,0.0143975496292113,0.0465831518173217,0.0203434944152831,0.0167616844177245,0.0450302362442016,,0.0413316249847411,8921.162615084648,8514.234232330322,9351.486064839362,9391.913682460783,9382.52940545082,9769.407168364529,9390.72825088501,,9138.45779480934,0.0049118245605369,0.0044891361666597,0.0038284737973583,0.0037354740545812,0.0036709260181669,0.0037652560787336,0.0168143164446789,,0.0043871403595454,0.0256270306992107,0.0218088469344025,0.005836218890071,0.0058627167758283,0.0054619629611071,0.0059361097268524,0.7433880141591264,,0.0162161273798699,0.7065211062590975,0.7404730713245996,0.8058005822416302,0.8111135371179039,0.8208879184861717,0.8110480349344978,0.2489228529839883,,0.7583478893740903
pendigits,38,nn,sage,permutation,,,,,,,,0.0041985750198363,,,,,,,,,1.351189661026001,,,,,,,,,0.0853756041670723,,,,,,,,,0.0050394205359024,,,,,,,,,1.0,
pendigits,38,nn,shap,kernel,,,,,,,,0.0060641288757323,,,,,,,,,633.0470984458923,,,,,,,,,0.0060328156883441,,,,,,,,,0.0050394205359024,,,,,,,,,0.9456622998544396,
pendigits,38,nn,shapiq,kernel,,,,,,,,0.0071115970611571,,,,,,,,,3681.608081436157,,,,,,,,,0.0027310790729657,,,,,,,,,0.0050394205359024,,,,,,,,,0.7389374090247453,
pendigits,38,xgb,sage,permutation,,,,,,,,0.004423427581787,,,,,,,,,6.007431077957153,,,,,,,,,0.0399166039327252,,,,,,,,,0.0046955332422235,,,,,,,,,0.8800000000000001,
pendigits,38,xgb,shap,kernel,,,,,,,,0.0061041116714477,,,,,,,,,3803.6072446107864,,,,,,,,,0.0052465247046379,,,,,,,,,0.0046955332422235,,,,,,,,,0.9486026200873364,
pendigits,64,nn,sage,permutation,56.50361344814301,0.0001596212387084,0.0097368717193602,0.0088309049606322,0.0124968290328979,0.0110487699508666,0.0382790327072143,,0.0781039953231811,1.5592387437820434,2.013021683692932,2.638287305831909,2.8113235950469972,2.8120779037475585,2.3405963659286497,1.6763031005859377,,2.0729266166687013,0.1115571940223041,0.0947948953770207,0.075107215400447,0.0737913926321885,0.0684412910816239,0.0716048891700624,0.4436485262254642,,0.086141917153013,0.0125869906468129,0.0126080981710917,0.0032672102250188,0.0031010225477234,0.0029381320808898,0.0030792542704204,0.6475880098387725,,0.0061580828780786,0.98,1.0,1.0,1.0,1.0,1.0,0.6599999999999999,,1.0
pendigits,64,nn,shap,kernel,56.07098579406738,0.0002552032470702,0.0097216844558715,0.0087825298309325,0.0123620510101318,0.0121208906173705,0.0361035585403442,,0.0749594688415526,1279.995461821556,1335.2322120189667,1330.9070709705352,1331.0471258163452,1331.5994264125825,886.01832177639,1328.3304497003555,,797.5704202651978,0.0089645661478506,0.0092244224110267,0.0054769386698502,0.0054430412929791,0.005202657316412,0.0054602320589651,0.0535031199322808,,0.006567538973143,0.0125869906468129,0.0126080981710917,0.0032672102250188,0.0031010225477234,0.0029381320808898,0.0030792542704204,0.6475880098387725,,0.0061580828780786,0.9193813682678312,0.9167758369723435,0.9516521106259098,0.9498835516739448,0.9531732168850072,0.9490029112081514,0.6310917030567685,,0.941877729257642
pendigits,64,nn,shapiq,kernel,55.62934865951538,0.0003293991088866,0.0126392126083373,0.0127236366271972,0.0182511568069457,0.0128397941589354,0.0469578981399535,,0.1078287601470946,5297.05830450058,6162.93356359005,5999.421861100197,6038.1187435388565,6004.44503583908,5658.553277492523,6000.950705027581,,5600.607976126671,0.0032063116954872,0.0028901326230086,0.0024969006929412,0.0024821590668431,0.0024368697753516,0.0024664351656839,0.0148516335666734,,0.0027756401706168,0.0125869906468129,0.0126080981710917,0.0032672102250188,0.0031010225477234,0.0029381320808898,0.0030792542704204,0.6475880098387725,,0.0061580828780786,0.632692867540029,0.6916229985443959,0.7592794759825326,0.7605967976710334,0.7686608442503639,0.7615647743813682,0.1147743813682677,,0.7170742358078602
pendigits,64,xgb,sage,permutation,55.69057543277741,0.0002026081085204,0.0126518487930297,0.010927653312683,0.0136604547500609,0.0143036127090453,0.0421538591384887,,0.0747852087020873,9.56514036655426,10.322459053993224,11.061002588272094,10.13204050064087,10.612895393371582,10.738354778289796,13.076427245140076,,10.449082040786744,0.0578790223053148,0.0496418820882603,0.0349876566003995,0.0372141855523567,0.0360172582569262,0.038458833056799,0.2575198001709011,,0.0573706312083181,0.0125869906468129,0.0126080981710917,0.0032672102250188,0.0031010225477234,0.0029381320808898,0.0031442937646981,0.6475880098387725,,0.0061580828780786,0.76,0.8400000000000001,0.8800000000000001,0.92,0.9,0.8800000000000001,0.58,,0.76
pendigits,64,xgb,shap,kernel,56.81050803661346,0.0003677606582641,0.010454773902893,0.0102481365203857,0.013123869895935,0.016187024116516,0.0540996313095092,,0.076261281967163,6166.858797097206,6006.418517398834,5984.077906894684,5950.83255777359,5971.400776648521,6806.013991308212,5930.954793906212,,6269.055288386345,0.0089006864026465,0.0081737336364589,0.0048249381020162,0.0048031630709015,0.0045840929290318,0.0047520922399165,0.0433417661799489,,0.0064557475985497,0.0125869906468129,0.0126080981710917,0.0032672102250188,0.0031010225477234,0.0029381320808898,0.0031442937646981,0.6475880098387725,,0.0061580828780786,0.9167685589519652,0.9265938864628822,0.9515866084425036,0.952227074235808,0.9534934497816592,0.952387190684134,0.6965356622998543,,0.9379039301310044
pendigits,64,xgb,shapiq,kernel,57.15099844932556,0.000294804573059,0.0241683721542357,0.0278158664703368,0.0165851593017577,0.0194141387939452,0.0456966161727904,,0.0839443445205688,16953.59410302639,16153.265837454795,17824.32925064564,17917.6993994236,17898.187114048003,18602.407617545126,17846.658519029617,,17412.360353183747,0.0042188774607276,0.0037845743698856,0.0032365899745075,0.003213812185598,0.0032209868343523,0.0032342010452972,0.0166640272707864,,0.0035479625361857,0.0125869906468129,0.0126080981710917,0.0032672102250188,0.0031010225477234,0.0029381320808898,0.0031442937646981,0.6475880098387725,,0.0061580828780786,0.7501965065502183,0.7867248908296942,0.8427001455604076,0.8467248908296943,0.8474381368267832,0.8475836972343522,0.2518922852983988,,0.8099272197962154
pendigits,76,nn,sage,permutation,,,,,,,,0.0046854734420775,,,,,,,,,3.1719570398330688,,,,,,,,,0.0605105953261142,,,,,,,,,0.0024744873758045,,,,,,,,,1.0,
pendigits,76,nn,shap,kernel,,,,,,,,0.004582381248474,,,,,,,,,1253.4231939077376,,,,,,,,,0.0051758903632542,,,,,,,,,0.0024744873758045,,,,,,,,,0.9539737991266376,
pendigits,76,nn,shapiq,kernel,,,,,,,,0.0052828550338744,,,,,,,,,6612.537307167053,,,,,,,,,0.0023160529281416,,,,,,,,,0.0024744873758045,,,,,,,,,0.7802765647743813,
pendigits,76,xgb,sage,permutation,,,,,,,,0.0043749332427978,,,,,,,,,11.543750596046449,,,,,,,,,0.0276091760716803,,,,,,,,,0.0025401741281816,,,,,,,,,0.92,
pendigits,76,xgb,shap,kernel,,,,,,,,0.0072418212890624,,,,,,,,,7412.385945701599,,,,,,,,,0.0046090580556928,,,,,,,,,0.0025401741281816,,,,,,,,,0.9549636098981076,
pendigits,128,nn,sage,permutation,56.431941103935245,0.000159978866577,0.0097864627838134,0.0088709831237792,0.0125326633453368,0.0111399412155151,0.0362557888031005,,0.1633699655532836,3.884898161888122,5.199361062049865,5.045952844619751,5.465875840187072,5.040346336364746,5.700091743469239,3.2477144956588746,,3.4110444307327272,0.0816132315927388,0.057025576541689,0.0650135050638463,0.057888874417909,0.0634830332053381,0.0596363495857084,0.4021024642962629,,0.0702159943679594,0.0067323324848889,0.0050957185889326,0.0021431711081379,0.002087491600104,0.00205556499993,0.0020953450051103,0.5466607832527093,,0.0050438382156368,1.0,1.0,1.0,1.0,1.0,1.0,0.6,,1.0
pendigits,128,nn,shap,kernel,55.93111331462861,0.0003814220428466,0.0097963571548461,0.0088362932205199,0.0144427776336669,0.0121135711669921,0.036695647239685,,0.1602890491485595,2503.010084605217,2624.038086771965,2609.1487872838975,2606.408318090439,2607.552342844009,1603.0668951511384,2605.343131232262,,1424.533066368103,0.0071828824404057,0.0064031053410562,0.0051164584611365,0.0050838798351068,0.0050686055516624,0.005099311670293,0.0503193378491106,,0.006480176779184,0.0067323324848889,0.0050957185889326,0.0021431711081379,0.002087491600104,0.00205556499993,0.0020953450051103,0.5466607832527093,,0.0050438382156368,0.9359825327510916,0.9424963609898108,0.9538937409024746,0.953646288209607,0.9541921397379912,0.9536390101892286,0.6572925764192139,,0.9396215429403204
pendigits,128,nn,shapiq,kernel,55.70903940200806,0.0003610610961913,0.0182835817337035,0.0138959646224975,0.0180057048797606,0.0127825260162352,0.0430723667144774,,0.2242187738418578,9877.049345183372,11544.59835588932,11139.07053012848,11249.767585086822,11195.90681166649,10564.356793689729,11222.345245933531,,10425.932118821143,0.0027898039046243,0.0023379407430769,0.0022189109368136,0.0021851577169398,0.0021630916677291,0.0021843313524754,0.015251823699224,,0.0024116684727028,0.0067323324848889,0.0050957185889326,0.0021431711081379,0.002087491600104,0.00205556499993,0.0020953450051103,0.5466607832527093,,0.0050438382156368,0.6985880640465792,0.7586899563318777,0.7887117903930132,0.7929257641921397,0.7936535662299854,0.7903347889374089,0.1109315866084424,,0.7441557496360989
pendigits,128,xgb,sage,permutation,55.72357776165008,0.0002042531967162,0.0125207662582397,0.0093661308288573,0.0140980958938598,0.0143586635589599,0.0411760568618773,,0.1477594137191772,18.54382796287537,20.263252711296083,20.198169422149657,20.443248224258426,20.567537045478826,20.94786355495453,21.900115442276,,20.3519508600235,0.0407036774572637,0.0381836181450819,0.0344316258039981,0.0317428806578072,0.0330029310432146,0.0340071266712585,0.2613839835847809,,0.0546354109875869,0.0067323324848889,0.0050957185889326,0.0021431711081379,0.002087491600104,0.00205556499993,0.0020984765867257,0.5466607832527093,,0.0050438382156368,0.8400000000000001,0.92,0.92,0.98,0.94,0.92,0.4599999999999999,,0.8
pendigits,128,xgb,shap,kernel,57.154895830154416,0.0002335786819457,0.0107282400131225,0.014084506034851,0.0215999603271483,0.0168701887130736,0.0436275720596312,,0.1447101831436156,12123.985631608964,11793.173388648032,11689.28109562397,11700.465275549888,11674.524125027656,13431.968525409698,11666.068712806702,,12317.135012483595,0.0068292235841511,0.0057080503722083,0.0043815897734165,0.0043684899926216,0.0042941964623099,0.0043667004352422,0.0407819412837363,,0.006395504297477,0.0067323324848889,0.0050957185889326,0.0021431711081379,0.002087491600104,0.00205556499993,0.0020984765867257,0.5466607832527093,,0.0050438382156368,0.9351455604075692,0.9455822416302766,0.9555531295487628,0.9560698689956332,0.9568413391557498,0.956448326055313,0.7142794759825326,,0.9407787481804948
pendigits,128,xgb,shapiq,kernel,56.78895936012268,0.0003087997436523,0.0163280010223388,0.011876344680786,0.0163429737091064,0.0146425008773803,0.051746654510498,,0.1661196947097778,33030.48531548977,31665.222457361226,34699.755832028386,34926.262363791466,34972.12612524033,36061.2708876133,34793.53173167705,,33995.365993309024,0.0035157041553291,0.0031673968484126,0.0029661971868351,0.0029391107332728,0.0029181548373838,0.002982568329482,0.0164232226255247,,0.0032192068427411,0.0067323324848889,0.0050957185889326,0.0021431711081379,0.002087491600104,0.00205556499993,0.0020984765867257,0.5466607832527093,,0.0050438382156368,0.8010262008733624,0.8363100436681222,0.8625545851528384,0.8641703056768559,0.8677802037845705,0.8614992721979622,0.2539956331877729,,0.823107714701601
pendigits,152,nn,sage,permutation,,,,,,,,0.0040357589721679,,,,,,,,,7.426412057876587,,,,,,,,,0.0514955031034326,,,,,,,,,0.0018709807429769,,,,,,,,,1.0,
pendigits,152,nn,shap,kernel,,,,,,,,0.0048144578933715,,,,,,,,,2382.538605070114,,,,,,,,,0.0049050197310328,,,,,,,,,0.0018709807429769,,,,,,,,,0.9568704512372636,
pendigits,152,nn,shapiq,kernel,,,,,,,,0.0067946910858153,,,,,,,,,12450.41433045864,,,,,,,,,0.0021116327853335,,,,,,,,,0.0018709807429769,,,,,,,,,0.7981513828238718,
pendigits,152,xgb,sage,permutation,,,,,,,,0.0046933650970458,,,,,,,,,22.59567940235138,,,,,,,,,0.0285358299111191,,,,,,,,,0.0017577583162198,,,,,,,,,0.9,
pendigits,152,xgb,shap,kernel,,,,,,,,0.00581157207489,,,,,,,,,14567.21930654049,,,,,,,,,0.0042846919279453,,,,,,,,,0.0017577583162198,,,,,,,,,0.9570596797671034,
pendigits,304,nn,sage,permutation,,,,,,,,0.003623867034912,,,,,,,,,13.046796584129334,,,,,,,,,0.0460794667019301,,,,,,,,,0.0014124181756338,,,,,,,,,1.0,
pendigits,304,nn,shap,kernel,,,,,,,,0.0037537574768065,,,,,,,,,4641.741199874878,,,,,,,,,0.0046894576368053,,,,,,,,,0.0014124181756338,,,,,,,,,0.9583988355167395,
pendigits,304,nn,shapiq,kernel,,,,,,,,0.0051327943801879,,,,,,,,,23999.00801153183,,,,,,,,,0.0019716892760446,,,,,,,,,0.0014124181756338,,,,,,,,,0.8122197962154294,
pendigits,304,xgb,sage,permutation,,,,,,,,0.0039129972457885,,,,,,,,,44.70022552013397,,,,,,,,,0.0274833500670402,,,,,,,,,0.0014599380297831,,,,,,,,,0.96,
pendigits,304,xgb,shap,kernel,,,,,,,,0.0066938638687133,,,,,,,,,28870.17063729763,,,,,,,,,0.00405991093186,,,,,,,,,0.0014599380297831,,,,,,,,,0.958755458515284,
phoneme,2,nn,sage,permutation,,,,,,,,0.0010756015777587,,,,,,,,,1.4435877799987793,,,,,,,,,0.0197920062210923,,,,,,,,,0.2625283147775435,,,,,,,,,1.0,
phoneme,2,nn,shap,kernel,,,,,,,,0.0010012865066527,,,,,,,,,5.018956327438355,,,,,,,,,0.0556182570521416,,,,,,,,,0.2625283147775435,,,,,,,,,1.0,
phoneme,2,nn,shapiq,kernel,,,,,,,,0.0010059356689452,,,,,,,,,2.4460331439971923,,,,,,,,,0.0317981521757822,,,,,,,,,0.2625283147775435,,,,,,,,,0.6121095484826055,
phoneme,2,xgb,sage,permutation,,,,,,,,0.0010170698165893,,,,,,,,,1.9623135566711425,,,,,,,,,0.0383212491475566,,,,,,,,,0.2728573087225944,,,,,,,,,1.0,
phoneme,2,xgb,shap,kernel,,,,,,,,0.0010341405868529,,,,,,,,,5.975205302238464,,,,,,,,,0.0698728344671806,,,,,,,,,0.2728573087225944,,,,,,,,,1.0,
phoneme,2,xgb,shapiq,kernel,,,,,,,,0.0013699531555175,,,,,,,,,3.5209590196609497,,,,,,,,,0.032922847845925,,,,,,,,,0.2728573087225944,,,,,,,,,0.5964470762398223,
phoneme,4,nn,sage,permutation,,,,,,,,0.0010344743728637,,,,,,,,,0.8109062433242797,,,,,,,,,0.0137784604047243,,,,,,,,,0.0997742089676177,,,,,,,,,1.0,
phoneme,4,nn,shap,kernel,,,,,,,,0.0010111093521117,,,,,,,,,5.1211730480194095,,,,,,,,,0.0452912800627626,,,,,,,,,0.0997742089676177,,,,,,,,,1.0,
phoneme,4,nn,shapiq,kernel,,,,,,,,0.0009951353073119,,,,,,,,,3.3718725204467774,,,,,,,,,0.0241067452900473,,,,,,,,,0.0997742089676177,,,,,,,,,0.6360621761658031,
phoneme,4,xgb,sage,permutation,,,,,,,,0.0009997367858886,,,,,,,,,2.8559862852096556,,,,,,,,,0.0221857334391963,,,,,,,,,0.1076060655624553,,,,,,,,,1.0,
phoneme,4,xgb,shap,kernel,,,,,,,,0.0010233640670775,,,,,,,,,6.2748167514801025,,,,,,,,,0.0562093690258168,,,,,,,,,0.1076060655624553,,,,,,,,,1.0,
phoneme,4,xgb,shapiq,kernel,,,,,,,,0.0010251283645629,,,,,,,,,5.398863458633423,,,,,,,,,0.0252700824630494,,,,,,,,,0.1076060655624553,,,,,,,,,0.6056994818652849,
phoneme,8,nn,sage,permutation,3.9065693616867065,0.0001899242401122,0.0131063699722289,0.0104753494262695,0.0150862216949462,0.0091568708419799,0.0131263494491576,0.0010368824005126,0.0035962581634521,2.461808514595032,3.188604497909546,1.8173665285110472,3.5934003353118897,3.3677906036376952,1.579881739616394,0.9208508729934692,1.7662866353988649,14.393115234375,0.0170224872035808,0.0140322221712432,0.0071551776929391,0.0023669390277344,0.0046941332986409,0.0070548533851882,0.0218129355987755,0.0091013827884453,0.0048156817409757,0.1029218891585435,0.1085023843488482,0.0212676193744302,0.0173804442821503,0.0152643953077055,0.0194564599392992,0.4893361421803812,0.0417394910891206,0.0985967795698751,1.0,1.0,1.0,1.0,1.0,1.0,1.0,1.0,1.0
phoneme,8,nn,shap,kernel,3.8080549001693726,0.0001676321029662,0.012250542640686,0.0079605817794799,0.0114993572235106,0.0098557233810424,0.0176301717758178,0.0009828329086303,0.0028689861297606,4.83107373714447,5.40926194190979,5.2603923082351685,5.217958331108093,5.282981252670288,5.164723825454712,5.268031740188599,5.230408477783203,5.116204285621643,0.0399948788162681,0.0363248043937342,0.0326151033218774,0.0187284996956702,0.0229553263867719,0.0214082736813633,0.0879029438308888,0.0372385515919488,0.0343332312198973,0.1029218891585435,0.1085023843488482,0.0212676193744302,0.0173804442821503,0.0152643953077055,0.0194564599392992,0.4893361421803812,0.0417394910891206,0.0985967795698751,1.0,1.0,1.0,1.0,1.0,1.0,1.0,1.0,1.0
phoneme,8,nn,shapiq,kernel,3.813631486892701,0.0001832962036132,0.0091413974761962,0.0085538864135741,0.0121836900711059,0.0101562976837157,0.0137134075164794,0.0011527538299559,0.0035719633102416,5.044411754608154,5.575075674057007,5.50160276889801,5.486602234840393,5.475933170318603,5.472539162635803,5.481275129318237,5.281148171424865,5.1523772239685055,0.0189106984202055,0.0191081126261596,0.0152146179117568,0.0143077249316559,0.0148608452023722,0.0124199320545449,0.0356091187001544,0.0170449676239416,0.0188248294384206,0.1029218891585435,0.1085023843488482,0.0212676193744302,0.0173804442821503,0.0152643953077055,0.0194564599392992,0.4893361421803812,0.0417394910891206,0.0985967795698751,0.6628867505551443,0.6596299037749814,0.6879348630643967,0.6842339008142116,0.6978534418948926,0.7166543301258326,0.556920799407846,0.6849444855662472,0.6555144337527756
phoneme,8,xgb,sage,permutation,4.075536131858826,0.0001197576522826,0.0103254556655883,0.0141063451766967,0.0182317256927489,0.010724925994873,0.016757583618164,0.0009930133819579,0.0040486097335815,3.11743848323822,3.926770830154419,3.146979570388794,4.003990983963012,1.816333508491516,2.3673739433288574,1.2180134534835816,2.2685782432556154,13.652111339569093,0.022098284450413,0.0303049786293781,0.0090661147018983,0.0064388433699701,0.0095673567300217,0.0068659684741405,0.0692855514888289,0.0203422289791937,0.0117104377867,0.1029218891585435,0.1085023843488482,0.0212676193744302,0.0173804442821503,0.0152643953077055,0.0203199222915377,0.4893361421803812,0.0462744181075597,0.0985967795698751,1.0,1.0,1.0,1.0,1.0,1.0,1.0,1.0,1.0
phoneme,8,xgb,shap,kernel,4.031113314628601,0.0001324892044066,0.0089419126510619,0.0080360889434814,0.0140753984451293,0.0139907121658324,0.0134051084518431,0.0010023832321166,0.0033495664596557,7.0939115524292,7.409613466262817,7.356735515594482,7.43641951084137,7.325860667228699,7.398177886009217,7.318832278251648,6.899470615386963,6.881642627716064,0.0509338529491284,0.0482470595727919,0.0399336883663059,0.0288161303694405,0.0346491881779808,0.0314609973578057,0.1092976557993002,0.0514621969852613,0.0468268128618284,0.1029218891585435,0.1085023843488482,0.0212676193744302,0.0173804442821503,0.0152643953077055,0.0203199222915377,0.4893361421803812,0.0462744181075597,0.0985967795698751,1.0,1.0,1.0,1.0,1.0,1.0,1.0,1.0,1.0
phoneme,8,xgb,shapiq,kernel,4.103337931632995,0.0005898714065551,0.0093824625015258,0.009110140800476,0.0138424396514892,0.0129382133483886,0.0176169157028197,0.0013170242309569,0.0054445266723632,9.498446130752564,9.520942187309265,9.554855275154114,9.552881288528445,9.55618121623993,9.68945243358612,9.454023694992063,9.100528144836426,9.069216561317443,0.0197003325390426,0.0181382623362402,0.0166915631677823,0.0147642677418863,0.0156727217235901,0.0175050535063971,0.0364177091954916,0.0179912291803403,0.0182633642234771,0.1029218891585435,0.1085023843488482,0.0212676193744302,0.0173804442821503,0.0152643953077055,0.0203199222915377,0.4893361421803812,0.0462744181075597,0.0985967795698751,0.6243079200592153,0.6451369356032568,0.6623242042931162,0.6703182827535158,0.6612879348630643,0.602960769800148,0.5470022205773502,0.6523168023686158,0.6544781643227239
phoneme,16,nn,sage,permutation,3.8733215808868406,0.0002026319503783,0.008985948562622,0.0099736928939818,0.0127659797668456,0.0088179826736449,0.0170890808105468,0.0010071516036986,0.0059871435165404,4.321111130714416,5.190426182746887,4.058893013000488,4.694166302680969,9.207054352760316,5.261315035820007,1.7571467876434326,2.799321103096008,1.8211634397506713,0.0077165651046483,0.0069325400998132,0.0023759437704078,0.0021661682013182,0.0037917584618808,0.0030980849692267,0.0249321978996325,0.0106108145572802,0.0075428892466181,0.0480981313934191,0.0411716493481489,0.0057886919064946,0.0064666638224366,0.0060038222971255,0.0085524318339355,0.5052462324484591,0.02545516373936,0.0589261921518322,1.0,1.0,1.0,1.0,1.0,1.0,1.0,1.0,1.0
phoneme,16,nn,shap,kernel,3.845144486427307,0.0001495838165282,0.0089491605758666,0.008132767677307,0.0144542217254638,0.0093121051788329,0.0133926391601562,0.0009606599807738,0.0048065662384032,5.054571294784546,5.782098054885864,5.720938491821289,5.651003575325012,5.670381164550781,5.344306445121765,5.641430759429932,5.65396659374237,5.358397364616394,0.0291487385396026,0.0272090237954816,0.0140667178250585,0.0140739021688834,0.014089353125366,0.0103243517642093,0.0853496254900299,0.0357318774676366,0.0327135803949083,0.0480981313934191,0.0411716493481489,0.0057886919064946,0.0064666638224366,0.0060038222971255,0.0085524318339355,0.5052462324484591,0.02545516373936,0.0589261921518322,1.0,1.0,1.0,1.0,1.0,1.0,1.0,1.0,1.0
phoneme,16,nn,shapiq,kernel,3.838983917236328,0.0001837730407714,0.0092595100402831,0.0082288265228271,0.02056245803833,0.0098236799240111,0.0138287305831908,0.0009846687316894,0.0073680400848388,8.592265748977661,9.45107297897339,9.433452677726743,9.451077675819397,9.409752750396729,9.34037549495697,9.468384194374083,9.158585214614869,8.889350509643554,0.0138376759017477,0.0133320955996658,0.0089456010344721,0.0102193369942522,0.0098494835052902,0.010307714600546,0.0350500533774903,0.0129876605622968,0.0150058811475252,0.0480981313934191,0.0411716493481489,0.0057886919064946,0.0064666638224366,0.0060038222971255,0.0085524318339355,0.5052462324484591,0.02545516373936,0.0589261921518322,0.7120651369356031,0.726943005181347,0.7761658031088082,0.7597335307179865,0.7803108808290155,0.7437453737971872,0.5591413767579572,0.734241302738712,0.7055514433752774
phoneme,16,xgb,sage,permutation,3.9980767011642455,0.0001341581344603,0.0102403163909911,0.00925714969635,0.0125638246536254,0.0122025966644286,0.0149310827255248,0.001011562347412,0.0054852962493896,5.149426293373108,5.604670166969299,3.8405965328216554,3.4638221502304076,3.57244234085083,6.509208869934082,1.7851497650146484,2.8932647705078125,7.944984650611877,0.0120930540307397,0.0099943188653368,0.0031759594842686,0.0056785520147172,0.004408245546741,0.0077474256928085,0.0800513615797345,0.0156213332924832,0.0174973308586775,0.0480981313934191,0.0411716493481489,0.0057886919064946,0.0064666638224366,0.0060038222971255,0.0085830273390772,0.5052462324484591,0.0227269733043102,0.0589261921518322,1.0,1.0,1.0,1.0,1.0,1.0,1.0,1.0,1.0
phoneme,16,xgb,shap,kernel,4.048749709129334,0.0001154422760009,0.0090257644653319,0.0081008911132811,0.0132226228713988,0.0097793579101562,0.0148921251296996,0.0009950160980224,0.0048857450485229,8.343228793144226,9.032633352279664,8.72298309803009,8.76720335483551,9.052052974700928,8.841811466217042,8.876267004013062,8.263918995857239,8.248135042190551,0.0350775931091324,0.0341534904028255,0.0198891537758062,0.0223474738608002,0.019771734699279,0.0305992731349162,0.1051816986328326,0.0428487920832064,0.0486849313702304,0.0480981313934191,0.0411716493481489,0.0057886919064946,0.0064666638224366,0.0060038222971255,0.0085830273390772,0.5052462324484591,0.0227269733043102,0.0589261921518322,1.0,1.0,1.0,1.0,1.0,1.0,1.0,1.0,1.0
phoneme,16,xgb,shapiq,kernel,4.141304326057434,0.0001813173294066,0.0094406366348266,0.0083231449127196,0.0121733903884887,0.0126227617263793,0.0137555599212645,0.0010181665420531,0.0128997564315795,17.444254636764526,17.478438425064088,17.422393679618835,17.39106457233429,17.388190364837648,17.804505920410158,17.379514050483703,16.523496985435486,16.35340008735657,0.0132481647265996,0.0129186971521121,0.0107997381680104,0.0114374154955667,0.0114682595313432,0.0115235522900666,0.0362073506804174,0.0131581649290896,0.0147338747422139,0.0480981313934191,0.0411716493481489,0.0057886919064946,0.0064666638224366,0.0060038222971255,0.0085830273390772,0.5052462324484591,0.0227269733043102,0.0589261921518322,0.6871058475203552,0.6988452997779422,0.697261287934863,0.6823094004441155,0.6926720947446335,0.7022945965951147,0.5419689119170985,0.691961509992598,0.6851221317542561
phoneme,32,nn,sage,permutation,3.841427683830261,0.0001667499542235,0.0091207742691039,0.0081233024597167,0.0162509679794311,0.0091204404830932,0.0133997201919555,0.0009849071502685,0.0092760324478149,7.037014675140381,8.34633810520172,9.281148982048034,12.142069602012636,10.660343980789184,7.957556533813476,6.570697617530823,6.953431749343872,6.159152674674988,0.0063675512854604,0.0065527632834159,0.0020071478565595,0.0022958075745509,0.0017913602232648,0.0020399885863198,0.022356997063311,0.0087946885729905,0.003135637068174,0.0229430284441114,0.0209291710559663,0.0028197537308911,0.0027749804307493,0.0024954542577466,0.0029443450296244,0.5445121053421976,0.0168389379835791,0.03004979270623,1.0,1.0,1.0,1.0,1.0,1.0,1.0,1.0,1.0
phoneme,32,nn,shap,kernel,3.783765292167664,0.0001895904541015,0.0110891103744506,0.0088141918182372,0.0133723497390746,0.0088672637939452,0.0133449316024779,0.0010262012481688,0.0109493017196654,5.481200337409973,6.390099215507507,6.283497166633606,6.381623077392578,6.346076440811157,5.688217639923096,6.248127675056457,6.077203154563904,5.886632227897644,0.0200607788145941,0.0203453454004277,0.0093095873341599,0.0101907512609861,0.0072008997794583,0.0083953453173883,0.0777801223862076,0.0337927115976087,0.0179032445056476,0.0229430284441114,0.0209291710559663,0.0028197537308911,0.0027749804307493,0.0024954542577466,0.0029443450296244,0.5445121053421976,0.0168389379835791,0.03004979270623,1.0,1.0,1.0,1.0,1.0,1.0,1.0,1.0,1.0
phoneme,32,nn,shapiq,kernel,3.807075762748718,0.0002026557922362,0.0092180252075194,0.008223795890808,0.012218141555786,0.0095269918441771,0.0136746168136596,0.0009641408920287,0.0108687877655028,15.748077774047852,17.092688536643983,17.20127944946289,17.209483432769776,17.265327477455138,17.108726954460145,17.15855231285095,16.899511456489563,15.983279991149905,0.0096347111323752,0.0094490410523611,0.0071441544424026,0.0070415860444699,0.0075899674940529,0.0071191111525793,0.0368764161790435,0.0102450730323633,0.0100461644580467,0.0229430284441114,0.0209291710559663,0.0028197537308911,0.0027749804307493,0.0024954542577466,0.0029443450296244,0.5445121053421976,0.0168389379835791,0.03004979270623,0.77760177646188,0.7803849000740192,0.816121391561806,0.8147150259067356,0.8045891931902294,0.813219837157661,0.5634937083641747,0.7821021465581051,0.7764618800888231
phoneme,32,xgb,sage,permutation,4.032947611808777,0.0001380205154418,0.011092448234558,0.0085389375686645,0.0115861177444457,0.0101661443710326,0.0136287689208983,0.0009970664978026,0.0102508306503295,12.719243693351746,11.093125867843629,8.359692311286926,8.002664923667908,8.903220701217652,7.783262014389038,12.639852285385132,4.4553062438964846,9.236040616035462,0.0085461968318421,0.006040122111418,0.0040551313372592,0.0039350356686661,0.003487544498551,0.0032667150702962,0.0439040194390255,0.0143327949863155,0.0053378830289587,0.0229430284441114,0.0209291710559663,0.0028197537308911,0.0027749804307493,0.0024954542577466,0.0032047985582531,0.5445121053421976,0.0193644261382648,0.03004979270623,1.0,1.0,1.0,1.0,1.0,1.0,1.0,1.0,1.0
phoneme,32,xgb,shap,kernel,4.025044345855713,0.0001170635223388,0.0090930938720702,0.0079968929290771,0.0120259046554564,0.0117821693420409,0.0152367115020751,0.0009983539581298,0.0127845287322997,10.86588912010193,11.794116306304932,11.376855993270874,11.520068216323851,11.604775404930114,11.358919048309328,11.589319896697996,10.577442193031311,10.589110922813417,0.0257433214905724,0.0234329037269034,0.0168332916967205,0.0161828260230842,0.0139092303413717,0.0146855451452051,0.0782714060371903,0.0410691956217716,0.0279796447039639,0.0229430284441114,0.0209291710559663,0.0028197537308911,0.0027749804307493,0.0024954542577466,0.0032047985582531,0.5445121053421976,0.0193644261382648,0.03004979270623,1.0,1.0,1.0,1.0,1.0,1.0,1.0,1.0,1.0
phoneme,32,xgb,shapiq,kernel,4.043493127822876,0.0001927614212035,0.009215497970581,0.0083924293518066,0.013072633743286,0.0139272212982177,0.0138237237930297,0.0013887405395507,0.0090767621994018,33.195795273780824,33.263157677650455,33.02739622592926,33.09996497631073,33.22402560710907,33.920531034469604,33.08961057662964,31.788653135299683,31.07073218822479,0.0096829406391457,0.009486036896775,0.0080385734344534,0.0083828224382678,0.0077387450360803,0.0078429172688149,0.0350161009430456,0.0106938048388685,0.0093154168318466,0.0229430284441114,0.0209291710559663,0.0028197537308911,0.0027749804307493,0.0024954542577466,0.0032047985582531,0.5445121053421976,0.0193644261382648,0.03004979270623,0.7379718726868985,0.7487194670614359,0.7703626943005181,0.7612287194670614,0.7796299037749814,0.7769652109548482,0.548719467061436,0.7362398223538119,0.7641746854182087
phoneme,64,nn,sage,permutation,3.893035340309143,0.0002199172973632,0.0176083326339721,0.0106021165847777,0.013498306274414,0.0091693401336669,0.0134008407592773,0.0008569478988647,0.0198819398880004,14.03744366168976,22.378177642822266,23.49665071964264,21.899190855026244,23.271010303497313,18.557367491722108,13.412021207809447,18.595941829681397,14.17310826778412,0.003390003566475,0.0037887819573313,0.0018723727829735,0.0012498868371453,0.0013912227896919,0.0008728753057754,0.022122314485541,0.0083940940446695,0.0026448333777592,0.0109342793069946,0.0108207649638897,0.0014343543785472,0.0012442023459591,0.0011329056806316,0.001349375987281,0.5352472660487303,0.014700081325629,0.0185417629296432,1.0,1.0,1.0,1.0,1.0,1.0,1.0,1.0,1.0
phoneme,64,nn,shap,kernel,3.795282578468323,0.0001937150955199,0.0091609239578246,0.0080071926116942,0.0115136384963988,0.0088810682296752,0.0144443273544311,0.0007667303085326,0.0196670532226561,6.4969336032867435,7.608194422721863,7.876553344726562,7.771520471572876,7.819972825050354,6.570749592781067,7.845792627334594,7.149018430709839,7.0001434803009035,0.0166514852497069,0.0125949360966339,0.0072740575191239,0.0056541014646237,0.0055450769845917,0.0049382438271427,0.0793168853498769,0.0336108489744488,0.0128338592458666,0.0109342793069946,0.0108207649638897,0.0014343543785472,0.0012442023459591,0.0011329056806316,0.001349375987281,0.5352472660487303,0.014700081325629,0.0185417629296432,1.0,1.0,1.0,1.0,1.0,1.0,1.0,1.0,1.0
phoneme,64,nn,shapiq,kernel,3.802201509475708,0.0002068519592284,0.0092782497406005,0.0082438468933104,0.012264323234558,0.0094546318054198,0.0141167640686034,0.0007776498794555,0.0183971881866454,30.024498343467712,32.863041806221005,32.737357234954835,32.63961420059204,32.818430066108704,32.37487757205963,32.610748815536496,32.272278380393985,30.836590671539305,0.0068929938797826,0.0063400197227299,0.0050492887928655,0.0047635292455205,0.0038610415517074,0.0045638263979467,0.036621460615859,0.0080907534989888,0.0076244217974164,0.0109342793069946,0.0108207649638897,0.0014343543785472,0.0012442023459591,0.0011329056806316,0.001349375987281,0.5352472660487303,0.014700081325629,0.0185417629296432,0.8278756476683938,0.8368763878608437,0.8586528497409326,0.8650481125092524,0.8872538860103626,0.8729385640266469,0.5619541080680978,0.8228275351591414,0.8167283493708363
phoneme,64,xgb,sage,permutation,4.057505321502686,0.0001244544982909,0.0120395421981811,0.0104259252548217,0.0127343893051147,0.0118281364440917,0.018930435180664,0.0007998228073119,0.0281028747558593,14.70848526954651,19.11701669692993,16.10571026802063,15.989726495742795,15.891973638534546,16.811051630973814,20.241145062446595,10.48129768371582,17.61744604110718,0.0041628694752741,0.0043576520713041,0.0028224354047381,0.0021159053892913,0.0030768043249281,0.0018681176965711,0.0488964620957642,0.013102151969544,0.0019718283770529,0.0109342793069946,0.0108207649638897,0.0014343543785472,0.0012442023459591,0.0011329056806316,0.00149378859338,0.5352472660487303,0.0118852996415034,0.0185417629296432,1.0,1.0,1.0,1.0,1.0,1.0,1.0,1.0,1.0
phoneme,64,xgb,shap,kernel,4.074237489700318,0.0001363277435302,0.0090197086334227,0.0089075326919555,0.0119021892547607,0.0097597122192382,0.0151833057403563,0.0008096933364867,0.0178249597549438,15.86997094154358,17.03197090625763,16.87560362815857,16.646205401420595,17.008882689476014,16.533118581771852,17.346780443191527,15.357341384887697,15.774602627754213,0.0199317154535407,0.0152159592121022,0.0126666225139337,0.0101118273433382,0.0102534976726151,0.0100952464822725,0.0832352621989604,0.0393725837826824,0.0148536272252398,0.0109342793069946,0.0108207649638897,0.0014343543785472,0.0012442023459591,0.0011329056806316,0.00149378859338,0.5352472660487303,0.0118852996415034,0.0185417629296432,1.0,1.0,1.0,1.0,1.0,1.0,1.0,1.0,1.0
phoneme,64,xgb,shapiq,kernel,4.156389212608337,0.0001995086669921,0.0171857595443725,0.0083607912063598,0.0158455848693847,0.0121272087097167,0.0138066768646239,0.0008284091949462,0.0243023395538329,64.39398350715638,65.03193225860596,64.33457629680633,64.22333838939667,64.9083386182785,65.85727596282959,64.48121778964996,61.72822396755218,60.2606883764267,0.0070280582023865,0.0063698777435729,0.0055512897872479,0.0058332249274622,0.0052211381047432,0.0055540831358381,0.0352195869783802,0.0074657504249231,0.0069369374531605,0.0109342793069946,0.0108207649638897,0.0014343543785472,0.0012442023459591,0.0011329056806316,0.00149378859338,0.5352472660487303,0.0118852996415034,0.0185417629296432,0.7852257586972613,0.8074019245003701,0.8282161361954108,0.815381199111769,0.8352923760177646,0.8294300518134714,0.5490747594374538,0.7989489267209473,0.8174685418208734
phoneme,128,nn,sage,permutation,3.8746777057647703,0.0002219200134277,0.0144469022750853,0.0165404319763183,0.013974380493164,0.009316062927246,0.0200715780258178,,0.0337913274765014,27.151952695846557,49.11335415840149,41.67772750854492,41.53149871826171,41.869613718986514,35.26589124202728,14.916115093231202,,23.00080826282501,0.0023815267624511,0.0020361480331895,0.0009055283021368,0.000719407934958,0.0007935543038083,0.0007457666563535,0.0238301085727635,,0.0026905152111186,0.0060688552822555,0.0054718571343895,0.0007857472580697,0.0007409829391187,0.0007321875330448,0.0008286418307276,0.5092323052882055,,0.0114553366931962,1.0,1.0,1.0,1.0,1.0,1.0,1.0,,1.0
phoneme,128,nn,shap,kernel,3.836927390098572,0.0002311706542968,0.0111571073532104,0.0084316492080687,0.012699270248413,0.0089886903762816,0.0134317636489867,,0.0427601575851439,8.829286050796508,10.546413612365722,10.383689093589783,10.544571638107298,10.19264841079712,8.630308556556702,10.150977945327758,,9.059224700927734,0.0110561468008778,0.0100051903138213,0.0040675113141895,0.0035195523270748,0.0031537147037331,0.0035446275064694,0.0843294127295812,,0.0114283252532673,0.0060688552822555,0.0054718571343895,0.0007857472580697,0.0007409829391187,0.0007321875330448,0.0008286418307276,0.5092323052882055,,0.0114553366931962,1.0,1.0,1.0,1.0,1.0,1.0,1.0,,1.0
phoneme,128,nn,shapiq,kernel,3.821123504638672,0.0002529621124267,0.0095807075500487,0.0083548307418822,0.012270164489746,0.0095900297164916,0.0142290592193602,,0.0338957548141478,58.4949467420578,64.92004690170288,63.771739506721495,63.86775963306427,63.88425991535187,63.404665446281435,63.69082925319672,,59.9537656545639,0.0051731420383886,0.0042957199792723,0.0031650014141736,0.0032417877234709,0.0027000404744558,0.0035772730736033,0.0353953084408516,,0.0060610520488232,0.0060688552822555,0.0054718571343895,0.0007857472580697,0.0007409829391187,0.0007321875330448,0.0008286418307276,0.5092323052882055,,0.0114553366931962,0.8611991117690598,0.883019985196151,0.9053737971872688,0.9010066617320504,0.9148630643967433,0.8921539600296077,0.55920059215396,,0.8479644707623981
phoneme,128,xgb,sage,permutation,4.060652160644532,0.0016703367233276,0.0113857746124267,0.009059453010559,0.011687660217285,0.0119521856307982,0.0151394844055175,,0.0445310354232787,27.203395462036134,29.12571566104889,27.438837814331055,27.997939825057983,27.713785815238953,27.430492281913757,15.887160682678225,,34.3463877916336,0.0029402896977527,0.0026252253389158,0.002048449598871,0.0014355368180883,0.0017396187066932,0.0014859513675072,0.0705614288177351,,0.0037251513463513,0.0060688552822555,0.0054718571343895,0.0007857472580697,0.0007409829391187,0.0007321875330448,0.0008204752739706,0.5092323052882055,,0.0114553366931962,1.0,1.0,1.0,1.0,1.0,1.0,1.0,,1.0
phoneme,128,xgb,shap,kernel,4.0676552057266235,0.000125765800476,0.0112177610397338,0.0090960264205932,0.0124720811843871,0.0119725465774535,0.0137053966522216,,0.0344962835311889,25.7741601228714,29.074990892410277,27.26764566898346,27.165835738182068,28.047084164619445,26.985753178596497,27.950144743919378,,25.80714280605316,0.0138448863448813,0.0120296651601799,0.0079568564905149,0.0066063059848634,0.0071548081238247,0.007002609799107,0.1011216761015626,,0.0159354451369977,0.0060688552822555,0.0054718571343895,0.0007857472580697,0.0007409829391187,0.0007321875330448,0.0008204752739706,0.5092323052882055,,0.0114553366931962,1.0,1.0,1.0,1.0,1.0,1.0,1.0,,1.0
phoneme,128,xgb,shapiq,kernel,4.115339517593384,0.0001976013183593,0.0093952178955077,0.008351707458496,0.0130285024642943,0.0101746559143065,0.0138622999191283,,0.0340100526809692,126.57501673698424,127.67479279041292,125.58265838623046,125.78785572052,125.54267308712004,129.1919528245926,125.58067348003388,,117.7277979373932,0.0052398891801369,0.0045091741195879,0.0037676680769898,0.003817965474491,0.0035338949418175,0.0037836895855623,0.0360106166116249,,0.0051775571660725,0.0060688552822555,0.0054718571343895,0.0007857472580697,0.0007409829391187,0.0007321875330448,0.0008204752739706,0.5092323052882055,,0.0114553366931962,0.8342116950407105,0.8573797187268688,0.8737823834196892,0.8723908216136195,0.8797483345669873,0.8737823834196892,0.5441598815692079,,0.8532938564026648
physiochemical_protein,16,nn,sage,permutation,156.2924521446228,0.0002890825271605,0.3754039525985718,0.3536564350128174,0.4509239673614502,0.249596619606018,0.5110013484954834,,0.0441432237625121,3.6765190839767454,1.525762152671814,3.945390248298645,2.8624533891677855,5.599079847335815,3.6801444053649903,0.5606634378433227,,2.9760497331619264,0.3063512807422073,0.2800113024808032,0.0689617815120025,0.0656834156335166,0.0297677926485315,0.0336935452239354,0.9425821669777218,,0.0652298344607843,0.0396615416550473,0.041247913378509,0.0031494264651689,0.0030644231435227,0.0031478387161896,0.0029619708988147,1.385958224767898,,0.0291619623821928,0.82,0.94,1.0,0.94,0.98,0.98,0.6,,0.94
physiochemical_protein,16,nn,shap,kernel,155.4154219150543,0.0002591848373412,0.3380110502243042,0.3381221294403075,0.400751519203186,0.2544204711914062,0.4873586893081665,,0.052548050880432,62.591840100288394,87.86619486808777,88.06125376224517,87.53385093212128,89.27172527313232,70.39029998779297,87.0871253490448,,61.66927270889282,0.1205421668379242,0.1123622341483737,0.0446964787614158,0.0404557741531431,0.0329923474667473,0.0200817026174887,0.5655993246420207,,0.0509888144301993,0.0396615416550473,0.041247913378509,0.0031494264651689,0.0030644231435227,0.0031478387161896,0.0029619708988147,1.385958224767898,,0.0291619623821928,0.8256005859375002,0.830078125,0.9037109375,0.909619140625,0.93603515625,0.953369140625,0.6048339843749999,,0.902490234375
physiochemical_protein,16,nn,shapiq,kernel,155.52583956718445,0.0002074241638183,0.2428178071975707,0.2327785730361938,0.309348702430725,0.238460874557495,0.3842550516128539,,0.0420081138610839,219.5664677619934,218.81793336868287,231.0027753829956,227.04212663173675,230.6882806777954,238.5384949207306,232.07430531978608,,228.77314562797545,0.0957440762199123,0.0939384118242471,0.0326092012595262,0.0282120632188677,0.0243924533592905,0.0254280004916596,0.3738798195418773,,0.0558807420689547,0.0396615416550473,0.041247913378509,0.0031494264651689,0.0030644231435227,0.0031478387161896,0.0029619708988147,1.385958224767898,,0.0291619623821928,0.8656445312500001,0.8616064453125001,0.965361328125,0.966748046875,0.966845703125,0.968701171875,0.34755859375,,0.94052734375
physiochemical_protein,16,xgb,sage,permutation,154.63491048812867,0.0001568317413329,0.2466664552688598,0.2382544040679931,0.3104386568069458,0.3272367477416992,0.3768512964248657,,0.0409221172332763,3.58847234249115,3.399567794799805,3.6878478288650514,7.334900975227356,8.426136589050293,5.231368136405945,2.287658619880676,,7.181760239601135,0.0993243620763138,0.0835629468209631,0.0333519240778038,0.0455064490833715,0.0410468432254305,0.0359327760515514,0.4913590732067375,,0.0447155967607201,0.0396615416550473,0.041247913378509,0.0031494264651689,0.0030644231435227,0.0031478387161896,0.0035736221073126,1.385958224767898,,0.0291619623821928,0.6799999999999999,0.72,0.8,0.98,0.6599999999999999,0.6,0.8,,0.4
physiochemical_protein,16,xgb,shap,kernel,156.77450475692748,0.0002459287643432,0.2502827405929565,0.2378047943115234,0.3182240724563598,0.2657000541687012,0.37898690700531,,0.0437274932861327,182.6988073825836,183.32634735107425,180.7122034072876,181.7076364517212,181.45891189575195,191.181959438324,180.7628821372986,,199.32935609817503,0.0717441343254045,0.066702865642657,0.039876684245226,0.0444476041433661,0.0423386406454062,0.0293699926809071,0.342591648425343,,0.047682470308296,0.0396615416550473,0.041247913378509,0.0031494264651689,0.0030644231435227,0.0031478387161896,0.0035736221073126,1.385958224767898,,0.0291619623821928,0.819892578125,0.8320117187500001,0.8848828125000001,0.8737792968750002,0.8833496093750002,0.9078125,0.58291015625,,0.8647949218750002
physiochemical_protein,16,xgb,shapiq,kernel,159.09763557910918,0.0002153396606445,0.2461157321929931,0.2363337516784667,0.3173617362976074,0.2562633752822876,0.3871680259704589,,0.0581787824630736,385.6952880859375,414.00771553516387,405.3802732467651,409.567321562767,410.9002741336823,414.5807184934616,405.7897165060043,,357.3998041152954,0.0523149464476056,0.0492070055719353,0.0284106621062065,0.0289766926258908,0.0269688469092241,0.0303648806440801,0.2554440544193209,,0.0384457850692623,0.0396615416550473,0.041247913378509,0.0031494264651689,0.0030644231435227,0.0031478387161896,0.0035736221073126,1.385958224767898,,0.0291619623821928,0.8072314453125001,0.8102587890625002,0.8836230468750002,0.8682617187500001,0.8831542968750001,0.866064453125,0.35615234375,,0.846875
physiochemical_protein,32,nn,sage,permutation,156.3814158678055,0.0003036499023436,0.4074689865112305,0.3628681421279907,0.4432494878768921,0.249608564376831,0.5240942716598511,,0.0796924591064452,6.424878334999084,9.697869920730591,13.410348606109618,10.87673020362854,10.912224817276002,7.098500037193299,1.2273837804794312,,14.610474276542664,0.2053624423319658,0.2073782556735271,0.0392885478840197,0.0266584479483335,0.0266903005473585,0.0270570937940871,0.9574526629396054,,0.2292501161595147,0.0279574836763794,0.0185870277655662,0.0011643688047919,0.0011961207930896,0.0012662789877605,0.0012917545161234,1.385958224767898,,0.0252376806176962,0.86,0.92,0.94,0.94,0.8800000000000001,0.98,0.62,,0.7
physiochemical_protein,32,nn,shap,kernel,156.18841769695285,0.0002542972564696,0.3375929832458496,0.2995089530944824,0.380699324607849,0.2554044961929321,0.4545758008956909,,0.0984633445739745,98.83992066383362,175.4886677980423,168.68452734947203,164.35353298187255,164.33113343715667,123.24005331993104,161.14637424945832,,109.11341273784636,0.0820873370629519,0.0819265780989984,0.0229798096121418,0.0143221754156297,0.0167360083714586,0.0178893930858738,0.5655993246420207,,0.0741243542422305,0.0279574836763794,0.0185870277655662,0.0011643688047919,0.0011961207930896,0.0012662789877605,0.0012917545161234,1.385958224767898,,0.0252376806176962,0.8666406249999999,0.8835644531250001,0.94962890625,0.9646484375,0.963037109375,0.957177734375,0.6048339843749999,,0.873193359375
physiochemical_protein,32,nn,shapiq,kernel,155.80493321418763,0.0002448081970214,0.242467164993286,0.2352629661560058,0.3180835247039795,0.2377392292022704,0.3780178785324096,,0.0764801740646361,422.06410508155824,420.07932155132295,445.8770808458328,441.08374962806704,443.31285128593447,455.2108167409897,447.0188210725784,,440.6654495477677,0.0749113801989645,0.0696898223176894,0.0199816227994276,0.016956106932578,0.017438680314857,0.0189121933270948,0.3738798195418773,,0.0783308841622903,0.0279574836763794,0.0185870277655662,0.0011643688047919,0.0011961207930896,0.0012662789877605,0.0012917545161234,1.385958224767898,,0.0252376806176962,0.9022021484375,0.9065185546875,0.9690185546875,0.978515625,0.979248046875,0.976220703125,0.34755859375,,0.93046875
physiochemical_protein,32,xgb,sage,permutation,154.7254023551941,0.0001554489135741,0.2470851659774779,0.2340245962142944,0.3129365444183349,0.261083984375,0.3742673397064208,,0.1057736873626708,14.252787017822266,8.270377159118652,9.92158317565918,10.705157661437989,16.094175386428834,7.966620802879333,4.094986200332642,,6.036841225624085,0.0779424060707014,0.0696630623481208,0.0421158322006257,0.0219738723408229,0.0144928417355812,0.016420125082996,0.4913614323677336,,0.0958354251228029,0.0279574836763794,0.0185870277655662,0.0011643688047919,0.0011961207930896,0.0012662789877605,0.0017289494305293,1.385958224767898,,0.0252376806176962,0.7,0.6,0.6,0.78,0.98,0.8,0.8,,0.58
physiochemical_protein,32,xgb,shap,kernel,157.11460077762604,0.0001524209976195,0.2481651067733764,0.2380037069320678,0.3151342868804931,0.2692314863204955,0.3799064636230468,,0.0911284208297729,321.1483951807022,320.8344980955124,319.21032977104187,319.6901380300522,321.4995537757874,337.92922921180724,317.5108654975891,,351.2052451848984,0.0576188000692808,0.0485373718734438,0.0299554471866834,0.0202340850803588,0.0198687116548415,0.0192770003708207,0.342591648425343,,0.0605441379037918,0.0279574836763794,0.0185870277655662,0.0011643688047919,0.0011961207930896,0.0012662789877605,0.0017289494305293,1.385958224767898,,0.0252376806176962,0.851875,0.87326171875,0.908330078125,0.94033203125,0.93671875,0.93892578125,0.58291015625,,0.8529296875
physiochemical_protein,32,xgb,shapiq,kernel,158.4168040752411,0.0001979827880858,0.2507529497146606,0.2379728078842162,0.317408537864685,0.2595446825027466,0.3860524654388427,,0.1196599721908568,741.1586054563522,777.9844648361207,787.5164938211441,793.286581659317,798.7684875488281,804.2924223899842,790.1778096437454,,690.537195944786,0.0403053630331952,0.0372769552777914,0.0199879231079091,0.0171714677141617,0.0193481503816383,0.0204011432164124,0.2554440544193209,,0.0421810040687001,0.0279574836763794,0.0185870277655662,0.0011643688047919,0.0011961207930896,0.0012662789877605,0.0017289494305293,1.385958224767898,,0.0252376806176962,0.8352832031250002,0.8540917968750001,0.91453125,0.91806640625,0.914501953125,0.90619140625,0.35615234375,,0.8630859375000002
physiochemical_protein,64,nn,sage,permutation,168.75966715812683,0.0003238916397094,0.3822134017944336,0.3643826007843017,0.4066716432571411,0.2491173267364501,0.5150447130203247,,0.1757149219512939,12.669973397254944,38.20285174846649,26.515883684158325,31.695442843437196,30.844619941711425,17.657666325569153,2.238191914558411,,28.593402647972106,0.123832759598194,0.1697009401276737,0.0377048262639626,0.0488238236901762,0.0460392146350694,0.0421941377720547,0.9971035136357056,,0.2574628546008944,0.0101419839421857,0.0097932014738349,0.0005907635222355,0.0006179454309473,0.0006718900709387,0.0006608785283948,1.385958224767898,,0.0218109875710418,0.8800000000000001,0.82,0.92,0.8800000000000001,0.8800000000000001,0.92,0.62,,0.8
physiochemical_protein,64,nn,shap,kernel,167.71478607654572,0.0003613710403441,0.3283860206604003,0.3377155065536499,0.4028681039810181,0.2533839225769042,0.4608312368392944,,0.1831028461456298,204.68586089611057,324.97800562381747,333.94997172355653,323.7559891700745,324.8221558094025,241.27681269645691,330.08150191307067,,216.9634551525116,0.0508487082177918,0.0631068912985978,0.0168593535298742,0.0212880652983653,0.0186156310044693,0.0161918439681046,0.5655993246420207,,0.0773156826022132,0.0101419839421857,0.0097932014738349,0.0005907635222355,0.0006179454309473,0.0006718900709387,0.0006608785283948,1.385958224767898,,0.0218109875710418,0.914072265625,0.9025146484375,0.9660400390625,0.9573193359375,0.9637255859375,0.9667138671875,0.6048339843749999,,0.8772949218750001
physiochemical_protein,64,nn,shapiq,kernel,167.63560161590576,0.0002293586730956,0.2538175344467163,0.2337378501892089,0.3090214014053344,0.2408602714538573,0.3827640056610107,,0.1504936695098876,831.6829394817353,827.644622015953,880.4498461008072,871.3373074531555,869.1773010492325,893.4052847385407,877.6558413505554,,862.3298763036728,0.0439883220460428,0.0515525061653586,0.014072580332897,0.0152450722671492,0.013992874363065,0.014948854052347,0.3738798210556617,,0.0747103826568271,0.0101419839421857,0.0097932014738349,0.0005907635222355,0.0006179454309473,0.0006718900709387,0.0006608785283948,1.385958224767898,,0.0218109875710418,0.93845703125,0.932041015625,0.9819580078125,0.9809033203125,0.981083984375,0.9785009765625,0.34755859375,,0.932763671875
physiochemical_protein,64,xgb,sage,permutation,166.67981390953065,0.0001596212387084,0.2430726766586303,0.2364131212234496,0.3098118782043456,0.2621882438659667,0.376110291481018,,0.2119369506835937,25.73045907020569,28.73428156375885,25.76974949836731,31.646258068084716,34.045736694335936,26.023449230194093,8.55307378768921,,10.14075779914856,0.0356682291094807,0.0469035272722164,0.0180803651828726,0.0214552658519711,0.0196561899117798,0.0187062672337652,0.4916645523352861,,0.0854489529686626,0.0101419839421857,0.0097932014738349,0.0005907635222355,0.0006179454309473,0.0006718900709387,0.0006566155021905,1.385958224767898,,0.0218109875710418,0.78,0.6799999999999999,0.8400000000000001,0.78,0.8,0.8,0.8,,0.5
physiochemical_protein,64,xgb,shap,kernel,169.00416753292083,0.0002655029296874,0.2474515676498412,0.2377833127975463,0.3159769058227539,0.2534885168075561,0.3801933526992797,,0.1619760036468505,604.3453872680664,607.4929342269897,595.1351647138596,594.9491155385971,597.6423572301865,628.1779192447663,593.0136549472809,,656.5205837965011,0.033326260817796,0.0351299870045125,0.0179055492763336,0.0188153998063362,0.018299966312316,0.0163203826560739,0.342591648425343,,0.0554405576649771,0.0101419839421857,0.0097932014738349,0.0005907635222355,0.0006179454309473,0.0006718900709387,0.0006566155021905,1.385958224767898,,0.0218109875710418,0.902060546875,0.90470703125,0.940634765625,0.9401318359375,0.9436865234375,0.948271484375,0.58291015625,,0.8600585937500002
physiochemical_protein,64,xgb,shapiq,kernel,170.645152258873,0.0002144575119017,0.2476704359054565,0.2382174253463744,0.3197000026702881,0.2601111173629761,0.391279125213623,,0.1915061235427856,1461.7989615917206,1579.7840745449066,1546.043303489685,1547.731993341446,1562.9863209962846,1568.5117032766343,1552.9338228702543,,1347.1863122701643,0.0254262195526163,0.026285298338558,0.0139412086481654,0.014432951762308,0.0126710773888301,0.0137397232298332,0.2554440544193209,,0.0398605187229208,0.0101419839421857,0.0097932014738349,0.0005907635222355,0.0006179454309473,0.0006718900709387,0.0006566155021905,1.385958224767898,,0.0218109875710418,0.8928759765625001,0.8976708984375001,0.938212890625,0.939794921875,0.9447607421875,0.9392529296875,0.35615234375,,0.866650390625
physiochemical_protein,128,nn,sage,permutation,164.7941076040268,0.0003066539764403,0.3752226829528808,0.3526036500930786,0.4314213514328003,0.2501576423645019,0.5006364345550537,,0.3113552331924438,69.25121221542358,54.8317777633667,63.52211508750916,63.58913402557373,68.24744727611542,38.78476946353912,4.468613910675049,,45.98489208221436,0.1249426013869891,0.0590599515571575,0.0483286669622846,0.0483441198331976,0.0519617920273984,0.0479036812252436,0.9303439289095256,,0.288840106727628,0.0052384600624153,0.0040374448316874,0.0003416878903365,0.0003375722898432,0.0003291036056543,0.0003722326037189,1.385958224767898,,0.0220943709064823,0.82,0.94,0.86,0.86,0.86,0.8400000000000001,0.6,,0.8
physiochemical_protein,128,nn,shap,kernel,164.1155992269516,0.0002564668655395,0.3480207920074462,0.3173198223114013,0.3970952749252319,0.2533084392547607,0.45429527759552,,0.3549305438995361,394.70119869709015,667.8511883735657,681.5208879470825,679.2904366016388,655.8183554410934,467.3572920083999,675.995706152916,,435.4648173093795,0.0458000067957427,0.0260787061604112,0.0171533689971216,0.0173595321615284,0.0185662665182474,0.0166823046305914,0.5655993246420207,,0.0823445377503668,0.0052384600624153,0.0040374448316874,0.0003416878903365,0.0003375722898432,0.0003291036056543,0.0003722326037189,1.385958224767898,,0.0220943709064823,0.9188623046875,0.9500439453125,0.9672705078125,0.9677197265625,0.9663232421875,0.969736328125,0.6048339843749999,,0.8798828125000002
physiochemical_protein,128,nn,shapiq,kernel,163.72224247455597,0.0002545833587646,0.2468327522277831,0.2381798744201659,0.3126070737838745,0.2450100660324096,0.3821977376937866,,0.3007205963134765,1622.3475498199464,1630.0838928937912,1728.3586711645123,1707.1948700904843,1694.8507190465928,1733.3824325799942,1698.1613374948502,,1683.9790148973466,0.0375994204311723,0.0284277176413134,0.0117995774409541,0.0124291945067396,0.0122673299989131,0.0125466983942744,0.3738798210556617,,0.080007663529871,0.0052384600624153,0.0040374448316874,0.0003416878903365,0.0003375722898432,0.0003291036056543,0.0003722326037189,1.385958224767898,,0.0220943709064823,0.953017578125,0.9601611328125,0.9848828125,0.9845166015625,0.9861181640625,0.9841162109375,0.34755859375,,0.930419921875
physiochemical_protein,128,xgb,sage,permutation,162.502716422081,0.000163722038269,0.2473150014877319,0.2377427339553833,0.3112766027450561,0.2611922502517699,0.375679326057434,,0.3786453247070312,44.2704341173172,46.17805068492889,58.31672260761261,56.45828161239624,70.7454605102539,64.60596799850464,16.379307317733765,,16.17187614440918,0.03881700625612,0.0225326477918783,0.0164452857389826,0.0149388733022841,0.0181474844159869,0.0152639480131203,0.4922255195857798,,0.0973005532916503,0.0052384600624153,0.0040374448316874,0.0003416878903365,0.0003375722898432,0.0003291036056543,0.0003737321121624,1.385958224767898,,0.0220943709064823,0.7,0.78,0.8800000000000001,0.9,0.8,0.8200000000000001,0.8,,0.6
physiochemical_protein,128,xgb,shap,kernel,165.68569943904876,0.0002669811248778,0.2502069950103759,0.2401886224746704,0.3161548852920532,0.2651625156402587,0.3809158325195312,,0.3391895771026611,1189.4347953557967,1172.3162867546082,1155.018502807617,1150.522611808777,1149.5961307764053,1212.1965580224992,1148.2114100217818,,1264.623957157135,0.0324386045148963,0.0196787492789439,0.0144109170243437,0.0131913874027881,0.0136073760978204,0.0121466672374654,0.342591648425343,,0.0576645460414188,0.0052384600624153,0.0040374448316874,0.0003416878903365,0.0003375722898432,0.0003291036056543,0.0003737321121624,1.385958224767898,,0.0220943709064823,0.9070751953125,0.9396435546875,0.9545166015625,0.9549658203125,0.95947265625,0.9617041015625,0.58291015625,,0.8638671875000001
physiochemical_protein,128,xgb,shapiq,kernel,167.94703979492186,0.000251817703247,0.2521355867385864,0.2404833793640136,0.3188374280929565,0.2592588186264037,0.3908549547195434,,0.3895515918731689,2874.3577011823654,3104.8014786958693,3028.9181062459947,3044.5824819087984,3061.2452543973923,3071.663461828232,3057.7596143484116,,2638.3533861398696,0.0202807715567706,0.0157739207203173,0.0103397376086155,0.0099663931300151,0.009293400937694,0.0101799274022618,0.2554440564237848,,0.0400461400393874,0.0052384600624153,0.0040374448316874,0.0003416878903365,0.0003375722898432,0.0003291036056543,0.0003737321121624,1.385958224767898,,0.0220943709064823,0.9139404296875,0.9336376953125,0.9533544921875,0.954853515625,0.960234375,0.9550390625,0.35615234375,,0.8631347656250001
physiochemical_protein,256,nn,sage,permutation,180.63764190673828,0.0003074645996093,0.4196009635925293,0.3882786273956299,0.4407827854156494,0.2548765659332275,0.5090900421142578,,0.627246904373169,89.67485852241516,101.8322366952896,140.61645050048827,142.78021733760835,143.60958597660064,81.5666068315506,9.074671459197996,,68.78939085006714,0.092318657333037,0.0499290086025214,0.0512285215778332,0.053243970930329,0.0515457588365502,0.0478947635101458,0.9910073060755268,,0.3216440899598548,0.0030629919672527,0.0018683352427621,0.0002414218852127,0.0002455537407,0.0002364405522928,0.0002503257733837,1.385958224767898,,0.0262609236141756,0.9,0.9,0.8400000000000001,0.8400000000000001,0.86,0.86,0.6,,0.8
physiochemical_protein,256,nn,shap,kernel,179.4636019229889,0.0002458095550536,0.332088041305542,0.3089184522628784,0.3965425252914428,0.260589861869812,0.4649602651596069,,0.6663864850997925,927.4374351024628,1434.2766799211502,1419.1928958415986,1406.6277438402176,1417.429983520508,1057.4796353340148,1411.536830472946,,985.2814280509948,0.0381540657081956,0.0214013874827455,0.0160899138831004,0.0169530870274081,0.0159805858281104,0.0146964686753135,0.5655993246420207,,0.0920129500318227,0.0030629919672527,0.0018683352427621,0.0002414218852127,0.0002455537407,0.0002364405522928,0.0002503257733837,1.385958224767898,,0.0262609236141756,0.9320849609375002,0.95845703125,0.970224609375,0.9687744140625,0.9717333984375,0.9728466796875,0.6048339843749999,,0.87041015625
physiochemical_protein,256,nn,shapiq,kernel,179.36872546672822,0.0002772331237792,0.2496992111206054,0.2416182279586791,0.3140698909759521,0.2418215990066528,0.3779181957244872,,0.599723219871521,3197.7869584083555,3225.0269221782683,3398.990823817253,3367.020358920098,3380.7578432321548,3416.977084040642,3389.212307214737,,3325.933203792572,0.0300354870519178,0.0195078655365553,0.0107447206771672,0.0108698856376188,0.0102624325878531,0.0104094816259964,0.3738798210556617,,0.0891166611517218,0.0030629919672527,0.0018683352427621,0.0002414218852127,0.0002455537407,0.0002364405522928,0.0002503257733837,1.385958224767898,,0.0262609236141756,0.9614306640625,0.9727880859375,0.986640625,0.9865673828125,0.98806640625,0.987333984375,0.34755859375,,0.925
physiochemical_protein,256,xgb,sage,permutation,178.2375289916992,0.000225281715393,0.2482792854309081,0.2382704257965087,0.3136539459228515,0.2622814416885376,0.3768428802490234,,0.665185546875,92.07618205547332,83.68502628803253,116.01387050151826,99.82136194705964,117.44851117134094,134.67353966236115,31.84313056468964,,27.786082005500795,0.0298864663704383,0.0225810654109118,0.0126557118725078,0.012644297405409,0.0163661454014331,0.0135263596222827,0.4934525111358623,,0.1051726210913777,0.0030629919672527,0.0018683352427621,0.0002414218852127,0.0002455537407,0.0002364405522928,0.0002523449962524,1.385958224767898,,0.0262609236141756,0.76,0.76,0.8400000000000001,0.8200000000000001,0.8,0.8400000000000001,0.8,,0.6
physiochemical_protein,256,xgb,shap,kernel,181.45785818099975,0.0004344701766967,0.249608302116394,0.2399505376815795,0.3151060581207275,0.253353214263916,0.3831366539001465,,0.6629261255264283,2264.2943949460982,2299.9037620306017,2264.280594062805,2264.0966598033906,2249.9998281002045,2376.8755956172945,2247.953837299347,,2501.87747399807,0.0276231259493035,0.0154465079086994,0.0104465470032393,0.0104038185332719,0.0109764062953093,0.0098647626909349,0.342591648425343,,0.0623693810028431,0.0030629919672527,0.0018683352427621,0.0002414218852127,0.0002455537407,0.0002364405522928,0.0002523449962524,1.385958224767898,,0.0262609236141756,0.9196923828125,0.9545947265625,0.96619140625,0.9676171875,0.9680908203125,0.9697216796875,0.58291015625,,0.8579101562500002
physiochemical_protein,256,xgb,shapiq,kernel,182.356377863884,0.0002673864364623,0.2525740623474121,0.2412058353424072,0.3207549333572387,0.257986569404602,0.3924877166748047,,0.8645561695098877,5687.682598924637,6102.736423134804,6001.725954842567,6068.204416894912,6063.409253692627,6075.995792078972,6057.1234952449795,,5237.933254742622,0.0160854799020715,0.011879115264748,0.0077607769719668,0.0075106289652185,0.0068721065843034,0.007764902783274,0.2554440564237848,,0.0443105466865234,0.0030629919672527,0.0018683352427621,0.0002414218852127,0.0002455537407,0.0002364405522928,0.0002523449962524,1.385958224767898,,0.0262609236141756,0.92994140625,0.94998046875,0.9662255859375,0.96701171875,0.9722265625,0.9649853515625,0.35615234375,,0.8486328125000002
pumadyn32nh,8,nn,expected_gradients,na,3.7475587129592896,0.0002375125885009,0.016591453552246,0.0132235527038573,0.0194113492965697,0.065514039993286,0.0959398508071898,,0.0191447734832763,132.60001602172852,214.36808660030368,177.2470334529877,180.9694166660309,182.6082979440689,70.98280251026154,179.93148686885834,,66.45922110080718,0.0400357235223054,0.0406555972993373,0.0323953367769718,0.0317678451538085,0.0355505421757698,0.0305290147662162,0.1316934823989868,,0.0268235709518194,0.1080482058267334,0.107572843787159,0.0744760878850717,0.0733445465769788,0.0725985378734579,0.0782280674658697,0.9343082722408704,,0.0949670406906506,0.65140625,0.65369140625,0.7123046875000001,0.71650390625,0.7052734375,0.705859375,0.3767578125,,0.7406250000000001
pumadyn32nh,16,nn,expected_gradients,na,3.686723518371582,0.0002514839172362,0.0129808425903319,0.0118417263031005,0.0154840469360351,0.0239324808120727,0.0939060688018798,,0.0286535024642944,216.77700774669648,297.80451176166537,254.5803542375565,258.96975166797637,259.38233864307404,114.0325427532196,258.9974074840546,,104.74930534362792,0.0263960709795355,0.0290331101045012,0.0229094456881284,0.0256929267197847,0.0247856639325618,0.0202353224158287,0.131693497300148,,0.0221914295107126,0.054711636071435,0.0518637507674058,0.0345567830989059,0.0353609680622983,0.0360260871499691,0.0346142938734054,0.9343082722408704,,0.0547581570430808,0.733388671875,0.724345703125,0.770703125,0.7684570312500001,0.7598632812499999,0.7927734375000001,0.3767578125,,0.79560546875
pumadyn32nh,32,nn,expected_gradients,na,3.709073638916016,0.0002798795700072,0.0135562419891357,0.0120307445526122,0.0183462381362914,0.0172928571701049,0.0939478874206542,,0.0743734836578368,369.4546513795853,459.7033253192902,403.742253780365,406.0561160087585,408.2109288930893,186.1377599477768,405.419612789154,,183.27006802558896,0.0203398372977971,0.0213257314637302,0.0154302477836608,0.01654205173254,0.0159640560857951,0.0149903744459151,0.0892879590392112,,0.015716478228569,0.0273784639759343,0.0265157454108679,0.01709074135766,0.0172554267228071,0.016757596663664,0.016977011746228,0.4184965072048995,,0.0333616852315297,0.7881445312500001,0.7875781250000001,0.8414355468750001,0.83384765625,0.843515625,0.8493359375,0.47861328125,,0.8546875
pumadyn32nh,64,nn,expected_gradients,na,3.7278306007385256,0.0002769470214843,0.0166108846664428,0.013233995437622,0.0170379638671874,0.0224009037017821,0.1020016193389891,,0.1138885974884033,537.1416195392609,646.1503896713257,571.5991469860077,578.4586155891418,579.7742998123169,296.91740307807925,572.4154011011124,,290.63438806533816,0.0152325574308633,0.0140539337880909,0.0107699277810752,0.0114805836230516,0.0108549494296311,0.0104306543245911,0.0892879590392112,,0.0120184775441885,0.0141523610931051,0.012498208005068,0.0080213085800816,0.0083586496840178,0.0082025483471143,0.0080654131724123,0.4184965072048997,,0.0215334598972528,0.837373046875,0.84541015625,0.8820019531250001,0.8756542968750001,0.879599609375,0.8835742187500001,0.47861328125,,0.89208984375
pumadyn32nh,128,nn,expected_gradients,na,3.8232019186019897,0.0002770662307738,0.0139197349548339,0.0159201860427856,0.0191205024719237,0.0336561203002929,0.0928287267684936,,0.1972152233123779,858.2601692199707,1002.027131485939,897.3308822631836,898.9422700166702,898.9494055747986,534.433141040802,896.7369275808335,,527.8647996664047,0.0109560919925569,0.0099667225964367,0.0076298252679407,0.0077482965774833,0.0077225816436111,0.0072280551306902,0.0892879664897918,,0.0083154691383242,0.0074304189396941,0.0063897131924377,0.0040762299270705,0.0041659828848617,0.0040836981346098,0.0040737738331715,0.4184965072048997,,0.0147643733083218,0.8765917968750001,0.8832910156250001,0.91078125,0.909970703125,0.909892578125,0.913798828125,0.47861328125,,0.9240234375
sarcos,16,nn,sage,permutation,374.8078639030456,0.0001749992370604,0.2683219909667968,0.2526017427444458,0.3329699277877808,0.2828943490982055,0.8565611839294434,,0.1173271656036376,7.193086314201355,1.416390299797058,1.9852407693862917,1.610210108757019,1.575238275527954,1.81536009311676,1.5919880628585816,,1.5676404237747192,0.0100481848294039,0.0125090559554299,0.0030337628237123,0.0033699997422603,0.002707656718903,0.0040427242563036,0.0650150631520601,,0.0043453281366324,0.0456982019435325,0.0551006383237417,0.0143364137285301,0.0157537390736089,0.0136799584808046,0.0175113339295464,0.7133732179157061,,0.0523691832841072,0.9,0.8400000000000001,0.86,0.8800000000000001,0.8800000000000001,0.98,0.4,,0.8200000000000001
sarcos,16,nn,shap,kernel,375.75633070468905,0.0002054691314696,0.2637289524078369,0.2570163965225219,0.3636334657669067,0.2627614021301269,0.8545255184173584,,0.113939881324768,322.4402465581894,328.49501810073855,328.54433891773226,329.849906206131,332.93062510490415,321.82731952667234,330.01893010139463,,317.97834889888765,0.0294222407049662,0.032409698761822,0.0100375775468048,0.0083889217435246,0.0100167550158282,0.012289896777863,0.1052051679431099,,0.0243044038054893,0.0456982019435325,0.0551006383237417,0.0143364137285301,0.0157537390736089,0.0136799584808046,0.0175113339295464,0.7133732179157061,,0.0523691832841072,0.8226123046875001,0.8044580078125001,0.921435546875,0.933154296875,0.914189453125,0.9027978515625,0.521953125,,0.8292041015625001
sarcos,16,nn,shapiq,kernel,376.21419246196746,0.0003076314926147,0.3601036310195922,0.3289079427719116,0.3901151180267334,0.2985850811004638,0.95330913066864,,0.0933377027511596,2732.4365775823594,2780.3718020915985,2929.5619856119156,2921.2415574789047,2921.8745124578477,3080.205874681473,2939.373655176162,,2704.791299843788,0.0103567728794262,0.0112689766267128,0.0067971284127128,0.006797853591158,0.0065885727001736,0.0071833764793278,0.0376888953119493,,0.0087825628509355,0.0456982019435325,0.0551006383237417,0.0143364137285301,0.0157537390736089,0.0136799584808046,0.0175113339295464,0.7133732179157061,,0.0523691832841072,0.665859375,0.6396484375,0.8219140625000001,0.8352734375,0.8377099609375002,0.7977490234375001,0.2028466796875,,0.7209033203125
sarcos,16,xgb,sage,permutation,389.2155813455582,0.0001572608947753,0.2686073303222656,0.2546099185943603,0.3365736007690429,0.2634486675262451,0.8683020830154419,,0.0892496347427367,3.963895010948181,2.370641016960144,3.2952013492584227,2.9329723596572874,3.199170207977295,3.3054561376571656,4.082693338394165,,3.3762516021728515,0.0062935051235114,0.0093504488417962,0.0029690795334156,0.0027408652834691,0.002238621345057,0.0028475330347676,0.0498916123366567,,0.0053693930672129,0.0456982019435325,0.0551006383237417,0.0143364137285301,0.0157537390736089,0.0136799584808046,0.0177352600868988,0.7133732179157061,,0.0523691832841072,0.96,0.94,1.0,1.0,1.0,1.0,0.8400000000000001,,1.0
sarcos,16,xgb,shap,kernel,381.9309863090515,0.0001801490783691,0.2896028041839599,0.2583175420761108,0.3865673542022705,0.3687571763992309,0.8956268548965454,,0.1007197380065917,768.1535811424255,748.6258610963821,764.3649354219436,763.8655164241791,757.8108080387116,785.8799201488495,756.7841862916946,,811.7687337398529,0.0208421444853908,0.024638421947674,0.0088292292223443,0.0079719180571868,0.0082572825623052,0.0096049900366056,0.0890057362367801,,0.0198666320323612,0.0456982019435325,0.0551006383237417,0.0143364137285301,0.0157537390736089,0.0136799584808046,0.0177352600868988,0.7133732179157061,,0.0523691832841072,0.8581591796875001,0.8498974609375001,0.8986230468750002,0.910595703125,0.907451171875,0.8930908203125,0.6378076171875,,0.8374902343750001
sarcos,16,xgb,shapiq,kernel,381.607946896553,0.0002507686614989,0.2887025594711304,0.2699741125106811,0.361809492111206,0.2941081762313842,0.8938457012176514,,0.1505518198013305,3806.081260728836,3659.1305436849593,3896.227087306977,3822.866066098213,3824.5368119478226,4193.06202366352,3859.5153600931167,,3846.063719916344,0.0052718523045672,0.0054487026354989,0.0039298933464796,0.0039072296385195,0.0039500794459652,0.00440480526848,0.0186260180833676,,0.004532033008659,0.0456982019435325,0.0551006383237417,0.0143364137285301,0.0157537390736089,0.0136799584808046,0.0177352600868988,0.7133732179157061,,0.0523691832841072,0.678759765625,0.68724609375,0.7854443359375001,0.77169921875,0.7726318359375,0.7482470703125,0.2704833984375,,0.7360791015625
sarcos,32,nn,sage,permutation,354.36184802055357,0.0002253532409667,0.2677459716796874,0.2530875205993652,0.3319556236267089,0.2744741201400756,0.8611943483352661,,0.1937335491180419,5.71271505355835,3.1889984369277955,3.5982445955276487,3.710868453979492,3.559078741073608,2.960933709144592,3.6837054967880247,,2.344829225540161,0.005525875119237,0.0061052300009307,0.0024290849238851,0.0027413299616823,0.0026105652975524,0.002667997116273,0.0616219022042855,,0.0038285499117869,0.0223941375889917,0.0258716607954899,0.0064398026610847,0.006358160368391,0.0059925578204655,0.0066694270723066,0.6939368794533234,,0.0301641718493893,0.94,0.94,0.9,0.98,0.98,0.96,0.44,,0.8400000000000001
sarcos,32,nn,shap,kernel,354.2432478904724,0.0002558946609496,0.263351821899414,0.2578116655349731,0.335258650779724,0.2526922464370727,0.8865956544876099,,0.1870140075683593,481.01025359630586,571.6639781713486,552.2792546749115,563.6326189756394,560.7065514802932,504.6411202430725,554.4054687261581,,514.1210485935211,0.0210952286443862,0.0223243781069534,0.0071993629485944,0.0116132758570023,0.0072116057094746,0.0069123285528703,0.106795250256865,,0.0192034775756155,0.0223941375889917,0.0258716607954899,0.0064398026610847,0.006358160368391,0.0059925578204655,0.0066694270723066,0.6939368794533234,,0.0301641718493893,0.8606005859375001,0.8558740234375002,0.944931640625,0.9188134765625,0.9386181640625,0.9457373046875,0.52546875,,0.8511962890625002
sarcos,32,nn,shapiq,kernel,353.9424815416336,0.0003024101257323,0.3454358816146851,0.3225369453430175,0.4093461513519287,0.2965309858322144,0.9505671739578248,,0.1507653236389159,4342.569885492325,4467.8967480659485,4663.8929930210115,4653.821906280517,4648.161772823334,4938.552563333511,4685.644732832909,,4324.945059609413,0.0078593456137184,0.008444017537731,0.0055909657112018,0.0056419811896539,0.0054548404067798,0.0055157520698158,0.0381379345105693,,0.0074089331691338,0.0223941375889917,0.0258716607954899,0.0064398026610847,0.006358160368391,0.0059925578204655,0.0066694270723066,0.6939368794533234,,0.0301641718493893,0.7541357421875,0.7327392578125,0.8546679687500001,0.8496142578125001,0.8684716796875002,0.8664697265625001,0.207919921875,,0.7724560546875001
sarcos,32,xgb,sage,permutation,365.7192991018295,0.0001526117324828,0.2652862310409546,0.2546335220336914,0.3358078479766845,0.263182520866394,0.8671781063079834,,0.1709413766860961,5.604655241966247,4.832134437561035,5.752644157409668,5.6893409252166744,5.795547771453857,5.56254813671112,7.536453700065612,,5.7238672256469725,0.0043278450596752,0.0044190732830781,0.0017688370393728,0.0023621493554648,0.0022757173157242,0.0023807422052063,0.0473417254923489,,0.003065494887382,0.0223941375889917,0.0258716607954899,0.0064398026610847,0.006358160368391,0.0059925578204655,0.0065421813375133,0.6939368794533234,,0.0301641718493893,0.98,1.0,1.0,1.0,1.0,1.0,0.8400000000000001,,1.0
sarcos,32,xgb,shap,kernel,358.32171750068665,0.0002426385879515,0.2848374843597411,0.276665449142456,0.3488029956817626,0.2730526208877563,0.8699591636657715,,0.1887890100479125,1388.3676917791367,1346.573323917389,1362.9997635602952,1355.6502488613128,1347.3971381664276,1401.6460549354554,1356.7996962308885,,1449.6435695409775,0.0163322267241081,0.016004247690258,0.0059558742186225,0.0094820728703512,0.0060215451723364,0.0078820945994874,0.0913526317184924,,0.0137494379719625,0.0223941375889917,0.0258716607954899,0.0064398026610847,0.006358160368391,0.0059925578204655,0.0065421813375133,0.6939368794533234,,0.0301641718493893,0.890341796875,0.8874707031250001,0.940400390625,0.9218896484375,0.941396484375,0.9281201171875,0.6401904296875001,,0.8756884765625002
sarcos,32,xgb,shapiq,kernel,363.33467025756835,0.0002764701843261,0.2861366987228393,0.2710060358047484,0.3554214239120483,0.3189889907836913,0.9004873752593994,,0.1851850986480712,6415.7062619924545,6197.2757052898405,6577.106767964363,6479.051662325859,6483.032861495018,7074.634030508995,6537.05867395401,,6519.027058100701,0.0039375105462604,0.0041070721482877,0.0033922562634829,0.0032439422445343,0.0031147162616296,0.0033361502380578,0.0187300833895765,,0.0038137676639116,0.0223941375889917,0.0258716607954899,0.0064398026610847,0.006358160368391,0.0059925578204655,0.0065421813375133,0.6939368794533234,,0.0301641718493893,0.7657568359375,0.7612548828125,0.803857421875,0.8152246093750002,0.8387988281250001,0.814111328125,0.2779980468749999,,0.7759912109375
sarcos,64,nn,sage,permutation,324.6599275350571,0.0001627445220946,0.2707910776138305,0.253540277481079,0.3358587265014648,0.2738449096679687,0.8590987205505372,,0.4306632041931152,7.812914609909058,6.804353189468384,7.605127716064453,7.775182843208313,7.575629377365113,5.728381228446961,10.523959136009216,,5.076372790336609,0.0041309853316594,0.0038794418432548,0.0024528636405817,0.0021393739389639,0.002461329263311,0.0025293913054853,0.0665142513645712,,0.0034488675069354,0.0125474171131279,0.0123206896738138,0.0026333431560597,0.0025037683086692,0.0025010774138997,0.0025545826839128,0.6932903075662671,,0.0133506691209531,0.94,0.92,0.8800000000000001,0.94,0.96,0.94,0.38,,0.9
sarcos,64,nn,shap,kernel,325.72674415111544,0.0002171039581298,0.2724214553833007,0.2655818462371825,0.3332212686538696,0.2665474891662597,0.8554897308349609,,0.3718161582946777,1009.5636495113372,1109.2518379688263,1098.4471555948255,1115.8451879262925,1115.3505689620972,1052.167619395256,1106.868288230896,,1060.2178388357163,0.0168737669803423,0.0152344446853902,0.0070535931550926,0.0071823147866757,0.0077148489814434,0.007209572042707,0.1204527808652116,,0.0125710246092123,0.0125474171131279,0.0123206896738138,0.0026333431560597,0.0025037683086692,0.0025010774138997,0.0025545826839128,0.6932903075662671,,0.0133506691209531,0.88291015625,0.890576171875,0.9445654296875,0.946767578125,0.9416748046875,0.9451171875,0.5233300781250001,,0.8930126953125
sarcos,64,nn,shapiq,kernel,325.130228972435,0.0003563880920409,0.3574292182922363,0.3278439760208129,0.4044548988342285,0.2976851463317871,0.993154239654541,,0.2966015815734863,7562.154401469231,7771.237108373642,8158.896773195267,8122.215381097793,8106.799149131775,8616.140013980865,8124.17731051445,,7480.001647949219,0.0066196713705578,0.0065665536726455,0.0048438779992413,0.0048460803685906,0.0048559311970099,0.0048379933249947,0.0401221941089823,,0.0060451049531819,0.0125474171131279,0.0123206896738138,0.0026333431560597,0.0025037683086692,0.0025010774138997,0.0025545826839128,0.6932903075662671,,0.0133506691209531,0.7914208984375001,0.8044140625,0.8916162109375001,0.8912744140625002,0.8917529296875001,0.8927099609375,0.1974462890625,,0.8199462890625
sarcos,64,xgb,sage,permutation,336.24509727954865,0.0001528024673461,0.2663990259170532,0.2554487228393554,0.3385975122451782,0.2630035161972046,0.867414927482605,,0.3449698448181152,10.488940238952637,9.672013998031616,11.227262878417967,10.43368637561798,10.812616181373595,10.395783948898316,13.09755187034607,,10.673606276512146,0.0027380298339425,0.002822515765326,0.0016915758914009,0.0018208836891567,0.0020850801703064,0.0021366585641418,0.0416066239468562,,0.0024265157348703,0.0125474171131279,0.0123206896738138,0.0026333431560597,0.0025037683086692,0.0025010774138997,0.0026491819969905,0.6932903075662671,,0.0133506691209531,1.0,1.0,1.0,1.0,1.0,1.0,0.76,,1.0
sarcos,64,xgb,shap,kernel,331.1490835428238,0.0001996994018554,0.2930834770202636,0.2701014280319213,0.3461891412734985,0.2735435485839844,0.8697052240371704,,0.3853109121322631,2575.21214761734,2563.9201905012133,2543.5179409980774,2540.646638655662,2532.4228534460067,2613.6302614450456,2545.8254532337187,,2724.090756177902,0.0126274552869975,0.0116942749897206,0.0055865760912148,0.0054897261784742,0.0060277844010576,0.0059437545272533,0.1004402455488689,,0.0090077672126569,0.0125474171131279,0.0123206896738138,0.0026333431560597,0.0025037683086692,0.0025010774138997,0.0026491819969905,0.6932903075662671,,0.0133506691209531,0.9052783203125,0.905810546875,0.947431640625,0.950537109375,0.9474169921875,0.9469970703125,0.6333398437500001,,0.9167578125
sarcos,64,xgb,shapiq,kernel,330.8201460123062,0.000289487838745,0.2870110273361206,0.2803903102874756,0.3590771913528442,0.2940715074539184,0.890053129196167,,0.3489549160003661,11646.289650011062,11203.815570020675,11935.670353722571,11758.141450357438,11791.738060951231,12758.8530305624,11833.9785725832,,11889.410094618795,0.0032827498112841,0.0032572583945939,0.0026714952674526,0.0026166082452688,0.0025899501819446,0.0026579426661421,0.0193051642429276,,0.0030705274587159,0.0125474171131279,0.0123206896738138,0.0026333431560597,0.0025037683086692,0.0025010774138997,0.0026491819969905,0.6932903075662671,,0.0133506691209531,0.8056591796875001,0.8149560546875001,0.8646435546875001,0.8688232421875002,0.8717431640625002,0.8650781250000001,0.2936328125,,0.8283886718750001
sarcos,128,nn,sage,permutation,360.4646146297455,0.0001701116561889,0.2739033460617065,0.255086588859558,0.3319684505462646,0.2784642696380615,0.8612560749053955,,0.7584397077560425,13.99851098060608,15.073245859146118,15.57657573223114,14.849958515167236,15.46972906589508,11.320028471946715,21.38990569114685,,10.209664702415466,0.0026957018199262,0.0026604231865699,0.0026671568326328,0.0022687275190645,0.0021251432370685,0.0019928068135949,0.0657953926054303,,0.0024709154221027,0.0071417496089616,0.0059775641706451,0.0011851001622571,0.0011516075288387,0.0010685816682346,0.0011939409547705,0.6891870379839092,,0.0073424337622144,0.98,0.96,0.94,0.96,0.96,1.0,0.36,,0.96
sarcos,128,nn,shap,kernel,360.7868438005447,0.0030982255935668,0.2683714628219604,0.2560495138168334,0.3455079078674316,0.2622709989547729,0.8608273983001709,,0.7257978439331054,1810.0074612379071,2069.7359763383865,2060.810080933571,2076.06987657547,2042.350365829468,1923.9337601184843,2042.184961915016,,1983.77168776989,0.0123718388521495,0.0123360060294899,0.0071959435891493,0.006967459414628,0.0065281565980637,0.006887386802948,0.1243918259956036,,0.0143775422783579,0.0071417496089616,0.0059775641706451,0.0011851001622571,0.0011516075288387,0.0010685816682346,0.0011939409547705,0.6891870379839092,,0.0073424337622144,0.9126904296875,0.9109521484375,0.946181640625,0.94814453125,0.95083984375,0.9496630859375,0.5245703125000001,,0.8900537109375002
sarcos,128,nn,shapiq,kernel,361.5448822021484,0.0003797769546508,0.339120864868164,0.368250036239624,0.4070052623748779,0.3226742982864379,0.9805649280548095,,0.5799103498458862,14096.309110164642,14302.6027575016,15060.07255895138,15031.19028160572,15000.832018661498,16011.24321911335,14991.22867655754,,13836.102248382567,0.0057704854871174,0.0055546876354618,0.004554711645312,0.0045506976442226,0.0045194976948803,0.0045508088391667,0.040840519885698,,0.0055845347149423,0.0071417496089616,0.0059775641706451,0.0011851001622571,0.0011516075288387,0.0010685816682346,0.0011939409547705,0.6891870379839092,,0.0073424337622144,0.8335742187500002,0.8476220703125001,0.9023095703125,0.902578125,0.904013671875,0.9016455078125,0.197646484375,,0.8333642578125001
sarcos,128,xgb,sage,permutation,372.23684499263766,0.0001579046249389,0.2682430744171142,0.2551633596420287,0.3344686508178711,0.2641567945480346,0.8738019704818726,,0.6633288860321045,20.919743299484253,19.012745928764343,20.90400950908661,19.817022800445557,20.477376294136047,21.980845355987547,22.779340171813963,,20.873034620285033,0.0020960421990168,0.0016209577082953,0.0021644444781314,0.0016332369600087,0.0016686673268485,0.0014253046909201,0.0437805546336319,,0.0014632700954946,0.0071417496089616,0.0059775641706451,0.0011851001622571,0.0011516075288387,0.0010685816682346,0.0012298122902806,0.6891870379839092,,0.0073424337622144,1.0,1.0,1.0,1.0,1.0,1.0,0.76,,1.0
sarcos,128,xgb,shap,kernel,368.1421058893203,0.0002027988433837,0.2914073467254638,0.3111711740493774,0.3415127515792846,0.2741787433624267,0.8878527879714966,,0.6976571798324585,5049.113769221306,4827.449724006653,4910.628039240837,4901.031347227096,4889.4768525362015,5066.941356921196,4901.59173412323,,5256.974734306335,0.0096877519125052,0.008994943876488,0.0054943733468621,0.0051847347181291,0.0047090813823799,0.005161483835044,0.1046817222126998,,0.0115243121072793,0.0071417496089616,0.0059775641706451,0.0011851001622571,0.0011516075288387,0.0010685816682346,0.0012298122902806,0.6891870379839092,,0.0073424337622144,0.9282861328125,0.927587890625,0.952978515625,0.954501953125,0.957958984375,0.9551171875,0.63408203125,,0.9098876953125
sarcos,128,xgb,shapiq,kernel,369.300638961792,0.000299835205078,0.2908533811569214,0.2794380664825439,0.3636772394180297,0.2835532665252686,0.8938748359680175,,0.7220751047134399,22164.97814247608,21204.74137239456,22665.071163725857,22224.175430083276,22362.94463224411,24210.939166784286,22438.169509148596,,22513.68910522461,0.0027358555054855,0.0026514266045801,0.0022805339050865,0.0022566744761413,0.0022459216758415,0.0022785058224393,0.0195677788290137,,0.0027248366940958,0.0071417496089616,0.0059775641706451,0.0011851001622571,0.0011516075288387,0.0010685816682346,0.0012298122902806,0.6891870379839092,,0.0073424337622144,0.8520410156250001,0.8601855468750002,0.9015869140625,0.903369140625,0.9027734375000002,0.8972460937500001,0.2930908203125,,0.8574951171875002
sarcos,256,nn,sage,permutation,347.0792525291443,0.0002184391021728,0.2687650442123412,0.2589920282363891,0.3331596612930297,0.2794848442077636,0.8671315908432007,,1.662777638435364,22.933041834831236,31.513430738449095,31.134973406791687,30.770332980155946,30.700094151496888,23.830471897125243,50.08188018798828,,20.502342200279237,0.0029025142165799,0.0027301770364217,0.0022855897736046,0.0022935291519251,0.0026375005177503,0.0026607686210637,0.0688668710027112,,0.003312561441088,0.0043728975295271,0.0024951429857896,0.0006546138758847,0.0006360901435044,0.0006070604359302,0.0006647099602705,0.6895452727300734,,0.0042444813815549,0.94,0.98,0.98,0.96,0.92,0.96,0.4,,0.8800000000000001
sarcos,256,nn,shap,kernel,345.7667674064636,0.0003814220428466,0.27288179397583,0.2548451900482177,0.345255708694458,0.2516702651977539,0.8688712835311889,,1.3908273458480835,3452.8747891426087,4016.58868803978,3974.6339582681658,3973.258684182167,3935.284753370285,3716.5137663841247,3925.766646957398,,3773.299715781212,0.009887625541171,0.008698394623916,0.0068345423389529,0.006491635757244,0.0065023957695582,0.0065708199370753,0.1241324377830552,,0.0125122549689205,0.0043728975295271,0.0024951429857896,0.0006546138758847,0.0006360901435044,0.0006070604359302,0.0006647099602705,0.6895452727300734,,0.0042444813815549,0.9251220703125,0.9340087890625,0.950634765625,0.952802734375,0.9521484375,0.9517822265625,0.5238330078125,,0.907275390625
sarcos,256,nn,shapiq,kernel,347.4967206001282,0.0003807067871093,0.3196034431457519,0.3471094608306885,0.4224997282028198,0.3144473552703857,1.0050166130065918,,1.1890516757965088,26853.323995780946,27443.9867210865,28994.47252340317,28762.49492607117,28685.626232886316,30757.95148730278,28771.219389891623,,26678.379627728464,0.0051759212917946,0.0048659345424312,0.0044284171564657,0.0044211365467955,0.0044058210579344,0.0044137837117648,0.0406953169073158,,0.0052760142109694,0.0043728975295271,0.0024951429857896,0.0006546138758847,0.0006360901435044,0.0006070604359302,0.0006647099602705,0.6895452727300734,,0.0042444813815549,0.85958984375,0.8823681640625001,0.9072900390625,0.907734375,0.9081689453125,0.908486328125,0.194638671875,,0.8516748046875001
sarcos,256,xgb,sage,permutation,357.58824985027314,0.0002038478851318,0.270089554786682,0.2613276720046997,0.3361331939697265,0.2695584535598755,0.87372887134552,,1.3517225503921508,40.32935228347778,38.799086570739746,38.28680243492126,40.966750144958496,40.05322842597961,43.77540915012359,49.55902087688446,,41.21857075691223,0.0019327741438817,0.0020125701618578,0.0018704430619629,0.0016978756300341,0.0018555692756789,0.0019094554123097,0.0396663400934337,,0.0021115785657286,0.0043728975295271,0.0024951429857896,0.0006546138758847,0.0006360901435044,0.0006070604359302,0.0006486689942321,0.6895452727300734,,0.0042444813815549,1.0,1.0,1.0,1.0,1.0,1.0,0.76,,1.0
sarcos,256,xgb,shap,kernel,353.0727386236191,0.0002402305603026,0.2860420942306518,0.2623093605041503,0.3603442907333374,0.3618874311447143,0.8937827825546265,,1.4330413341522217,9888.957641267776,9409.101994752884,9653.814341163636,9639.876030492782,9645.300644898414,9959.179051446914,9595.733434438704,,10421.393367052078,0.0072021636527722,0.0065079109162512,0.0048978218261583,0.0046914168273758,0.0045343278755219,0.0046699806294215,0.1026751268463101,,0.0104184544544074,0.0043728975295271,0.0024951429857896,0.0006546138758847,0.0006360901435044,0.0006070604359302,0.0006486689942321,0.6895452727300734,,0.0042444813815549,0.938359375,0.9436767578125,0.9582470703125,0.9601513671875,0.9617431640625,0.9603076171875,0.6316162109375,,0.91607421875
sarcos,256,xgb,shapiq,kernel,354.95278038978574,0.0002560138702392,0.2899044275283813,0.2777014017105103,0.3624825000762939,0.2921406984329223,0.8920830011367797,,1.4203574895858764,43109.28012833595,44041.76538000107,44018.40485408306,43490.62786858082,43566.96500995159,47558.45439188481,43621.6834133625,,43845.133965420726,0.0024183518690541,0.002304301979878,0.002075337149844,0.0020716992782149,0.002040235712834,0.0020772677372469,0.0194498560285441,,0.0025673831566041,0.0043728975295271,0.0024951429857896,0.0006546138758847,0.0006360901435044,0.0006070604359302,0.0006486689942321,0.6895452727300734,,0.0042444813815549,0.8775878906250002,0.8915185546875002,0.9216357421875,0.920537109375,0.92447265625,0.9191455078125,0.30126953125,,0.860556640625
satimage,8,nn,expected_gradients,na,65.27457942962647,0.0002166032791137,0.0142247200012206,0.0152985095977782,0.0184508323669433,0.0517512559890746,0.0547538042068481,,0.0151048660278319,100.50733518600464,150.42079615592957,126.35120661258698,127.52953917980194,128.69263737201692,51.48498773574829,126.39214100837708,,51.1909086227417,0.165333180874586,0.1780116006731986,0.0390429757535457,0.0387284159660339,0.0437247864902019,0.0390429757535457,0.7685409784317017,,0.2238337993621825,0.0880218995111288,0.1097617228192883,0.0132005518966442,0.0145059877293127,0.0122974255391575,0.0132005518966442,1.0416120932470996,,0.2560525685273888,0.7261442786069652,0.7394776119402986,0.9196517412935326,0.9218905472636816,0.918905472636816,0.9196517412935326,0.4544776119402984,,0.7009950248756219
satimage,9,nn,expected_gradients,na,,,,,,,,0.0022564649581908,,,,,,,,,66.66134822368622,,,,,,,,,0.0401207089424132,,,,,,,,,0.0121030551945281,,,,,,,,,0.9224751243781094,
satimage,16,nn,expected_gradients,na,57.99469566345215,0.0002021074295043,0.0180567741394042,0.0141695976257323,0.0164494514465331,0.0193261146545409,0.0542675256729125,,0.0233913183212279,159.96394114494325,210.561226439476,185.42302486896511,187.791264128685,188.41205697059632,86.79718508720399,186.48740713596345,,81.24467566013337,0.1046383582055568,0.1032234840095042,0.049056202173233,0.0398067310452461,0.04881452023983,0.049056202173233,0.7685409784317017,,0.2273020297288894,0.0492035244754456,0.0370408230764913,0.0050947215229109,0.0055145499126234,0.0058678748180174,0.0050947215229109,1.0416120932471,,0.2769275364527378,0.8148880597014927,0.8435323383084578,0.9103233830845772,0.9262437810945274,0.909452736318408,0.9103233830845772,0.4544776119402984,,0.6746268656716418
satimage,18,nn,expected_gradients,na,,,,,,,,0.0043873071670531,,,,,,,,,98.342760014534,,,,,,,,,0.0320493018254637,,,,,,,,,0.0069989201258754,,,,,,,,,0.9363681592039802,
satimage,32,nn,expected_gradients,na,72.83219716548919,0.0002094507217406,0.0148152112960814,0.0137850522994994,0.0165005922317504,0.0155455589294433,0.0540914058685302,,0.0502028942108153,278.50045053958894,330.1327362060547,305.8565782546997,308.19112997055055,309.1684304237366,144.36901278495787,305.98641402721404,,143.65869760513306,0.0762124508619308,0.0675623357295989,0.0251547161489724,0.0226281940937041,0.0226069279015063,0.0227338381111621,0.7685409784317017,,0.1466702073812484,0.0213174279618876,0.0185571695692609,0.0026569882969744,0.0026554700290893,0.0025609130709558,0.0026955500519262,1.0416120932471,,0.0626231778318058,0.8648258706467662,0.8877611940298508,0.9542039800995024,0.9573258706467662,0.9574502487562192,0.9562313432835822,0.4544776119402984,,0.753358208955224
satimage,36,nn,expected_gradients,na,,,,,,,,0.0032635927200316,,,,,,,,,168.44055638313293,,,,,,,,,0.027909200079739,,,,,,,,,0.0041787038093495,,,,,,,,,0.9443407960199004,
satimage,64,nn,expected_gradients,na,68.52300314903259,0.0002245187759398,0.0145474910736083,0.0137572050094604,0.0220359086990355,0.0194907188415526,0.05768084526062,,0.1007216930389403,411.2549395084381,455.2345048666001,440.02247071266174,442.3942906141281,441.9556065797806,230.30878129005433,441.2654317617416,,230.47147777080536,0.0634298685938119,0.0508250970393418,0.0210589351132511,0.0189650066196918,0.0188611652702092,0.0180721092037856,0.7685409784317017,,0.1216517612338065,0.0150188783685197,0.0079900265013847,0.00139974319799,0.0013996987684551,0.0012728318299929,0.0014443978537746,1.0416120932471,,0.0537158329484569,0.8920024875621891,0.91455223880597,0.9623134328358208,0.9649626865671642,0.9663930348258708,0.9667164179104478,0.4544776119402984,,0.7848258706467661
satimage,72,nn,expected_gradients,na,,,,,,,,0.0046797990798949,,,,,,,,,269.00904765129087,,,,,,,,,0.0234768521972,,,,,,,,,0.0024078207502576,,,,,,,,,0.9563805970149254,
satimage,128,nn,expected_gradients,na,72.38535516262054,0.0002424716949462,0.017858862876892,0.0145563840866088,0.0167369604110717,0.036624240875244,0.0554280042648315,,0.1818851470947265,656.3264836549758,688.1353860378265,681.426794886589,678.6660447597503,680.9520747423172,415.5219415426254,682.451713681221,,420.5181495666504,0.0429157773032784,0.0304765416309236,0.0179086339659988,0.0171140517108141,0.0180578530766069,0.017451540660113,0.7685409784317017,,0.1081034690141677,0.0074054935362988,0.0039766316057345,0.0009139641894214,0.0008927488316581,0.0008507164582325,0.0009011308516801,1.0416120932471,,0.0175537105745828,0.9255597014925374,0.9452114427860698,0.9685199004975124,0.969726368159204,0.967176616915423,0.9693656716417912,0.4544776119402984,,0.8313432835820895
satimage,144,nn,expected_gradients,na,,,,,,,,0.0035165309906005,,,,,,,,,508.66113889217377,,,,,,,,,0.021241823490709,,,,,,,,,0.0017929883706752,,,,,,,,,0.962636815920398,
spambase,2,nn,expected_gradients,na,,,,,,,,0.0014419555664062,,,,,,,,,28.4889785528183,,,,,,,,,0.068454173952341,,,,,,,,,0.19390744328895,,,,,,,,,0.5879489516864175,
spambase,4,nn,expected_gradients,na,,,,,,,,0.0013706684112548,,,,,,,,,28.60681312084198,,,,,,,,,0.056594457104802,,,,,,,,,0.1181232513256486,,,,,,,,,0.6421877848678214,
spambase,8,nn,expected_gradients,na,21.20145606994629,0.0003334522247313,0.016502547264099,0.0162576913833617,0.0213746786117553,0.02287859916687,0.0958518505096435,0.0016822576522826,0.071685242652893,67.70356497764587,93.89072251319884,81.61117296218872,82.17030727863312,82.95112619400024,60.03034961223602,81.91709711551667,34.88905951976776,33.56981146335602,0.0744038928300141,0.0659869048744439,0.0342856124043464,0.0354192182421684,0.0414570532739162,0.0382133834064006,0.1472132951021194,0.0469994112849235,0.0597157925367355,0.0974403622956285,0.0730280618322992,0.0411324342962066,0.0422836979137218,0.0428231246343515,0.0433512772300147,1.310301770057707,0.0533725066192896,0.1009613786397422,0.5658158614402916,0.5731631722880584,0.6643573381950775,0.6034639927073838,0.6625341841385597,0.6415679124886053,0.307383773928897,0.6741476754785779,0.6780309936189608
spambase,16,nn,expected_gradients,na,24.104879689216613,0.0003079652786254,0.0174902439117431,0.016016936302185,0.0220623016357421,0.0201431035995482,0.0951344490051269,0.0015867948532104,0.250690484046936,107.42019505500794,136.36080577373505,122.24950959682464,123.52180907726289,124.34472570419312,93.72043480873108,123.32250072956086,60.70464053153992,57.55701096057892,0.064870436862111,0.0519847270101308,0.0389342233538627,0.0287616793066263,0.0283357799053192,0.0409713685512542,0.1472132951021194,0.0437109269201754,0.0580104440450668,0.0676170638082451,0.0356821314886596,0.019646389960602,0.0189346162524292,0.0191100412085514,0.019473215658939,1.310301770057707,0.0258444985895101,0.0785950343196812,0.6352597994530538,0.606472196900638,0.8654512306289879,0.6958979033728349,0.7305378304466726,0.8370100273473108,0.307383773928897,0.6741841385597083,0.6652689152233363
spambase,32,nn,expected_gradients,na,22.725352144241334,0.0002289056777953,0.0166616439819335,0.0207956790924071,0.0240912199020385,0.0696691036224364,0.0963774919509887,0.0019339561462401,0.0818367958068847,187.9219872713089,222.72128081321716,203.74934420585632,205.4197774410248,208.31144030094143,163.15271747112274,205.5862520456314,97.4378654718399,97.08839378356932,0.0516305610537528,0.0381008185446262,0.0252725122496485,0.0228792943060397,0.0249372536316513,0.0267158141359686,0.1472132951021194,0.0362990813329815,0.0436497628688812,0.0474485128615799,0.0218730318977663,0.008238632479452,0.008454745510135,0.0086398703483413,0.008298424130821,1.310301770057707,0.0135253917700546,0.0442656809176261,0.6232452142206016,0.6688787602552415,0.8662169553327255,0.8542570647219689,0.8490063810391977,0.849845031905196,0.307383773928897,0.7057976298997265,0.6913400182315405
spambase,64,nn,expected_gradients,na,24.318084788322448,0.000251007080078,0.021999430656433,0.0154677629470824,0.0229798078536987,0.0221214056015014,0.0962917089462279,0.0017537117004394,0.1567094087600707,279.2001250505447,310.1476190805435,300.19411725997924,301.0509383678436,299.3966856241226,258.5298427820206,299.6195336103439,158.1749214887619,157.5268313884735,0.0322340235114097,0.0288857340812682,0.0172568134032189,0.0156804356724023,0.015454477071762,0.0164544304832815,0.1472132951021194,0.0290087616071104,0.0267683640122413,0.0284227892969502,0.0109556914337338,0.0036818384907127,0.0038813169333104,0.0038670476833829,0.003748538457755,1.310301770057707,0.007831741138507,0.0283484492181572,0.7334913400182315,0.744211485870556,0.9031175934366452,0.8432816773017319,0.8467092069279853,0.9182862351868734,0.307383773928897,0.748514129443938,0.7671832269826799
spambase,128,nn,expected_gradients,na,24.384254217147827,0.0002432823181152,0.018927502632141,0.0172993898391723,0.0203403711318969,0.0339802742004394,0.0982690334320068,,0.2729451179504394,443.23103880882263,486.12447798252106,484.387680888176,485.7859782457352,480.47270703315735,485.1040808200836,480.6722099304199,,288.1275276899338,0.0251373969018458,0.0185038949362933,0.0113657571375369,0.0108894911594688,0.0116556207649409,0.0118714089505373,0.2325787171721458,,0.0247389152646064,0.0256950008251949,0.0043156389305809,0.0017949788143644,0.0018802450433741,0.0018534706746608,0.001825558891361,1.0695391652158932,,0.0158236552663736,0.7839927073837739,0.830045578851413,0.853855970829535,0.8450319051959889,0.8317775752051049,0.8410574293527802,0.1831358249772105,,0.7978122151321785
superconductivity,16,nn,expected_gradients,na,552.4573543548584,0.0003034591674804,0.4013600826263427,0.3834063529968261,0.4800814151763916,0.4247119665145874,2.5926470279693605,,0.4095576047897339,308.6944779396057,367.28018684387206,304.2225323200226,312.9793658256531,315.82310609817506,501.6052924871445,305.7464570045471,,509.94100201129913,0.02342876419425,0.0217417024075984,0.0093200718984007,0.0112199103459715,0.0092243924736976,0.0087879905477166,0.0637589916586875,,0.0652290880680084,0.0505115198366365,0.044390212079718,0.0136751033850248,0.0147433887756448,0.0134337617678511,0.0139672522597853,0.5826599565357329,,0.2816979377417156,0.7597851562500001,0.781708984375,0.9021484375,0.8733886718750001,0.903271484375,0.9072753906250002,0.40244140625,,0.6060058593750001
superconductivity,32,nn,expected_gradients,na,656.6854517221451,0.0003270626068115,0.4046714305877685,0.3834379196166992,0.4787515640258789,0.4096107482910156,2.5996225357055662,,0.4810355901718139,510.12333221435546,568.1357127189636,495.63694472312926,506.7227192401886,512.3503990650177,866.8189758300781,498.5654535770416,,888.602147436142,0.0150515158660709,0.0140274111181497,0.008352401293814,0.0078926822170615,0.0065158596262335,0.0071045884862541,0.062782309949398,,0.060260623693466,0.0237479046978265,0.0199133919296995,0.0058982694871736,0.0060779432071271,0.0055795841977986,0.0062007880587795,0.6065822533305683,,0.2542495364240191,0.8411425781250002,0.8369726562500001,0.91123046875,0.909033203125,0.926708984375,0.9162451171875,0.39697265625,,0.635205078125
superconductivity,64,nn,expected_gradients,na,653.0398103237152,0.0003463745117187,0.4123311042785644,0.3910944938659668,0.4830817699432373,0.4281026601791382,2.589599847793579,,0.7047744274139405,795.7686100006104,837.1574963569641,757.7867286682128,769.0963372707367,774.1668236732482,1278.6139594078063,760.0724409103393,,1325.6277110099793,0.0119920662604271,0.0111689155921339,0.0049561079591512,0.0049208441749214,0.0042487152386456,0.0048434635624289,0.062782309949398,,0.0482901930809021,0.013003911710415,0.0131143995627388,0.0025177435938672,0.0025517541479952,0.0023214626636612,0.0024930497468618,0.6065822533305684,,0.1619814867601214,0.8731884765625001,0.8808886718750001,0.941123046875,0.944609375,0.951201171875,0.94470703125,0.39697265625,,0.6761230468749999
superconductivity,128,nn,expected_gradients,na,643.5678907871246,0.0003296852111816,0.4036367893218994,0.3870793342590332,0.4828142642974853,0.4174752473831177,2.594997930526733,,1.5272232294082642,1459.0484554290772,1572.9715054512023,1351.8678134441377,1370.9774754047394,1378.2782868385316,2054.8226811647414,1363.776448917389,,2155.440594005585,0.0079286659136413,0.0075516643933951,0.0034594295546412,0.0033524193800985,0.0025514600332826,0.003318487224169,0.0768774926662444,,0.0279536861926317,0.0072235503710231,0.006138237130829,0.0010095601511774,0.0010379812148217,0.000926132897657,0.0010903456131187,0.6574062991908084,,0.0553281985566342,0.9090185546875,0.911259765625,0.961806640625,0.961943359375,0.972705078125,0.961513671875,0.379580078125,,0.77939453125
superconductivity,256,nn,expected_gradients,na,609.4539846897126,0.0002726078033446,0.4101167678833007,0.3956417083740234,0.4858179569244384,0.4195196866989136,2.598233127593994,,2.3342051267623902,2241.997046041489,2180.556234121322,2056.190718078614,2075.0829430103304,2089.963124084473,2787.9681205272673,2069.995087957382,,2969.3465149879457,0.006192147778347,0.0049269784241914,0.0025990544818341,0.0026348350569605,0.0021189543418585,0.0025183436460792,0.0769499778747558,,0.0182045549154281,0.0041531954682738,0.0023840740708326,0.0004946232790597,0.0004867586060911,0.0004524333945113,0.000485914559325,0.6548431718025667,,0.0234870739592465,0.92587890625,0.93494140625,0.97087890625,0.970205078125,0.979267578125,0.97310546875,0.380400390625,,0.8345214843750002
texture,8,nn,expected_gradients,na,64.29038228988648,0.0002565145492553,0.0200135231018066,0.0187484741210937,0.0214491605758666,0.0361033916473388,0.0625102281570434,,0.0164583683013915,42.94296383857727,79.87437314987183,65.74570024013519,67.47907972335815,68.93863334655762,45.58236465454102,65.89791195392608,,42.14133563041687,0.2652385249733924,0.3231777504086494,0.0914120227098465,0.0687511712312698,0.1035090759396553,0.0650975778698921,1.6726062297821045,,1.0743918418884275,0.0704989301729152,0.0779307105692521,0.0132881821321285,0.013873872120081,0.013879273220719,0.0114947572224011,1.1148451777482211,,0.4906920477167289,0.7816023306627822,0.7592279679533867,0.92367079388201,0.9353241077931536,0.9169701383831028,0.9405680990531682,0.4487982520029133,,0.54639475600874
texture,11,nn,expected_gradients,na,,,,,,,,0.0062129259109496,,,,,,,,,58.6463969707489,,,,,,,,,0.1033623009920119,,,,,,,,,0.0173670301159494,,,,,,,,,0.91551347414421,
texture,16,nn,expected_gradients,na,58.66167542934418,0.0001998901367187,0.0133673906326293,0.0125511646270751,0.0212446212768554,0.0154134273529052,0.0632109880447387,,0.0646233081817626,69.84407935142517,107.8513854265213,91.35628988742828,92.1189911365509,94.95739362239836,76.21388013362885,92.07695949077606,,69.96110589504242,0.2121702700853347,0.2391737334430217,0.0424360446631908,0.0585784792900084,0.0468625798821449,0.0521520264446735,1.6726062297821045,,1.1257288455963137,0.0473393632624039,0.0442356622868326,0.0039317461203765,0.0043658220452147,0.0041148329171932,0.0043157971711477,1.114845177748221,,0.4803671386495947,0.82884195193008,0.8255935906773489,0.9565914056809904,0.9466860888565184,0.953386744355426,0.9514930808448652,0.4487982520029133,,0.5401310997815004
texture,22,nn,expected_gradients,na,,,,,,,,0.0043311595916747,,,,,,,,,88.75972390174866,,,,,,,,,0.0746769718825816,,,,,,,,,0.0069015304383411,,,,,,,,,0.9357611070648216,
texture,32,nn,expected_gradients,na,66.64709959030151,0.0005242586135863,0.0171195983886718,0.0154618740081786,0.0172174930572509,0.0176482677459716,0.0664521455764769,,0.1729422807693481,122.23459794521332,166.9986078262329,148.70661549568177,149.5788447856903,151.33176674842835,132.22600376605988,147.0867244243622,,121.30308504104616,0.1828774705529212,0.1681580685079097,0.0354730265215038,0.0346905630081891,0.0351730117574333,0.0359554674476384,1.6726062297821045,,1.0960698127746582,0.024144982789497,0.0198610502580809,0.0019026724263207,0.0018695228879438,0.0016919864897883,0.0018320736603465,1.114845177748221,,0.4240218162991439,0.8654333576110707,0.8685506190823015,0.967181354697742,0.967822286962855,0.9654916241806262,0.9663801893663512,0.4487982520029133,,0.558339402767662
texture,44,nn,expected_gradients,na,,,,,,,,0.005200433731079,,,,,,,,,162.02581436634063,,,,,,,,,0.0574297416955232,,,,,,,,,0.002754198788596,,,,,,,,,0.9508667152221412,
texture,64,nn,expected_gradients,na,60.064991450309755,0.0002204656600951,0.0177230834960936,0.0147520303726195,0.017853021621704,0.0262294769287108,0.0666217565536498,,0.1376661777496337,195.59656970500947,255.2050704240799,231.2304538488388,233.7813689470291,234.06050963401793,216.2167712688446,230.5589916944504,,193.8275683879852,0.1153054483234881,0.1220590099692344,0.0265761625021695,0.0240660278126596,0.0264492547139525,0.0239708676934241,1.8572288513183597,,1.005708932876587,0.0114213873103715,0.0113126336089442,0.0009336642053272,0.0008882190836558,0.0008914784334744,0.0009606719979847,1.1543335336710625,,0.3695308211244099,0.9065258557902404,0.9027676620538966,0.9747851420247632,0.9765331391114348,0.9751493080844864,0.9761835396941004,0.4442243262927895,,0.5699927166788056
texture,88,nn,expected_gradients,na,,,,,,,,0.0036726713180541,,,,,,,,,271.1050913333893,,,,,,,,,0.0340604428201913,,,,,,,,,0.0011591434738829,,,,,,,,,0.9692206846321924,
texture,128,nn,expected_gradients,na,63.91684367656707,0.0008202791213988,0.0204770565032958,0.0144917726516723,0.0215593099594115,0.0221029996871947,0.0611331462860106,,0.189304494857788,355.3047268152237,446.9406727552414,414.9808254003525,419.08816585540774,420.335320186615,394.21019849777224,415.03264036178587,,352.57486510276794,0.0953996345400809,0.0776670761406421,0.0225571399554609,0.0214437140151857,0.0229043826460837,0.0228462375700473,2.595719337463379,,0.8057059049606323,0.0064361282800856,0.005237593510036,0.0005938766714417,0.0005922299956437,0.0005945436819688,0.0005981218620797,1.3122869573624285,,0.2068529004143763,0.9216168973051712,0.9363437727603788,0.9774362709395484,0.9785724690458848,0.9775819373634376,0.9776839038601602,0.4259286234522942,,0.6163146394756008
texture,176,nn,expected_gradients,na,,,,,,,,0.0031583070755004,,,,,,,,,429.905069231987,,,,,,,,,0.0336401039734482,,,,,,,,,0.0010270963126625,,,,,,,,,0.9700218499635834,
video_transcoding,32,nn,sage,permutation,371.4556813955307,0.0002015352249145,5.236068344116211,5.448839569091797,6.428508567810058,5.5100010395050045,10.335880994796751,,0.2435239076614379,10.219911670684814,7.744490647315979,8.113568449020386,7.418514728546143,8.366641783714295,6.7170937061309814,4.183102250099182,,1.9095987558364869,0.0086591461400577,0.0112077881107285,0.0036415734953808,0.0034498227489914,0.0029845121408962,0.0027963079731123,0.1569982007035149,,0.2047883441335435,0.0247009698255558,0.0254578509269687,0.0036950453254481,0.0036602716345289,0.0040053805977018,0.004148450081003,1.065606011254575,,0.131080730553995,0.8400000000000001,0.8800000000000001,0.8800000000000001,0.86,0.96,0.92,0.28,,0.6
video_transcoding,32,nn,shap,kernel,,0.000254201889038,5.644227695465088,5.3981273651123045,6.545060467720032,5.58788378238678,10.400412774085998,,0.2117224216461181,,722.9359963893891,762.3126107931137,759.389277100563,741.9397702693939,502.9938348054886,752.7289125204086,,563.9998028755188,,0.0289796268641333,0.0114173980051582,0.009156050442636,0.0126308347943499,0.0091073387737062,0.1227181582682436,,0.1229639438538212,,0.0254578509269687,0.0036950453254481,0.0036602716345289,0.0040053805977018,0.004148450081003,1.065606011254575,,0.131080730553995,,0.8525,0.93125,0.9435302734375,0.927138671875,0.9388720703125,0.515029296875,,0.760498046875
video_transcoding,32,nn,shapiq,kernel,,,,,,5.642474889755249,,,,,,,,,4822.0622830152515,,,,,,,,,0.0067763483893572,,,,,,,,,0.004148450081003,,,,,,,,,0.8645410156250002,,,
video_transcoding,32,xgb,sage,permutation,366.5291208982468,0.0001833677291869,4.958555150032043,4.7742486000061035,6.34756486415863,5.546994066238403,10.000697135925291,,0.2591211557388305,10.930565142631531,10.741038966178897,10.09342200756073,10.130431056022644,10.070765709877014,10.02624807357788,12.123426938056946,,3.3383181571960447,0.0049478684673669,0.0062902062188306,0.002219579044814,0.0024624950819827,0.0020768720755375,0.0015836436153029,0.0226376877749617,,0.1341190515367313,0.0247009698255558,0.0254578509269687,0.0036950453254481,0.0036602716345289,0.0040053805977018,0.0042801422304754,1.065606011254575,,0.131080730553995,0.92,0.92,1.0,1.0,1.0,1.0,0.6,,0.52
video_transcoding,32,xgb,shap,kernel,,0.0001688480377196,5.197444415092468,5.026455736160278,6.476051020622253,5.419496965408325,10.271726512908936,,0.2253084421157836,,1323.4153844594955,1247.0763998270036,1259.5807256937028,1268.334263896942,1428.3950623750686,1265.2857100725173,,1275.5104599237443,,0.0226138866708028,0.0113532048851294,0.0086478947431785,0.0105603999265942,0.0104395640345319,0.0616444342000398,,0.1000382374318529,,0.0254578509269687,0.0036950453254481,0.0036602716345289,0.0040053805977018,0.0042801422304754,1.065606011254575,,0.131080730553995,,0.8620947265625001,0.9003125000000001,0.9077978515625,0.9279931640625,0.9184912109375,0.623544921875,,0.8189306640625
video_transcoding,32,xgb,shapiq,kernel,,,,,,5.323204088211059,,,,,,,,,6611.278668785095,,,,,,,,,0.0044729211699431,,,,,,,,,0.0042801422304754,,,,,,,,,0.8531689453125001,,,
video_transcoding,64,nn,sage,permutation,347.4788602828979,0.0002068519592284,5.188879370689392,4.924276304244995,6.4446662902832035,5.517121529579162,10.49328305721283,,0.483615231513977,12.946273469924927,15.742964959144592,14.19896297454834,14.522069144248963,13.891503477096558,12.805763864517212,8.794609451293946,,3.6153993606567383,0.0079231400169196,0.0055273586575207,0.003086371290223,0.0028148522126231,0.0033873436998337,0.003003940767566,0.1512084196678023,,0.0880350028219381,0.0115894032628419,0.0110426178585384,0.0012065246010386,0.0012201947168583,0.0012107128488767,0.0012526054267496,1.0422914657817337,,0.0644583891360286,0.9,0.94,0.98,0.92,0.92,1.0,0.24,,0.8
video_transcoding,64,nn,shap,kernel,,0.0002638578414916,5.372785592079163,5.198689007759095,6.602565717697144,5.404535937309265,10.430069303512573,,0.427549934387207,,1423.932456946373,1538.4980219602585,1512.9322619199752,1498.2990608453752,1044.389944410324,1493.3177510499954,,1172.2550078392028,,0.0185768262382827,0.0080151708790853,0.0076114677251462,0.007863131086192,0.008619625049424,0.1250565509070157,,0.0793402603846449,,0.0110426178585384,0.0012065246010386,0.0012201947168583,0.0012107128488767,0.0012526054267496,1.0422914657817337,,0.0644583891360286,,0.8951611328125001,0.9495654296875,0.953193359375,0.9514306640625,0.95140625,0.5299072265625,,0.802744140625
video_transcoding,64,nn,shapiq,kernel,,,,,,5.5783576488494875,,,,,,,,,8494.493844652176,,,,,,,,,0.0059363487036623,,,,,,,,,0.0012526054267496,,,,,,,,,0.8982080078125001,,,
video_transcoding,64,xgb,sage,permutation,343.1985872268677,0.0001949071884154,4.963613271713257,4.930536460876465,6.2193766117095945,5.508999752998352,10.172241759300231,,0.5119738340377807,18.892606616020203,21.158390593528747,19.386164665222168,21.51980185508728,19.581818771362304,20.229457473754884,23.730182695388795,,6.3253954410552975,0.0036197775313918,0.0029394400982276,0.0023302057482927,0.0015360940466341,0.0021510063022297,0.0018624143120218,0.0185661987170678,,0.0519467330183724,0.0115894032628419,0.0110426178585384,0.0012065246010386,0.0012201947168583,0.0012107128488767,0.0013003545956944,1.0422914657817337,,0.0644583891360286,1.0,1.0,1.0,1.0,1.0,1.0,0.6,,0.76
video_transcoding,64,xgb,shap,kernel,,0.0001867771148681,5.2180973291397095,5.018405270576477,6.479595112800598,5.447735261917114,10.267591261863709,,0.4500800371170044,,2500.9199590682983,2342.6884095191954,2359.793315505982,2366.723764491081,2671.519422483444,2364.954264688492,,2385.529526758194,,0.0143516223165121,0.0062993327467232,0.0056645383436377,0.0060239155793246,0.0084242032576831,0.0622332161550494,,0.0638272923192486,,0.0110426178585384,0.0012065246010386,0.0012201947168583,0.0012107128488767,0.0013003545956944,1.0422914657817337,,0.0644583891360286,,0.89736328125,0.93732421875,0.9443505859375,0.9505078125,0.9267626953125,0.630048828125,,0.84517578125
video_transcoding,64,xgb,shapiq,kernel,,,,,,5.531441950798035,,,,,,,,,12152.865710282324,,,,,,,,,0.0036976693980466,,,,,,,,,0.0013003545956944,,,,,,,,,0.8726611328125001,,,
video_transcoding,128,nn,sage,permutation,354.74838213920594,0.0002144098281859,5.195622372627258,4.999390864372254,6.455343842506409,5.535372686386109,10.20236110687256,,0.9545215129852296,22.86794440746307,33.61205790042877,28.316238808631898,28.472424578666686,28.832759618759155,26.587201833724976,18.3974285364151,,13.65547902584076,0.0061211257733475,0.0050023409988037,0.0033933435009096,0.0030504954604237,0.0031338490596154,0.0026496741294458,0.1550374309195766,,0.04252115596553,0.0063180269518264,0.0055844916525771,0.0004535683308234,0.0004371926719718,0.0003879880700201,0.0004439363121779,1.0538266682058404,,0.0330413866425245,0.92,0.86,0.96,0.9,0.96,0.92,0.28,,0.8
video_transcoding,128,nn,shap,kernel,,0.000255274772644,5.423437762260437,5.183364725112915,6.645157885551453,5.562503790855407,10.411562657356262,,0.8219704389572143,,2773.7389040470125,2968.790059542656,2950.21633617878,2939.624128556251,1907.629790353775,2942.9691737413405,,2196.2413005113604,,0.0150084938128011,0.0067714283260093,0.0067482786907716,0.0066332392961721,0.0067783165161644,0.1238590685807643,,0.0541236976085653,,0.0055844916525771,0.0004535683308234,0.0004371926719718,0.0003879880700201,0.0004439363121779,1.0538266682058404,,0.0330413866425245,,0.920546875,0.9588134765625,0.9603662109375,0.9602685546875,0.95982421875,0.522578125,,0.8286621093750002
video_transcoding,128,nn,shapiq,kernel,,,,,,5.4650733947753904,,,,,,,,,15763.638491868973,,,,,,,,,0.0049876232105821,,,,,,,,,0.0004439363121779,,,,,,,,,0.9232177734375,,,
video_transcoding,128,xgb,sage,permutation,349.3784896850586,0.0002641201019286,5.001372170448303,4.795933961868286,6.223300170898438,5.546287083625794,10.005923295021056,,1.0778234004974363,35.60017740726471,36.236781406402585,36.72088494300842,37.384459829330446,36.992437672615054,36.27130553722382,45.35857059955597,,19.408220410346985,0.0024643930511806,0.0022910760607567,0.0019481797174218,0.0017981864296002,0.0018184466860252,0.0016093522901621,0.0201229989777829,,0.0223368523827498,0.0063180269518264,0.0055844916525771,0.0004535683308234,0.0004371926719718,0.0003879880700201,0.0004904606500571,1.0538266682058404,,0.0330413866425245,0.98,0.96,1.0,1.0,1.0,1.0,0.6,,0.8
video_transcoding,128,xgb,shap,kernel,,0.0001865625381469,5.20169882774353,5.018165898323059,6.475859546661377,5.372982525825501,10.273522996902466,,0.8469147205352783,,4829.252047634125,4527.590038847923,4530.007699894905,4571.584953689575,5169.32839820385,4573.44077732563,,4640.024269080162,,0.011814412053701,0.0047991097651805,0.0049515122321236,0.0046443227278865,0.0052309889064154,0.0618317902604993,,0.0417748700637779,,0.0055844916525771,0.0004535683308234,0.0004371926719718,0.0003879880700201,0.0004904606500571,1.0538266682058404,,0.0330413866425245,,0.9192578125,0.955498046875,0.9557080078125,0.956806640625,0.9540234375,0.6262353515625,,0.8514941406250001
video_transcoding,128,xgb,shapiq,kernel,,,,,,5.488823747634887,,,,,,,,,22973.250741577147,,,,,,,,,0.0030445721634626,,,,,,,,,0.0004904606500571,,,,,,,,,0.9208349609375,,,
video_transcoding,256,nn,sage,permutation,364.9618138074875,0.0002050161361693,5.388458800315857,4.99985818862915,6.524604868888855,5.428112936019898,10.186731219291689,,1.8599868059158324,38.48935616016388,64.25155317783356,58.83824725151062,57.540974259376526,61.54402356147766,50.53357644081116,39.35629749298096,,33.64969444274902,0.0035859719973631,0.0044554065218439,0.0029593234680479,0.0030681872604997,0.0027896727331834,0.0027410498507108,0.1528757001355258,,0.0265642177564419,0.0034458684867715,0.0027825690622845,0.0001704469593446,0.0001593104512272,0.0001388509965881,0.0001803262436885,1.0480285494157082,,0.0252671844825533,0.9,0.9,0.96,0.96,0.96,0.96,0.26,,0.94
video_transcoding,256,nn,shap,kernel,,0.0002232074737548,5.428809237480164,5.113251805305481,6.8850141048431395,5.5178450584411625,10.472976422309875,,1.5879977226257325,,5492.52078397274,5817.441206789017,5762.120227146149,5810.828524756432,3629.649491095543,5781.649766564369,,4252.01596364975,,0.0120918109729529,0.0060219547482363,0.006144377872054,0.0059516359533128,0.0060209670236146,0.1244148788036751,,0.0425787920894972,,0.0027825690622845,0.0001704469593446,0.0001593104512272,0.0001388509965881,0.0001803262436885,1.0480285494157082,,0.0252671844825533,,0.9349462890625,0.964892578125,0.96484375,0.966083984375,0.9647314453125,0.5258251953124999,,0.8428662109375
video_transcoding,256,nn,shapiq,kernel,,,,,,5.462845349311829,,,,,,,,,30186.851475906373,,,,,,,,,0.0046800506406452,,,,,,,,,0.0001803262436885,,,,,,,,,0.9372119140625,,,
video_transcoding,256,xgb,sage,permutation,359.4721170425415,0.0001854896545409,5.056490421295166,4.791348814964294,6.297808504104614,5.519422197341919,10.01385955810547,,1.831996703147888,69.18040401935578,73.786878490448,71.80338265895844,73.77507748603821,70.3671136856079,74.6871762752533,93.66995074748992,,46.57998740673065,0.0025483419984784,0.0019824662430376,0.0017637377982194,0.0017320753326309,0.0015227119884277,0.0016520362804353,0.0193218006673708,,0.0112586921700378,0.0034458684867715,0.0027825690622845,0.0001704469593446,0.0001593104512272,0.0001388509965881,0.000178433985058,1.0480285494157082,,0.0252671844825533,0.94,1.0,1.0,1.0,1.0,1.0,0.6,,0.8
video_transcoding,256,xgb,shap,kernel,,0.0002138137817382,5.218806982040405,5.0180443048477175,6.494890522956848,5.297805571556092,10.276505589485168,,1.758937168121338,,9312.572493696212,8922.524722218513,8922.962455224992,8944.220047736168,10098.04415037632,8983.516886806488,,9182.645256710051,,0.0085900281319961,0.0040619355284678,0.0039563019004316,0.0038651370295679,0.0038842850089842,0.0619983659191462,,0.030966192537949,,0.0027825690622845,0.0001704469593446,0.0001593104512272,0.0001388509965881,0.000178433985058,1.0480285494157082,,0.0252671844825533,,0.9398291015625,0.962158203125,0.9640283203125,0.965625,0.9644384765625,0.6284033203124999,,0.8824267578125001
video_transcoding,256,xgb,shapiq,kernel,,,,,,5.470501518249511,,,,,,,,,44279.80675947666,,,,,,,,,0.0026812322591267,,,,,,,,,0.000178433985058,,,,,,,,,0.9447021484375,,,
video_transcoding,512,nn,sage,permutation,338.5457228660583,0.0004238128662108,5.73010036945343,5.043562197685242,6.486851835250855,5.4165400743484495,10.238483572006226,,3.591826319694519,69.65148410797119,130.77525560855867,119.03049120903016,115.43389909267424,124.4400830745697,95.24285185337068,79.2806443452835,,63.23933732509613,0.0040976003539294,0.0034379647134566,0.0029882437501565,0.002890268726263,0.0030876027611953,0.003378269897944,0.1530453196755837,,0.0197336141273098,0.0017624219321032,0.0012526109053483,8.03284583760222e-05,7.260177844296001e-05,6.765171375580081e-05,8.248745042632732e-05,1.050919979416255,,0.0228295222035345,0.98,0.92,0.92,0.98,0.94,1.0,0.28,,0.9
video_transcoding,512,nn,shap,kernel,,0.0002226829528808,5.400816035270691,5.122976279258728,6.757304954528808,5.556360459327697,10.598103308677674,,3.1676265478134153,,10003.785246229172,11404.86056587696,11248.34868183136,11364.416712856291,7041.36849386692,11377.897711849211,,8316.660935544967,,0.0080499749209215,0.0057500600032348,0.0057597594092135,0.0057574875077393,0.0055521697108348,0.1241248883168539,,0.0355928215192553,,0.0012526109053483,8.03284583760222e-05,7.260177844296001e-05,6.765171375580081e-05,8.248745042632732e-05,1.050919979416255,,0.0228295222035345,,0.95248046875,0.9671337890625,0.9670849609375,0.967783203125,0.9697412109375,0.5244091796875,,0.8601171875
video_transcoding,512,nn,shapiq,kernel,,,,,,5.493828845024109,,,,,,,,,59364.07527356148,,,,,,,,,0.0045467415610106,,,,,,,,,8.248745042632732e-05,,,,,,,,,0.9446533203125,,,
video_transcoding,512,xgb,sage,permutation,334.3662070512772,0.0002556324005126,4.992591166496277,4.812895035743713,6.395625042915344,5.547984838485718,10.026181602478028,,4.280355381965637,132.68409616947173,140.26090803146363,139.20966045856477,142.54857821464535,139.734921169281,144.1066422939301,183.55753631591796,,91.70046749114992,0.0026677980338494,0.0021915160195729,0.0020214531073861,0.0016191736161737,0.0020028925448335,0.0021528748809608,0.0195689642224517,,0.0085167540893746,0.0017624219321032,0.0012526109053483,8.03284583760222e-05,7.260177844296001e-05,6.765171375580081e-05,8.291367977283359e-05,1.050919979416255,,0.0228295222035345,1.0,1.0,1.0,1.0,1.0,1.0,0.6,,0.8400000000000001
video_transcoding,512,xgb,shap,kernel,,0.000202441215515,5.228163933753967,5.036373209953308,6.4915276050567625,5.442752552032471,10.285601615905762,,3.2464529275894165,,18470.49697897434,17760.52601065636,17732.643599152565,17728.651108574868,20025.520689725876,17800.49144332409,,18010.076800990104,,0.0056727272140526,0.0036540343956007,0.0036235039978497,0.0036344257535307,0.0034124694019071,0.061910053647725,,0.0255344455773598,,0.0012526109053483,8.03284583760222e-05,7.260177844296001e-05,6.765171375580081e-05,8.291367977283359e-05,1.050919979416255,,0.0228295222035345,,0.9532568359375,0.9667333984375,0.9666748046875,0.96837890625,0.9687109375,0.6275732421875,,0.8965136718750001
video_transcoding,512,xgb,shapiq,kernel,,,,,,5.759274363517761,,,,,,,,,86587.75621943474,,,,,,,,,0.00254909596478,,,,,,,,,8.291367977283359e-05,,,,,,,,,0.9535595703125,,,
wall-robot-navigation,6,nn,sage,permutation,,,,,,,,0.0018172025680541,,,,,,,,,0.99904465675354,,,,,,,,,0.0218044031719913,,,,,,,,,0.1044349662808407,,,,,,,,,0.4800000000000001,
wall-robot-navigation,6,nn,shap,kernel,,,,,,,,0.0018290758132934,,,,,,,,,93.55089845657348,,,,,,,,,0.0136675240962902,,,,,,,,,0.1044349662808407,,,,,,,,,0.7569794721407623,
wall-robot-navigation,6,nn,shapiq,kernel,,,,,,,,0.0018514871597289,,,,,,,,,649.5068065643311,,,,,,,,,0.0065394801692652,,,,,,,,,0.1044349662808407,,,,,,,,,0.4385190615835777,
wall-robot-navigation,6,xgb,sage,permutation,,,,,,,,0.0018863677978515,,,,,,,,,1.0174647569656372,,,,,,,,,0.025365867916634,,,,,,,,,0.1075120722007254,,,,,,,,,0.76,
wall-robot-navigation,6,xgb,shap,kernel,,,,,,,,0.00189950466156,,,,,,,,,157.89850192070008,,,,,,,,,0.0106349215344145,,,,,,,,,0.1075120722007254,,,,,,,,,0.6719501466275659,
wall-robot-navigation,6,xgb,shapiq,kernel,,,,,,,,0.0019256353378295,,,,,,,,,833.0610419273377,,,,,,,,,0.0016819082676372,,,,,,,,,0.1075120722007254,,,,,,,,,0.6539296187683284,
wall-robot-navigation,8,nn,sage,permutation,40.38770298957824,0.0002081871032714,0.0128427028656005,0.01608407497406,0.016073727607727,0.0115576028823852,0.0577650308609008,,0.0125013828277587,1.0272082567214966,0.910539436340332,1.7191382884979247,0.838927936553955,0.8868610858917236,0.9403967142105104,0.8558614492416382,,1.010221815109253,0.0254247587102619,0.0243479555067243,0.0176002231889295,0.0179715097923634,0.0165654501317409,0.0147158861218854,0.0791999270560011,,0.0789805706732174,0.104782256086526,0.1036109400492284,0.0515264699994823,0.0541837482632264,0.0474548692067639,0.0468573302209188,0.5919648192394781,,0.1122224107227749,0.5800000000000001,0.62,0.6,0.8,0.8,0.96,0.2,,0.4
wall-robot-navigation,8,nn,shap,kernel,39.57533345222473,0.0002060413360595,0.0116394996643065,0.0108073711395263,0.015229845046997,0.0125499248504638,0.0528604507446288,,0.0098684549331664,98.11764755249024,110.64208340644836,113.98702244758606,112.91484401226045,114.86051149368286,89.7319990158081,110.3797777414322,,101.42162239551544,0.0177141648313219,0.0162678645509992,0.0124402022809202,0.0142573674145185,0.0122129987303197,0.0092007053453453,0.0371598444200726,,0.0201879079580112,0.104782256086526,0.1036109400492284,0.0515264699994823,0.0541837482632264,0.0474548692067639,0.0468573302209188,0.5919648192394781,,0.1122224107227749,0.7024926686217008,0.7055131964809382,0.8028885630498532,0.7478885630498533,0.7783577712609969,0.8280645161290323,0.4486803519061583,,0.7215102639296187
wall-robot-navigation,8,nn,shapiq,kernel,39.88079845905304,0.0002144813537597,0.0166844129562377,0.0133003473281859,0.023010230064392,0.0122604131698608,0.0683672189712523,,0.0127996444702147,688.343539404869,743.6035173177719,749.9927353143692,747.8628199100494,746.6181595563888,751.1686235666275,748.8007918119431,,673.298095703125,0.0066189601707649,0.0062287612457858,0.0068004689550289,0.0062298201872942,0.0062891784246364,0.0060503327580749,0.0114685084852875,,0.0066843142949084,0.104782256086526,0.1036109400492284,0.0515264699994823,0.0541837482632264,0.0474548692067639,0.0468573302209188,0.5919648192394781,,0.1122224107227749,0.3617448680351905,0.4071994134897361,0.376217008797654,0.4473020527859237,0.4399120234604106,0.4489296187683284,0.1308357771260996,,0.4188269794721407
wall-robot-navigation,8,xgb,sage,permutation,41.94355878829956,0.0001828908920287,0.0128812313079833,0.0108283519744872,0.0145331859588622,0.0137493133544921,0.058143138885498,,0.0088829040527343,1.184999203681946,0.9691210508346556,1.1735065937042235,0.9953433752059936,0.9783950805664062,1.101086711883545,0.9437198877334596,,1.1180427074432373,0.0523781818654934,0.0237194141343202,0.0168368820193339,0.0101040125116849,0.0129010408015832,0.0089224311924898,0.0364951141725225,,0.1448604692215972,0.104782256086526,0.1036109400492284,0.0515264699994823,0.0541837482632264,0.0474548692067639,0.0518664683997415,0.5919648192394781,,0.1122224107227749,0.7,0.78,0.8,0.86,0.8,1.0,0.8,,0.6
wall-robot-navigation,8,xgb,shap,kernel,41.12543432712555,0.0002640485763549,0.0111984968185424,0.0117421388626097,0.0162357568740844,0.0231028079986571,0.0506219863891601,,0.0094783782958983,197.6770135641098,197.3016833305359,188.19961774349213,187.64019474983215,188.65626454353333,220.7947503566742,188.1985693693161,,205.28270189762117,0.0149094546808905,0.0113625243732173,0.0127488239055576,0.010846742090111,0.0080101106211785,0.0108473269968965,0.0185488437476402,,0.0202976178064426,0.104782256086526,0.1036109400492284,0.0515264699994823,0.0541837482632264,0.0474548692067639,0.0518664683997415,0.5919648192394781,,0.1122224107227749,0.7522287390029325,0.7709530791788856,0.7834604105571847,0.7549706744868034,0.7215249266862169,0.7180645161290322,0.6533870967741935,,0.5326539589442816
wall-robot-navigation,8,xgb,shapiq,kernel,40.675946831703186,0.0002500772476195,0.0258003711700439,0.0133473634719848,0.0287967205047606,0.03185076713562,0.066212248802185,,0.016862392425537,951.1802543878556,883.3484993696213,966.1835436344148,956.4872492551804,951.7901733636857,1011.088317847252,965.1284178972244,,888.4690230131149,0.0016719152726995,0.0014425214988608,0.0015078772923888,0.0013586639565055,0.0014378382073894,0.0012411149128213,0.0026926794695453,,0.0019488866756828,0.104782256086526,0.1036109400492284,0.0515264699994823,0.0541837482632264,0.0474548692067639,0.0518664683997415,0.5919648192394781,,0.1122224107227749,0.5003225806451612,0.5398973607038122,0.521099706744868,0.5133137829912024,0.5222434017595308,0.6104105571847507,0.4149266862170088,,0.6263343108504398
wall-robot-navigation,12,nn,sage,permutation,,,,,,,,0.0018271446228026,,,,,,,,,1.6025331258773805,,,,,,,,,0.0153721005689161,,,,,,,,,0.0432297407893465,,,,,,,,,0.52,
wall-robot-navigation,12,nn,shap,kernel,,,,,,,,0.0018730401992797,,,,,,,,,137.86338884830474,,,,,,,,,0.010428374688896,,,,,,,,,0.0432297407893465,,,,,,,,,0.7950439882697946,
wall-robot-navigation,12,nn,shapiq,kernel,,,,,,,,0.0019411325454711,,,,,,,,,877.8868274927139,,,,,,,,,0.0053939027796093,,,,,,,,,0.0432297407893465,,,,,,,,,0.5104545454545455,
wall-robot-navigation,12,xgb,sage,permutation,,,,,,,,0.0019271850585937,,,,,,,,,1.2100239753723143,,,,,,,,,0.0182208160292361,,,,,,,,,0.0447841130275737,,,,,,,,,0.8200000000000001,
wall-robot-navigation,12,xgb,shap,kernel,,,,,,,,0.0026904582977294,,,,,,,,,248.82342672348025,,,,,,,,,0.0066358149854829,,,,,,,,,0.0447841130275737,,,,,,,,,0.7607184750733137,
wall-robot-navigation,12,xgb,shapiq,kernel,,,,,,,,0.0026581287384032,,,,,,,,,1224.9931653499602,,,,,,,,,0.0013584995922279,,,,,,,,,0.0447841130275737,,,,,,,,,0.6687976539589442,
wall-robot-navigation,16,nn,sage,permutation,45.110908079147336,0.0002041578292846,0.0129090070724486,0.0112961769104003,0.0145832538604735,0.0115654945373534,0.0551705121994018,,0.0232466936111449,1.2098785400390626,1.88714919090271,1.7177924394607544,1.6153085947036745,1.7381815433502197,1.0992188215255738,1.5938254833221437,,1.2803636074066165,0.0142205688617374,0.0175131295123563,0.0062616653292912,0.0051176161227583,0.008566633013099,0.0103787171239777,0.0734813497819468,,0.0313186461990107,0.0575055348557085,0.0545009921705163,0.0220884275347377,0.0220876905281535,0.0240852911962821,0.0228155223247168,0.603114212244088,,0.0691535530906238,0.72,0.66,0.92,0.98,0.78,1.0,0.2,,0.2
wall-robot-navigation,16,nn,shap,kernel,44.27225708961487,0.0001870393753051,0.01269211769104,0.0109023332595824,0.0144139528274535,0.0119386434555053,0.0524911165237426,,0.0208996295928954,134.07904462814332,169.78337988853454,176.48207302093505,175.26743001937865,178.5537847518921,118.45619938373564,171.1775241613388,,140.5034490585327,0.0139510874880974,0.0127946994351134,0.0075194197654509,0.0075412550730748,0.0071933963463958,0.0077341087211454,0.0373529870734183,,0.016186552972052,0.0575055348557085,0.0545009921705163,0.0220884275347377,0.0220876905281535,0.0240852911962821,0.0228155223247168,0.603114212244088,,0.0691535530906238,0.74866568914956,0.7705571847507331,0.8599706744868035,0.8615395894428153,0.8498093841642229,0.8470234604105572,0.4466422287390029,,0.7322727272727272
wall-robot-navigation,16,nn,shapiq,kernel,44.40908653736115,0.0002028703689574,0.0148652791976927,0.0154392957687377,0.0219844579696654,0.0122153759002685,0.0553767442703246,,0.0168258190155028,979.8335232019424,1060.5763449907304,1065.4296386241913,1062.6996868133544,1063.471063733101,1077.6560878515245,1063.4582524776458,,960.8727590084076,0.005636878154865,0.0054373267680617,0.0048145969591173,0.0048896833720952,0.0049751384818433,0.0050302336337149,0.0117195094321674,,0.0059160492600006,0.0575055348557085,0.0545009921705163,0.0220884275347377,0.0220876905281535,0.0240852911962821,0.0228155223247168,0.603114212244088,,0.0691535530906238,0.4304105571847507,0.4887976539589442,0.5880058651026393,0.5665395894428152,0.5425219941348973,0.549574780058651,0.1164516129032257,,0.4474780058651026
wall-robot-navigation,16,xgb,sage,permutation,46.91347184181213,0.0001723527908324,0.0136467695236205,0.0105715036392211,0.0147099256515502,0.0149379730224608,0.0556176185607909,,0.0233646154403686,1.5366426944732663,1.6253991842269897,1.716537857055664,1.752895164489746,1.8568525552749633,1.6573235511779785,1.6332919597625732,,1.620290756225586,0.0197124960633362,0.0183087019026097,0.0149370810566428,0.0092304585983095,0.0099344529702954,0.0159623732534023,0.0374274022250926,,0.0350191573922364,0.0575055348557085,0.0545009921705163,0.0220884275347377,0.0220876905281535,0.0240852911962821,0.0224114554058221,0.603114212244088,,0.0691535530906238,0.82,0.86,0.8,0.98,0.8,0.8,0.8,,0.6599999999999999
wall-robot-navigation,16,xgb,shap,kernel,46.01698110103607,0.0001770257949828,0.0108697652816771,0.0097972869873046,0.0134193181991576,0.0140755653381347,0.0501515865325927,,0.0178524255752562,324.5842397212982,328.49732222557066,308.6123258590698,307.46212935447693,312.15167965888975,361.01348502635955,308.13617792129514,,337.29710443019866,0.0098715877755971,0.0094861183060237,0.0077779714890506,0.0088036012898927,0.0049115152348677,0.0072598140367997,0.0167308784673305,,0.0184906715775538,0.0575055348557085,0.0545009921705163,0.0220884275347377,0.0220876905281535,0.0240852911962821,0.0224114554058221,0.603114212244088,,0.0691535530906238,0.7949706744868035,0.8074486803519061,0.8252199413489736,0.8374633431085045,0.8183284457478006,0.791348973607038,0.656348973607038,,0.6437536656891495
wall-robot-navigation,16,xgb,shapiq,kernel,44.82909796237946,0.000221037864685,0.0129094600677489,0.0130907773971557,0.015813374519348,0.0134743213653564,0.056764531135559,,0.0253428697586059,1479.5273123502732,1374.023288655281,1494.7425158023834,1474.479101228714,1476.9869941473007,1561.109663796425,1490.6340680360795,,1374.9861605405808,0.0014243563799342,0.0011808610700084,0.001218565837872,0.0010753460607522,0.0012492021245875,0.0011440723280061,0.002502489270391,,0.0019711101036009,0.0575055348557085,0.0545009921705163,0.0220884275347377,0.0220876905281535,0.0240852911962821,0.0224114554058221,0.603114212244088,,0.0691535530906238,0.5529032258064516,0.6611876832844574,0.6748533724340176,0.7183137829912023,0.6755571847507331,0.6773313782991202,0.418841642228739,,0.5910410557184751
wall-robot-navigation,24,nn,sage,permutation,,,,,,,,0.0018390417098998,,,,,,,,,2.795674991607666,,,,,,,,,0.0115244248908191,,,,,,,,,0.0210899457063753,,,,,,,,,0.6799999999999999,
wall-robot-navigation,24,nn,shap,kernel,,,,,,,,0.0022084236145019,,,,,,,,,250.8408836841583,,,,,,,,,0.008275745405255,,,,,,,,,0.0210899457063753,,,,,,,,,0.8298973607038123,
wall-robot-navigation,24,nn,shapiq,kernel,,,,,,,,0.0019458532333373,,,,,,,,,1345.3911496400833,,,,,,,,,0.004755970759658,,,,,,,,,0.0210899457063753,,,,,,,,,0.5668768328445747,
wall-robot-navigation,24,xgb,sage,permutation,,,,,,,,0.0019139289855956,,,,,,,,,2.113626003265381,,,,,,,,,0.0147441210642872,,,,,,,,,0.0235975767677394,,,,,,,,,0.8,
wall-robot-navigation,24,xgb,shap,kernel,,,,,,,,0.0026522874832152,,,,,,,,,430.1989800691605,,,,,,,,,0.0057915097369423,,,,,,,,,0.0235975767677394,,,,,,,,,0.826041055718475,
wall-robot-navigation,24,xgb,shapiq,kernel,,,,,,,,0.0024642229080199,,,,,,,,,2001.585889172554,,,,,,,,,0.0012865929001194,,,,,,,,,0.0235975767677394,,,,,,,,,0.6923607038123167,
wall-robot-navigation,32,nn,sage,permutation,41.22260646820068,0.0002001285552977,0.0129860401153563,0.0119957923889159,0.0143315792083739,0.0117249011993407,0.0531736373901366,,0.0332381725311278,2.0173907041549684,3.5111741542816164,3.099069833755493,2.9075906038284303,3.216803240776062,2.329364848136902,3.057180333137512,,3.64389283657074,0.0091679088252439,0.0091327752889022,0.00617614484221,0.0059336638121488,0.0058682539933766,0.0057313987337477,0.0858985947058997,,0.0126909312730175,0.0271087285575169,0.0227860262359217,0.0096768002464162,0.0093784548887926,0.0090790298215153,0.0096160897288994,0.6181263146423202,,0.0315517268707937,0.8200000000000001,0.76,0.8,0.82,0.8400000000000001,0.86,0.2,,0.36
wall-robot-navigation,32,nn,shap,kernel,40.40641498565674,0.0002799034118651,0.0129215955734252,0.010916781425476,0.0146705865859984,0.012447690963745,0.0519928216934203,,0.0281840562820434,217.53745381832124,309.82651188373563,313.5477705001831,311.3833924770355,316.8737517595291,188.4977810382843,306.38432013988495,,227.28679456710816,0.0097448786431715,0.0080523102342267,0.0059093503199008,0.005709328406841,0.0058689416991208,0.0055186075819243,0.034389560615778,,0.0106313621046467,0.0271087285575169,0.0227860262359217,0.0096768002464162,0.0093784548887926,0.0090790298215153,0.0096160897288994,0.6181263146423202,,0.0315517268707937,0.8031378299120234,0.834325513196481,0.8784310850439884,0.8844281524926686,0.8847800586510264,0.8853079178885631,0.460307917888563,,0.7667448680351906
wall-robot-navigation,32,nn,shapiq,kernel,40.82948105335235,0.000512671470642,0.0158725261688232,0.0140533685684203,0.0154022216796874,0.0124505519866942,0.0553314447402953,,0.0405721187591552,1560.6351072072982,1688.7931540966033,1696.1042617321011,1693.6688190460204,1692.5719584226608,1707.5786053657532,1693.6691329956054,,1535.5228931427002,0.0047942162207304,0.0045209091364695,0.0044164294631974,0.0042837508842787,0.0043008624489022,0.0042999132442371,0.010996795445639,,0.0048347245810911,0.0271087285575169,0.0227860262359217,0.0096768002464162,0.0093784548887926,0.0090790298215153,0.0096160897288994,0.6181263146423202,,0.0315517268707937,0.5148973607038123,0.592683284457478,0.6283137829912023,0.6357478005865103,0.6359677419354839,0.6340029325513197,0.1418621700879765,,0.5404692082111436
wall-robot-navigation,32,xgb,sage,permutation,42.89503378868103,0.0001708030700683,0.0116399765014648,0.0118170022964477,0.0157651901245116,0.0137746334075927,0.0545869350433349,,0.0308438062667846,2.806526017189026,3.093987965583801,3.1477126598358156,3.344688606262207,3.0839979887008666,2.9791207551956176,3.096736931800842,,2.9675865888595583,0.0162189491497938,0.0116436650359337,0.0117015522692341,0.0079453321692464,0.0078676795915054,0.0092200552627192,0.1549475394719834,,0.0149811946699023,0.0271087285575169,0.0227860262359217,0.0096768002464162,0.0093784548887926,0.0090790298215153,0.0096015366241032,0.6181263146423202,,0.0315517268707937,0.8400000000000001,0.86,0.8200000000000001,0.8800000000000001,0.92,0.8800000000000001,0.6599999999999999,,0.8
wall-robot-navigation,32,xgb,shap,kernel,41.55021216869354,0.0001971006393432,0.0106960773468017,0.01074481010437,0.0134457349777221,0.0151271581649779,0.0498485803604125,,0.0341454982757567,577.8682591915131,582.7101935386657,551.7728059053421,552.1249544858932,556.4707844972611,638.3580045700073,549.0693723917008,,601.4860292196274,0.0074222927061861,0.006264288306125,0.0051625780791886,0.0051279232879143,0.0055488070975748,0.0041164849966748,0.0295512217549033,,0.0084798245963348,0.0271087285575169,0.0227860262359217,0.0096768002464162,0.0093784548887926,0.0090790298215153,0.0096015366241032,0.6181263146423202,,0.0315517268707937,0.8441348973607037,0.8495014662756597,0.8381671554252199,0.8537096774193549,0.8267888563049853,0.8517595307917889,0.7120381231671553,,0.8120527859237537
wall-robot-navigation,32,xgb,shapiq,kernel,41.69192957878113,0.0002491950988769,0.0155689001083373,0.0121865272521972,0.0151267290115355,0.0174655437469482,0.0563783645629882,,0.0317641973495483,2546.5954673051833,2349.7491641521456,2538.1698187589645,2525.246198320389,2509.044862294197,2671.4546976327897,2530.2493737220766,,2340.930050683022,0.0011588153668767,0.0009907175806638,0.0009858742842123,0.0009585384001576,0.0009868045135183,0.0009407227968333,0.0031056443212914,,0.0014769029593995,0.0271087285575169,0.0227860262359217,0.0096768002464162,0.0093784548887926,0.0090790298215153,0.0096015366241032,0.6181263146423202,,0.0315517268707937,0.6002639296187683,0.7235337243401758,0.7487096774193548,0.7766275659824047,0.764090909090909,0.7749706744868035,0.2481524926686217,,0.6206158357771261
wall-robot-navigation,48,nn,sage,permutation,,,,,,,,0.0018130779266356,,,,,,,,,6.017032957077026,,,,,,,,,0.0093581554313976,,,,,,,,,0.0127775852471374,,,,,,,,,0.78,
wall-robot-navigation,48,nn,shap,kernel,,,,,,,,0.0018210649490355,,,,,,,,,493.4824404001236,,,,,,,,,0.0072239448161228,,,,,,,,,0.0127775852471374,,,,,,,,,0.8470527859237537,
wall-robot-navigation,48,nn,shapiq,kernel,,,,,,,,0.0018959522247313,,,,,,,,,2266.138393211365,,,,,,,,,0.0044257046837891,,,,,,,,,0.0127775852471374,,,,,,,,,0.6143988269794721,
wall-robot-navigation,48,xgb,sage,permutation,,,,,,,,0.0018659114837645,,,,,,,,,3.89004499912262,,,,,,,,,0.0125936262034591,,,,,,,,,0.0131489012078407,,,,,,,,,0.8200000000000001,
wall-robot-navigation,48,xgb,shap,kernel,,,,,,,,0.0018868446350097,,,,,,,,,794.2128458023071,,,,,,,,,0.0057203014403225,,,,,,,,,0.0131489012078407,,,,,,,,,0.832375366568915,
wall-robot-navigation,48,xgb,shapiq,kernel,,,,,,,,0.002704358100891,,,,,,,,,3557.5116908073423,,,,,,,,,0.001199825290946,,,,,,,,,0.0131489012078407,,,,,,,,,0.7172434017595307,
wall-robot-navigation,64,nn,sage,permutation,42.03960871696472,0.0002136468887328,0.016196060180664,0.0190477371215819,0.0167579889297484,0.0118720293045043,0.0547928094863891,,0.0667094230651855,4.117122483253479,5.558918905258179,5.610525035858155,5.543410515785217,5.280791163444519,4.438251233100891,5.826513195037842,,5.258147501945496,0.0079407611355276,0.0066934616266029,0.0048273580023239,0.0048019653746028,0.0051180303607841,0.0042910149093648,0.0871681011072796,,0.0069674382007664,0.0163425590743187,0.0103828792346058,0.0043949017109289,0.0044585110950834,0.0043023465305806,0.0045065831410655,0.6213459338173243,,0.0141452063469024,0.8400000000000001,0.82,0.8800000000000001,0.9,0.8400000000000001,0.94,0.24,,0.62
wall-robot-navigation,64,nn,shap,kernel,41.31091623306274,0.000207495689392,0.011735963821411,0.0109179496765136,0.0145612478256225,0.0120340585708617,0.0523020267486571,,0.0579105615615844,421.1985450983047,609.6223209142685,618.5680510520936,616.2746142625808,623.3243339061737,372.0427266359329,606.0888321876525,,444.20737035274504,0.0088467956031369,0.006270139029926,0.0047131276637752,0.0048518097071163,0.0048123506952949,0.0044326140485844,0.0339961386720862,,0.008005757413976,0.0163425590743187,0.0103828792346058,0.0043949017109289,0.0044585110950834,0.0043023465305806,0.0045065831410655,0.6213459338173243,,0.0141452063469024,0.839208211143695,0.873225806451613,0.906041055718475,0.9047507331378298,0.9063929618768328,0.9080058651026393,0.4617448680351906,,0.8346774193548387
wall-robot-navigation,64,nn,shapiq,kernel,41.61902005672455,0.000247836112976,0.0134713649749755,0.0115893125534057,0.0218546628952025,0.0129099369049071,0.0569875717163085,,0.065048336982727,2710.0996574163437,2893.466238284111,2964.2575795412063,2958.8083434820173,2955.1435853004455,2979.829087162018,2958.7194068908693,,2674.2605780601502,0.0044898086544767,0.0041255418642945,0.0039828495918736,0.003971796515064,0.0039330698181871,0.0039372617645423,0.0109141814848257,,0.0042387214498881,0.0163425590743187,0.0103828792346058,0.0043949017109289,0.0044585110950834,0.0043023465305806,0.0045065831410655,0.6213459338173243,,0.0141452063469024,0.5518475073313783,0.6500146627565982,0.6824486803519061,0.6771847507331378,0.6839296187683284,0.6768475073313782,0.144574780058651,,0.6134017595307918
wall-robot-navigation,64,xgb,sage,permutation,44.19302897453308,0.0002283334732055,0.0128364086151122,0.0128442049026488,0.0145907402038573,0.0154374361038207,0.0582721710205077,,0.058420443534851,5.283026075363159,5.945460224151612,5.911587882041931,5.446385359764099,5.731414270401001,5.613000655174256,5.65373797416687,,5.52310197353363,0.0118635596050389,0.0080298317357121,0.0070730233219958,0.0075042121381644,0.0065523997915757,0.0066578078681303,0.1718508311380642,,0.0103499685358615,0.0163425590743187,0.0103828792346058,0.0043949017109289,0.0044585110950834,0.0043023465305806,0.0046564646038847,0.6213459338173243,,0.0141452063469024,0.8800000000000001,0.86,0.9,0.8400000000000001,0.92,0.9,0.64,,0.8800000000000001
wall-robot-navigation,64,xgb,shap,kernel,42.250735592842105,0.0002818107604979,0.0108408451080321,0.0098354816436767,0.0136943578720092,0.0137581110000609,0.0506905555725097,,0.0633702754974364,1092.1279785633087,1093.2356556653976,1036.6718414068223,1040.0010628938676,1040.408105945587,1181.9383064985277,1032.516329050064,,1124.9439885854722,0.0069023647519847,0.0049228710311331,0.0038104292176514,0.0042407470926602,0.0043374486849809,0.0032954275876127,0.031273227863536,,0.0057705453261514,0.0163425590743187,0.0103828792346058,0.0043949017109289,0.0044585110950834,0.0043023465305806,0.0046564646038847,0.6213459338173243,,0.0141452063469024,0.8649120234604105,0.8540029325513195,0.8588563049853372,0.8606451612903226,0.8380058651026392,0.8702199413489737,0.7202346041055717,,0.8223460410557184
wall-robot-navigation,64,xgb,shapiq,kernel,42.52193627357483,0.0002830743789672,0.0202165842056274,0.0128468513488769,0.0148200750350951,0.0231651067733764,0.0657050371170043,,0.0678304195404052,4691.202385568618,4443.224250531197,4629.608937931061,4626.458083629608,4579.186308693886,4881.692741155624,4626.665330624581,,4276.041935062409,0.001003529938585,0.0009216324447881,0.0008827702171451,0.0008806911194325,0.0008950374384492,0.0008637987368505,0.0031777507598763,,0.0011272698486217,0.0163425590743187,0.0103828792346058,0.0043949017109289,0.0044585110950834,0.0043023465305806,0.0046564646038847,0.6213459338173243,,0.0141452063469024,0.6608797653958944,0.7927565982404692,0.8180351906158357,0.8132551319648094,0.8258064516129032,0.8286363636363635,0.224574780058651,,0.6919794721407625
wall-robot-navigation,96,nn,sage,permutation,,,,,,,,0.0014498949050902,,,,,,,,,10.509634804725646,,,,,,,,,0.0087485820108646,,,,,,,,,0.0087322995554225,,,,,,,,,0.8,
wall-robot-navigation,96,nn,shap,kernel,,,,,,,,0.0014878749847411,,,,,,,,,967.9752323627472,,,,,,,,,0.0068161737520069,,,,,,,,,0.0087322995554225,,,,,,,,,0.8514956011730204,
wall-robot-navigation,96,nn,shapiq,kernel,,,,,,,,0.0026381015777587,,,,,,,,,4114.090710759163,,,,,,,,,0.0041649711462901,,,,,,,,,0.0087322995554225,,,,,,,,,0.6396774193548387,
wall-robot-navigation,96,xgb,sage,permutation,,,,,,,,0.0015382051467895,,,,,,,,,7.66174967288971,,,,,,,,,0.0114963324668691,,,,,,,,,0.0088670682083733,,,,,,,,,0.8200000000000001,
wall-robot-navigation,96,xgb,shap,kernel,,,,,,,,0.001515769958496,,,,,,,,,1521.6249058485032,,,,,,,,,0.0049511845072561,,,,,,,,,0.0088670682083733,,,,,,,,,0.8356891495601173,
wall-robot-navigation,96,xgb,shapiq,kernel,,,,,,,,0.0023597955703734,,,,,,,,,6656.472532057762,,,,,,,,,0.0011442855625886,,,,,,,,,0.0088670682083733,,,,,,,,,0.7423900293255131,
wall-robot-navigation,128,nn,sage,permutation,45.86827116012573,0.0002225875854491,0.0129909276962279,0.013071036338806,0.0175084590911864,0.0120768070220946,0.0537256002426147,,0.1185367345809936,8.219239115715027,13.967627573013306,11.132289505004882,10.041308617591858,11.476711678504945,8.82973928451538,11.063059258461,,10.400151562690734,0.006194084877854,0.0054438711032022,0.0042696437928078,0.0040650121396496,0.0036047048167713,0.0038020787367671,0.0906009086748223,,0.0056803531973076,0.009063188627116,0.0064250500399565,0.0023509826117306,0.0023248022307854,0.0022582063456955,0.0023308085700206,0.6277851721673324,,0.0081674512298936,0.8,0.8,0.94,0.94,0.94,0.9,0.2,,0.76
wall-robot-navigation,128,nn,shap,kernel,45.03831932544709,0.0002186775207519,0.012045383453369,0.0108805179595946,0.0149650096893309,0.0120267629623412,0.0529487848281859,,0.1256230831146239,783.5812505483627,1180.5237542390823,1173.9693390369416,1193.7903062820435,1185.038448214531,675.5475226402283,1174.5894328832626,,828.9697376728058,0.0076014681079082,0.0054645309460773,0.0042507712280277,0.0042775745819974,0.0042090364582539,0.0039869441987839,0.033203118453711,,0.0066032363748335,0.009063188627116,0.0064250500399565,0.0023509826117306,0.0023248022307854,0.0022582063456955,0.0023308085700206,0.6277851721673324,,0.0081674512298936,0.8646774193548387,0.8902785923753666,0.9159237536656892,0.917565982404692,0.9190322580645164,0.9208504398826978,0.4647067448680351,,0.8559237536656891
wall-robot-navigation,128,nn,shapiq,kernel,45.396967029571535,0.0002639293670653,0.015698480606079,0.0181716680526733,0.0200171709060668,0.0124157428741454,0.0585189342498778,,0.1385072708129882,5040.472461748123,5300.075516533851,5478.977190518379,5483.209034085274,5469.313606667519,5554.876517343521,5480.232987236976,,4963.979736852646,0.0041329173283715,0.0039206088188213,0.003767223999147,0.0037499701895749,0.0037597868263743,0.0037776668513354,0.0107470005748635,,0.0039580902878584,0.009063188627116,0.0064250500399565,0.0023509826117306,0.0023248022307854,0.0022582063456955,0.0023308085700206,0.6277851721673324,,0.0081674512298936,0.5878445747800587,0.6831964809384163,0.705791788856305,0.7079178885630498,0.7103958944281524,0.7077272727272726,0.1485043988269794,,0.657199413489736
wall-robot-navigation,128,xgb,sage,permutation,48.574281096458435,0.0001844882965087,0.0134644508361815,0.0120481729507445,0.016178011894226,0.0163583040237426,0.0548417329788207,,0.1175844907760619,10.370634126663209,11.728317403793335,10.768136262893677,10.995836234092712,10.636877250671386,11.01033432483673,10.58157515525818,,10.721341109275818,0.0108985560408547,0.0059564790860788,0.0064941910613884,0.0053277983955115,0.0061406951929575,0.0058525927996785,0.2047619129083839,,0.0077939548580447,0.009063188627116,0.0064250500399565,0.0023509826117306,0.0023248022307854,0.0022582063456955,0.0022865213832295,0.6277851721673324,,0.0081674512298936,0.8400000000000001,0.92,0.92,0.8800000000000001,0.94,0.92,0.6,,0.96
wall-robot-navigation,128,xgb,shap,kernel,46.24110617637634,0.0002020120620727,0.0111050367355346,0.0104389429092406,0.014274501800537,0.0138935565948485,0.0513067245483397,,0.1590881347656249,2064.1118611574175,2045.3891498565672,2007.2755630731583,2008.056869125366,2008.9864227056505,2286.9125802755357,1995.0559512615205,,2179.193154859543,0.0067070172153677,0.0031413469027819,0.0031132777292501,0.0032269601602211,0.0029801691078191,0.0026265528668798,0.0346848624924362,,0.0056729990998419,0.009063188627116,0.0064250500399565,0.0023509826117306,0.0023248022307854,0.0022582063456955,0.0022865213832295,0.6277851721673324,,0.0081674512298936,0.860674486803519,0.8822727272727272,0.8765542521994135,0.8819794721407626,0.8731818181818181,0.8765395894428153,0.7358944281524925,,0.8269941348973606
wall-robot-navigation,128,xgb,shapiq,kernel,46.46863181591034,0.000305938720703,0.0183906316757201,0.0208440542221068,0.0215013742446899,0.018387746810913,0.0686067581176757,,0.1458109855651855,8929.344683361054,9133.597204041482,8831.170742607117,8767.815050029754,8724.301436281205,9328.758372187614,8824.301644277573,,8164.310112285614,0.0009478171312576,0.0008333679593715,0.0008291920711085,0.0008161615168036,0.0008276457073581,0.0008179937296421,0.0033227312002844,,0.0010443636487579,0.009063188627116,0.0064250500399565,0.0023509826117306,0.0023248022307854,0.0022582063456955,0.0022865213832295,0.6277851721673324,,0.0081674512298936,0.6455131964809384,0.8363929618768328,0.849090909090909,0.8621114369501466,0.8638123167155426,0.8598387096774193,0.1759530791788856,,0.7502932551319648
wave_energy,32,nn,expected_gradients,na,1098.394891691208,0.0004000663757323,6.020602655410767,5.9129777431488035,7.465210103988648,6.194767856597901,36.43676242828369,,0.5663694858551025,782.7377714633942,519.9271910667419,437.00756373405454,449.1456419944763,457.1065090656281,450.968655705452,445.0731153011322,,785.9063114404678,0.0125578192993997,0.011498313769698,0.0029170212801545,0.0026802027132362,0.0030883389990776,0.0037183889653532,0.0747278481721878,,0.0165430027991533,0.0273919555641487,0.0257515065155114,0.0145340141044643,0.0144257676242174,0.0139757767249809,0.0136133890725627,0.9083117226856504,,0.0322041618944118,0.8019677734375001,0.82203125,0.945751953125,0.947802734375,0.93974609375,0.93173828125,0.4345703125,,0.7991699218750001
wave_energy,64,nn,expected_gradients,na,876.0758580684662,0.0003972053527831,5.91747350692749,5.679836702346802,7.518526697158814,6.227191662788391,36.43751592636109,,0.9741654634475708,1130.4517030715942,762.4890752792359,663.1923362255096,671.5801503181458,683.8389830589294,717.7384097099305,671.4137187004089,,1144.9366567134855,0.0093109940644353,0.0089741907082497,0.0013219178654253,0.0021173309069126,0.0019409488886594,0.0014242439647204,0.0747278481721878,,0.0101450392976403,0.0146064582442731,0.0142021738357121,0.0063740781772684,0.0065568560433957,0.0061048350457958,0.006436286749317,0.9083117226856504,,0.0169973982305113,0.8420507812500002,0.8491796875000001,0.97353515625,0.959912109375,0.96142578125,0.9730664062499998,0.4345703125,,0.8587402343750001
wave_energy,128,nn,expected_gradients,na,956.4971362352372,0.0004552841186523,5.92314567565918,5.705742359161377,7.50570068359375,6.243939757347107,36.4458842754364,,1.8673568725585936,1786.4142158269883,1278.490845966339,1177.262488603592,1187.6605291366575,1198.577075624466,1295.8106677293777,1186.6837174892426,,1842.6847198724747,0.007070994703099,0.0059137224219739,0.0011737923836335,0.0010008527897298,0.001077959104441,0.0010117240366525,0.0824816673994063,,0.0049165938980877,0.0081495971974205,0.006853741347879,0.002851046872799,0.0028772258020966,0.002816051907236,0.0027802693507564,0.9181007043199114,,0.0076018532441488,0.8728027343750002,0.8878515625000002,0.975732421875,0.9784375,0.978017578125,0.978720703125,0.4506640625,,0.9182617187500002
wave_energy,256,nn,expected_gradients,na,796.2819577455521,0.000359010696411,5.999017953872681,5.658035135269165,7.567641973495483,6.214832305908203,36.44407949447632,,3.653627133369446,2505.5168451547624,1954.886793756485,1822.190096759796,1834.125562477112,1852.0455149650577,2031.317542052269,1842.658067560196,,2571.3788422107696,0.0047300145262851,0.0038061670958995,0.0008329563657752,0.0008331214543431,0.0008101035724393,0.0008291503763757,0.0707618135958909,,0.0018338678637519,0.004618801063937,0.0031294277174382,0.0012411050584766,0.0012996430356614,0.0012194627863981,0.0012582891335776,0.8193132441799944,,0.0039724112814449,0.9099609375,0.923486328125,0.981630859375,0.9826953125,0.9826171875,0.981650390625,0.498349609375,,0.966455078125
wave_energy,512,nn,expected_gradients,na,855.9040016412735,0.0004265785217284,5.948899030685425,5.703420686721802,7.545660543441772,6.276342606544494,36.55030927658081,,7.372227478027344,3558.1754053115847,3150.536733150482,2865.9727707862853,2905.168878173828,2925.5765607833864,3246.8070373535156,2889.7205365657805,,3698.491750884056,0.0030593134928494,0.0033665423747151,0.0008042873931117,0.0007418292108922,0.0007411985076032,0.0007700288901105,0.0727002684026955,,0.0006011362420395,0.0028547794068127,0.0016179699856769,0.0005703161531368,0.0005711598395573,0.0005477702763804,0.0005676595631961,0.8217604895885596,,0.0024025683143948,0.93943359375,0.935185546875,0.9829296875,0.983408203125,0.983798828125,0.9834375,0.5023730468750001,,0.988330078125
white_wine,8,nn,sage,permutation,5.757918858528138,0.0011749267578124,0.0187411308288573,0.0134436607360839,0.0225751399993896,0.0109082221984862,0.0386140346527099,,0.0058083772659301,1.7461716175079345,1.7113327026367189,2.519774889945984,1.7754687309265136,2.2580594778060914,2.7302932024002073,0.1498797416687011,,2.820145344734192,0.0129601913510877,0.0091759777157799,0.0024052182823105,0.0070583489665125,0.0036958195575457,0.0025173395597051,3.946831099623501,,0.003907776638498,0.1053583127932629,0.0906563625707518,0.0364992159124418,0.0343942565327579,0.0315879847833466,0.0395352262973155,1.2295028729668882,,0.0745698703023154,0.8,0.8400000000000001,0.98,0.8,1.0,0.8,0.6,,1.0
white_wine,8,nn,shap,kernel,5.493623304367065,0.0002876043319701,0.014924669265747,0.0110597610473632,0.0171355009078979,0.0109369516372679,0.0395758867263793,,0.0047495126724242,51.41471943855286,69.0201699256897,74.87807600498199,73.75209312438965,73.20775339603424,62.93023674488067,69.25366666316987,,50.72582087516785,0.0473268117310941,0.0417403173352184,0.0174794804670476,0.0252804081644468,0.0168670439265586,0.0164609906245276,0.8882762180815191,,0.0219900074029403,0.1053583127932629,0.0906563625707518,0.0364992159124418,0.0343942565327579,0.0315879847833466,0.0395352262973155,1.2295028729668882,,0.0745698703023154,0.8140498710232157,0.8268271711092001,0.9265692175408424,0.8966466036113501,0.9205503009458296,0.9363714531384352,0.6895958727429062,,0.8933791917454859
white_wine,8,nn,shapiq,kernel,6.001434421539306,0.0001806497573852,0.0137363672256469,0.0213691234588622,0.0191067218780517,0.0104501008987426,0.0454571247100829,,0.0034907341003417,142.51173391342164,148.36657931804658,147.96389122009276,148.27944734096528,147.78401956558227,142.3535455226898,147.94570877552033,,133.9407932281494,0.0122009930157298,0.0117052369784586,0.0062447862363352,0.0067616240807211,0.005346529326944,0.0072774166495169,0.0934699895845135,,0.0061349281735417,0.1053583127932629,0.0906563625707518,0.0364992159124418,0.0343942565327579,0.0315879847833466,0.0395352262973155,1.2295028729668882,,0.0745698703023154,0.6060877042132417,0.6305760963026655,0.7989681857265691,0.7759243336199484,0.8333619948409285,0.7831470335339639,0.1329320722269991,,0.8106620808254513
white_wine,8,xgb,sage,permutation,5.588941025733948,0.0009116649627684,0.0128798484802245,0.0082808256149291,0.0203963756561278,0.0106580734252929,0.0351394653320312,,0.0045521974563598,1.5250330209732057,1.219387125968933,1.5440864324569703,1.3096622228622437,1.2704891443252564,1.3065532207489017,0.3762375593185424,,2.0290117502212524,0.0129724130105625,0.0126412078505691,0.0047992902094513,0.0131544103161389,0.0044777453220263,0.0071874666697305,0.468657734428876,,0.0050723689641455,0.1053583127932629,0.0906563625707518,0.0364992159124418,0.0343942565327579,0.0315879847833466,0.0406184648168707,1.2295028729668882,,0.0745698703023154,0.78,0.9,0.94,1.0,0.96,1.0,0.6,,1.0
white_wine,8,xgb,shap,kernel,5.837127614021301,0.0002229213714599,0.0181154012680053,0.0135117053985595,0.0242147207260131,0.0277485132217406,0.0384843826293944,,0.0038069486618041,122.52448320388794,116.89914882183076,114.31444137096403,115.15868513584137,115.9647854089737,124.47556729316712,111.60502924919128,,111.06768074035644,0.0564448493090207,0.0556637423701971,0.0323260279407135,0.0383300836185757,0.0365044006413019,0.0327052134496117,0.2958683442403835,,0.0352439359770063,0.1053583127932629,0.0906563625707518,0.0364992159124418,0.0343942565327579,0.0315879847833466,0.0406184648168707,1.2295028729668882,,0.0745698703023154,0.7590713671539122,0.7623215821152192,0.8471195184866722,0.8278589853826311,0.8318142734307823,0.8448839208942388,0.5566638005159071,,0.8436801375752365
white_wine,8,xgb,shapiq,kernel,5.607330584526062,0.000187063217163,0.011100673675537,0.0116307735443114,0.0162339448928832,0.0137506484985351,0.03459894657135,,0.0046557188034057,211.78076272010804,226.58202955722808,214.97053637504575,217.51247236728668,216.26809818744655,232.53513400554655,215.68147439956664,,207.0047352313995,0.0292862431190758,0.0275650236610777,0.0235273766883139,0.0244226226721405,0.0216360449342861,0.0231075375245228,0.132188265133883,,0.0201168723822335,0.1053583127932629,0.0906563625707518,0.0364992159124418,0.0343942565327579,0.0315879847833466,0.0406184648168707,1.2295028729668882,,0.0745698703023154,0.536079105760963,0.5651246775580395,0.6046431642304385,0.6037833190025795,0.6386930352536543,0.6297506448839209,0.1590713671539123,,0.6792777300085985
white_wine,16,nn,sage,permutation,5.313521838188171,0.0002230167388915,0.0116069316864013,0.0108130455017089,0.0152397155761718,0.0110057115554809,0.0292213678359984,,0.0136448144912719,3.129755234718323,3.9104543209075926,4.248486256599426,4.434409284591675,4.678925824165344,4.676797461509705,0.3929437398910522,,3.6828535079956057,0.0068670001426774,0.0073543944236729,0.0025312587859121,0.0015102463799308,0.0015474444477016,0.002357879908053,0.135374067366016,,0.0019336522797227,0.053260101797988,0.0488603936076551,0.014124073197149,0.0165851430337212,0.0144434553433213,0.0160719555536634,1.091922646819162,,0.039644194104173,0.8400000000000001,0.86,0.86,0.98,1.0,0.8,0.8,,1.0
white_wine,16,nn,shap,kernel,4.933626055717468,0.0002655744552611,0.0111706495285033,0.0144206047058104,0.0214353084564208,0.0107690572738647,0.0333944797515868,,0.0121109724044799,83.88472521305084,116.77290012836455,121.7793794631958,120.51259729862213,120.72507400512696,98.05256209373474,110.02865517139436,,74.37410326004029,0.0381202428399744,0.0347088709384908,0.0115931083478237,0.0112742207249443,0.01191799724934,0.0123947594411318,0.1510492095603256,,0.0149035007805382,0.053260101797988,0.0488603936076551,0.014124073197149,0.0165851430337212,0.0144434553433213,0.0160719555536634,1.091922646819162,,0.039644194104173,0.8403611349957008,0.8595012897678418,0.942218400687876,0.9365434221840068,0.942390369733448,0.9348237317282888,0.5962166809974204,,0.9312123817712812
white_wine,16,nn,shapiq,kernel,5.393999171257019,0.0001732349395751,0.0105390787124633,0.0095611095428466,0.0139888286590575,0.0104884386062621,0.0324720859527587,,0.0061209440231322,267.7464422702789,277.8419921875,278.78081727027893,279.0044316530228,278.23002841472623,265.0149588823318,277.51811785697936,,250.7993286371231,0.0090077187736905,0.0088099376814981,0.0041522268454389,0.0046314676201118,0.0036076685303748,0.0040310428879424,0.0378901178584399,,0.0048993758443394,0.053260101797988,0.0488603936076551,0.014124073197149,0.0165851430337212,0.0144434553433213,0.0160719555536634,1.091922646819162,,0.039644194104173,0.6928804815133276,0.6914015477214102,0.8636285468615646,0.8374032674118659,0.8758383490971624,0.8646603611349957,0.3028374892519346,,0.8586414445399827
white_wine,16,xgb,sage,permutation,4.974555563926697,0.0001667022705077,0.0110022783279418,0.0090114355087279,0.0118841171264647,0.0107182264328002,0.0283215284347533,,0.0142679214477538,2.2479260206222533,2.113499164581299,2.2099268198013307,1.8566787719726563,2.0543887615203857,1.7204553842544557,2.413807725906372,,2.664889597892761,0.008788245908505,0.0085797931756696,0.0038385963794143,0.0045260262398505,0.0058970542509675,0.0058737472708886,0.081703369268543,,0.0041856999112452,0.053260101797988,0.0488603936076551,0.014124073197149,0.0165851430337212,0.0144434553433213,0.016506542469727,1.091922646819162,,0.039644194104173,0.9,0.96,1.0,1.0,1.0,1.0,0.6,,0.98
white_wine,16,xgb,shap,kernel,5.205094122886658,0.0002482891082763,0.0108145713806151,0.008836007118225,0.0138513326644897,0.0117527723312377,0.0372160911560058,,0.0079560041427611,205.3033936738968,197.8443062543869,194.12389614582065,194.3336611509323,196.3149267911911,210.5701896190643,178.47020497322083,,187.69487257003783,0.0441855381751799,0.0426784299750008,0.0263173861575716,0.0230607999377846,0.0268229922853438,0.0318025292688282,0.1681964072082424,,0.0297124811477814,0.053260101797988,0.0488603936076551,0.014124073197149,0.0165851430337212,0.0144434553433213,0.016506542469727,1.091922646819162,,0.039644194104173,0.8022871883061049,0.812055030094583,0.8711951848667241,0.8950472914875321,0.8636285468615646,0.862768701633706,0.5453138435081686,,0.8565778159931213
white_wine,16,xgb,shapiq,kernel,5.136931586265564,0.0001715660095214,0.0102407217025756,0.0090941429138183,0.017276120185852,0.0124064922332763,0.0309452056884765,,0.0064710617065429,415.5845211744309,425.6483429670334,406.1375470161438,409.48120493888854,409.18454189300536,443.7264572381973,409.09720304012296,,396.5164164066315,0.0213051251485912,0.0206149561859417,0.0164896285853558,0.0154117535635437,0.0153333590571629,0.0165583284193571,0.077534745262147,,0.0161674416179348,0.053260101797988,0.0488603936076551,0.014124073197149,0.0165851430337212,0.0144434553433213,0.016506542469727,1.091922646819162,,0.039644194104173,0.6326913155631986,0.6490799656061909,0.7071367153912295,0.7490627687016336,0.7337919174548581,0.7184866723989681,0.2306104901117799,,0.7214101461736886
white_wine,32,nn,sage,permutation,5.322335195541382,0.0002185344696044,0.0120612621307372,0.0121885776519774,0.0138109445571899,0.0106245517730712,0.0328299045562743,,0.0114691019058227,7.073672485351563,8.75618360042572,9.875033855438232,9.91134865283966,9.712735867500305,10.458422756195068,0.6035613536834716,,8.551662707328797,0.0037286099005803,0.003480506011247,0.0016201427418671,0.001580942695501,0.0017209390241983,0.0019012921824162,3.968361804210589,,0.0013832480113193,0.0291318066030062,0.0208911099497666,0.0070733578721937,0.0071154790157945,0.0066989601953561,0.0069378190052509,1.2295028729668882,,0.0221854275206498,0.86,0.8800000000000001,0.8800000000000001,0.86,0.92,0.8800000000000001,0.6,,1.0
white_wine,32,nn,shap,kernel,5.067577314376831,0.0002787113189696,0.0113325357437133,0.0100386857986449,0.0148905992507934,0.0107126712799071,0.0418626308441161,,0.0165520191192626,159.60511720180511,213.97400965690613,230.46312961578369,227.10892169475557,226.51986939907073,186.7166064500809,219.48307251930237,,125.78596110343932,0.0262019990910437,0.0233882976765267,0.0095750344575045,0.0081935847018043,0.007769166464915,0.0078854132626748,0.8882762180815191,,0.0093760031650485,0.0291318066030062,0.0208911099497666,0.0070733578721937,0.0071154790157945,0.0066989601953561,0.0069378190052509,1.2295028729668882,,0.0221854275206498,0.8893207222699913,0.898555460017197,0.9539294926913156,0.9603267411865865,0.9609286328460878,0.9605331040412726,0.6895958727429062,,0.9547721410146176
white_wine,32,nn,shapiq,kernel,5.461103510856629,0.0001981258392333,0.0115764379501342,0.0096033573150634,0.0138786792755126,0.0103402614593505,0.0328380346298217,,0.013100242614746,505.7462890625,542.9612703800201,529.5872765779495,529.5122960567475,530.7332227945328,506.4747136831283,528.239393568039,,480.5787500619888,0.0064266570500735,0.0056707236303891,0.0030150024067241,0.0029700062758808,0.0029050259242412,0.0029102979125496,0.0934699895845135,,0.0032307833997171,0.0291318066030062,0.0208911099497666,0.0070733578721937,0.0071154790157945,0.0066989601953561,0.0069378190052509,1.2295028729668882,,0.0221854275206498,0.7727085124677557,0.795408426483233,0.8951848667239897,0.8947377472055029,0.8995356835769561,0.8982631126397248,0.1329320722269991,,0.9006018916595014
white_wine,32,xgb,sage,permutation,5.07718255519867,0.0001662254333495,0.0092143058776855,0.008214521408081,0.0152416706085204,0.0106984376907348,0.0344417095184325,,0.0240578651428222,3.794383430480957,3.5902891397476195,3.4435662031173706,3.4493985891342165,3.71323971748352,3.466623616218567,1.0762994050979615,,4.870361399650574,0.0043948772989639,0.0068023932625844,0.0041649690467153,0.0035132294675864,0.0038261021091427,0.0041954589964312,0.4612955238845527,,0.0029864999895079,0.0291318066030062,0.0208911099497666,0.0070733578721937,0.0071154790157945,0.0066989601953561,0.0074819962745987,1.2295028729668882,,0.0221854275206498,0.8800000000000001,0.8400000000000001,0.98,0.94,0.98,0.92,0.6,,1.0
white_wine,32,xgb,shap,kernel,5.315850806236267,0.0002031087875365,0.0131776571273803,0.0087779283523559,0.0140134096145629,0.0117774963378905,0.040145444869995,,0.0131865024566649,375.5020091772079,356.59086129665377,350.58233523368835,354.5270258426666,351.4172123193741,385.3563441514969,343.5482147693634,,342.5806111097336,0.0319007424983051,0.0284607881189369,0.0207153602035556,0.018597104101035,0.0195244080983773,0.0210619516702781,0.2958683442403835,,0.0234117596479911,0.0291318066030062,0.0208911099497666,0.0070733578721937,0.0071154790157945,0.0066989601953561,0.0074819962745987,1.2295028729668882,,0.0221854275206498,0.8473430782459157,0.8665004299226139,0.8976440240756662,0.9063800515907136,0.9027858985382632,0.8976096302665519,0.5566638005159071,,0.8921754084264831
white_wine,32,xgb,shapiq,kernel,5.258929061889648,0.0001848936080932,0.0099884271621703,0.0097469568252562,0.013037872314453,0.0135248184204101,0.0315760612487792,,0.0174288988113402,800.0868968009949,824.0885600090027,783.2449845790863,793.9292404651642,790.5177466154098,858.003402519226,789.58558447361,,766.2917412757873,0.0156153772526725,0.0143791198181898,0.0114573143091105,0.0112473514814093,0.0107331356900516,0.0114890927984275,0.132188265133883,,0.0115050982688679,0.0291318066030062,0.0208911099497666,0.0070733578721937,0.0071154790157945,0.0066989601953561,0.0074819962745987,1.2295028729668882,,0.0221854275206498,0.7100773860705073,0.740773860705073,0.7959931212381771,0.7986758383490972,0.8068443680137575,0.7969217540842648,0.1590713671539123,,0.7898538263112639
white_wine,64,nn,sage,permutation,5.297753167152405,0.0001999616622924,0.0117410421371459,0.0133406877517699,0.0201966285705566,0.010950469970703,0.0291849374771117,,0.0264840126037597,15.559548950195312,17.398382830619813,18.64284715652466,18.82343077659607,19.0277859210968,20.528368735313418,1.162834644317627,,17.184984970092774,0.0023664391573809,0.0023704002518316,0.0016296140625277,0.0017046964570634,0.0014201987394988,0.0019062499303849,4.0424094216678,,0.0012973585349929,0.0152657472176815,0.0122002559946814,0.0032856359215877,0.0032495227137351,0.0032202773939875,0.0032393437210201,1.2295028729668882,,0.0130527828812992,0.8400000000000001,0.8800000000000001,0.8800000000000001,0.8800000000000001,0.8800000000000001,0.8400000000000001,0.6,,0.8400000000000001
white_wine,64,nn,shap,kernel,4.986636924743652,0.0017949581146239,0.0111880064010619,0.0102682590484618,0.0172922372817992,0.0129795789718627,0.0402795791625976,,0.0231157064437865,323.67566459178926,445.6304468631744,454.60576701164246,451.4746680021286,471.9726809024811,379.488942861557,449.38310570716857,,268.7913200855255,0.0201811974696492,0.0181856500964075,0.0070378188446864,0.0064882703282138,0.0067677961472091,0.0070549845363615,0.8882762180815191,,0.0098626536717767,0.0152657472176815,0.0122002559946814,0.0032856359215877,0.0032495227137351,0.0032202773939875,0.0032393437210201,1.2295028729668882,,0.0130527828812992,0.9134651762682716,0.9212037833190024,0.9642304385210664,0.9668959587274292,0.9664660361134996,0.9662768701633706,0.6895958727429062,,0.9585554600171968
white_wine,64,nn,shapiq,kernel,5.343701267242432,0.0002426862716674,0.0111567020416259,0.0096090555191039,0.0152447700500487,0.0104755640029906,0.0329757213592529,,0.0230201721191405,986.5195192575454,1064.1192994356156,1034.397172522545,1034.2837311029434,1038.245370364189,990.5811333894728,1035.2422755002976,,945.512059354782,0.0048422466093033,0.004339995706364,0.0021512636083025,0.002096588903796,0.0022042163442192,0.0021088254296408,0.0934699878537566,,0.0024945767685898,0.0152657472176815,0.0122002559946814,0.0032856359215877,0.0032495227137351,0.0032202773939875,0.0032393437210201,1.2295028729668882,,0.0130527828812992,0.8199312123817712,0.8445743766122098,0.9182975064488392,0.9207910576096304,0.91731728288908,0.9215993121238176,0.1320722269991401,,0.915219260533104
white_wine,64,xgb,sage,permutation,5.073805236816407,0.0001671791076659,0.0122454643249511,0.0083110094070434,0.0130674839019774,0.0106990337371825,0.0309465169906615,,0.0314172267913817,7.403354811668396,6.77790105342865,5.921217679977417,5.94460027217865,6.41127462387085,6.49025330543518,2.1290215730667112,,9.076239323616027,0.0055916763409577,0.0042650507765285,0.0031416605262133,0.0034672897043332,0.0029454527780058,0.0028417052120317,0.4720484498292124,,0.0039024011425368,0.0152657472176815,0.0122002559946814,0.0032856359215877,0.0032495227137351,0.0032202773939875,0.0033285390330017,1.2295028729668882,,0.0130527828812992,0.9,0.94,0.92,0.98,0.98,0.98,0.6,,1.0
white_wine,64,xgb,shap,kernel,5.335757517814637,0.0002829313278197,0.0108230829238891,0.0110465764999389,0.014781355857849,0.0116542100906371,0.0366939544677733,,0.0223955392837524,708.0113801956177,660.9786502122879,665.4781015396118,670.7821445941925,669.3505516767502,728.5979080200195,652.6787185907364,,649.0501283407211,0.0293071201808676,0.0212765498923211,0.0148887167314723,0.0154114334836445,0.0139396952046899,0.0148267706280537,0.2958683442403835,,0.016394825743922,0.0152657472176815,0.0122002559946814,0.0032856359215877,0.0032495227137351,0.0032202773939875,0.0033285390330017,1.2295028729668882,,0.0130527828812992,0.8641616509028374,0.902098022355976,0.9257953568357696,0.9240068787618227,0.9309716251074808,0.9285984522785896,0.5566638005159071,,0.920206362854686
white_wine,64,xgb,shapiq,kernel,5.178247809410095,0.0002177715301513,0.0102495908737181,0.0131196737289428,0.0130299568176269,0.0115970373153686,0.0338359594345092,,0.0232590198516845,1524.1462125062942,1625.182058286667,1549.8182520389555,1554.3310609340667,1551.1438732862473,1690.9852225542068,1556.662531352043,,1505.332447052002,0.0120062700879795,0.0101959154171191,0.0079361025081756,0.0079197921407654,0.0076077894257237,0.007865547700756,0.1321882653368865,,0.0086227766815259,0.0152657472176815,0.0122002559946814,0.0032856359215877,0.0032495227137351,0.0032202773939875,0.0033285390330017,1.2295028729668882,,0.0130527828812992,0.7649871023215821,0.8070163370593292,0.8516079105760962,0.8470163370593292,0.8572484952708512,0.8506448839208941,0.1582115219260533,,0.8378331900257955
white_wine,128,nn,sage,permutation,5.455472207069397,0.0004797458648681,0.0113996267318725,0.0142735958099364,0.0126717329025268,0.0109273433685302,0.032998490333557,,0.0547040462493895,33.49755125045776,41.228234100341794,39.785353136062625,40.08188960552216,41.163568472862245,45.41862218379974,2.4916534185409547,,36.262265467643736,0.0018848112386502,0.0016839939058055,0.0012228641729578,0.0013955681616853,0.001216365197876,0.0013323450493898,3.997782532331648,,0.0010871857969383,0.0101296552163269,0.0055262774030355,0.0017535141062564,0.001708391604152,0.0017331704949466,0.0017550226872889,1.2295028729668882,,0.0053063835387182,0.96,0.94,0.8800000000000001,0.92,0.8800000000000001,0.94,0.6,,0.94
white_wine,128,nn,shap,kernel,5.042966532707214,0.0002536535263061,0.010982584953308,0.0104233741760253,0.0166495084762572,0.0110741853713988,0.0410236358642577,,0.045097780227661,625.1891252994537,819.5506767272949,869.6292901992798,883.2060628175735,905.4059577941896,713.3373873949051,861.2080452442169,,503.1357540369034,0.0132993065600154,0.0121345307870511,0.0062190626411723,0.0058791590886269,0.0063095978594146,0.0057632428704216,0.8882762180815191,,0.0051784617457056,0.0101296552163269,0.0055262774030355,0.0017535141062564,0.001708391604152,0.0017331704949466,0.0017550226872889,1.2295028729668882,,0.0053063835387182,0.941530524505589,0.9473430782459158,0.9704901117798796,0.971573516766982,0.9700945829750646,0.971762682717111,0.6895958727429062,,0.9709372312983664
white_wine,128,nn,shapiq,kernel,5.473900532722473,0.0002322673797606,0.0117302894592284,0.0114999294281005,0.015729522705078,0.010736060142517,0.0333229064941405,,0.0456244230270385,1948.9229311943056,2068.49517223835,2034.8480673074723,2036.8888842344284,2048.269600892067,1959.162873125076,2043.271595478058,,1866.708710169792,0.0036731041997283,0.0028016816424559,0.0016718463918605,0.0016490791582038,0.0016274138432892,0.0016255722817201,0.0934699878537566,,0.001884014536649,0.0101296552163269,0.0055262774030355,0.0017535141062564,0.001708391604152,0.0017331704949466,0.0017550226872889,1.2295028729668882,,0.0053063835387182,0.8548065348237316,0.8906448839208941,0.9325881341358556,0.9307996560619088,0.9336027515047288,0.9338950988822012,0.1320722269991401,,0.9293207222699914
white_wine,128,xgb,sage,permutation,5.150727987289429,0.0001660346984862,0.0134733915328979,0.0097814083099364,0.0185070037841796,0.012626814842224,0.0395100831985473,,0.0461355686187743,13.18479495048523,12.316041040420531,11.692197680473328,11.7095862865448,11.124991941452029,11.68440613746643,3.790298128128052,,14.321700739860535,0.0029398241157386,0.0035838457291638,0.0029054171790477,0.0027655890640194,0.0025006542328043,0.0026566336872468,0.4734721559827933,,0.0033527695358724,0.0101296552163269,0.0055262774030355,0.0017535141062564,0.001708391604152,0.0017331704949466,0.0017884729898197,1.2295028729668882,,0.0053063835387182,0.98,1.0,0.96,1.0,0.96,1.0,0.6,,1.0
white_wine,128,xgb,shap,kernel,5.221825408935547,0.0002064466476439,0.0143855571746825,0.0148470401763915,0.0220530986785888,0.0106718778610229,0.0377522945404052,,0.0440488100051879,1380.1728953123093,1287.9155128240586,1292.223553752899,1304.473100566864,1304.1490988731384,1412.7665436506272,1267.2520815849305,,1259.570043516159,0.0188479783624942,0.0144056009525964,0.0110671617975516,0.0115657826772942,0.0111094042231767,0.0109261113618587,0.2958683442403835,,0.0132741375118126,0.0101296552163269,0.0055262774030355,0.0017535141062564,0.001708391604152,0.0017331704949466,0.0017884729898197,1.2295028729668882,,0.0053063835387182,0.9045571797076526,0.9328804815133276,0.9478245915735168,0.9451074806534824,0.9472226999140154,0.9484436801375752,0.5566638005159071,,0.9313843508168528
white_wine,128,xgb,shapiq,kernel,5.028801512718201,0.0002337217330932,0.0106860876083373,0.0098329067230224,0.0133762836456298,0.0137550115585326,0.0359778404235839,,0.0552799463272094,3021.5386810302734,3197.3461483478545,3065.257916212082,3085.18560488224,3076.228823018074,3350.260659003258,3088.766156220436,,2986.2106916189196,0.0089238949755087,0.0067763971336663,0.0055400186679594,0.0054083785907247,0.0055087125935403,0.005496302389753,0.1321882650354882,,0.0060511519274559,0.0101296552163269,0.0055262774030355,0.0017535141062564,0.001708391604152,0.0017331704949466,0.0017884729898197,1.2295028729668882,,0.0053063835387182,0.8204987102321581,0.8650042992261392,0.8917454858125538,0.8920034393809114,0.8921582115219261,0.8903697334479792,0.1582115219260533,,0.8741186586414444
wilt,5,nn,sage,permutation,,,,,,,,0.0014469623565673,,,,,,,,,0.583173680305481,,,,,,,,,0.1096864049416008,,,,,,,,,0.0417375809626446,,,,,,,,,1.0,
wilt,5,nn,shap,kernel,,,,,,,,0.0015528440475463,,,,,,,,,4.8444061279296875,,,,,,,,,0.0391231003827772,,,,,,,,,0.0417375809626446,,,,,,,,,1.0,
wilt,5,nn,shapiq,kernel,,,,,,,,0.0014278173446654,,,,,,,,,3.3501476287841796,,,,,,,,,0.011158870985939,,,,,,,,,0.0417375809626446,,,,,,,,,0.6614096185737977,
wilt,5,xgb,sage,permutation,,,,,,,,0.0014472007751464,,,,,,,,,0.7567338228225708,,,,,,,,,0.0218173585593947,,,,,,,,,0.0444663447537014,,,,,,,,,1.0,
wilt,5,xgb,shap,kernel,,,,,,,,0.0014438390731811,,,,,,,,,5.263145303726196,,,,,,,,,0.0360695647588479,,,,,,,,,0.0444663447537014,,,,,,,,,1.0,
wilt,5,xgb,shapiq,kernel,,,,,,,,0.0015313863754271,,,,,,,,,5.149181127548218,,,,,,,,,0.0087337215552046,,,,,,,,,0.0444663447537014,,,,,,,,,0.689021558872305,
wilt,8,nn,sage,permutation,3.717287802696228,9.694099426267672e-05,0.0083734512329101,0.0073379039764403,0.0137123823165893,0.009177541732788,0.0153956413269042,,0.0028616189956664,0.8244004249572754,0.4248307228088379,0.7964813232421875,0.4127946853637695,0.4809684991836548,0.7465762615203857,0.1693727254867553,,1.3650030851364137,0.0794475362489125,0.0597631226403398,0.0386530077321414,0.0461552594697438,0.0451206158188873,0.0531689495347806,3.201218782501055,,0.0365104295872574,0.0700946997502842,0.0924744621250196,0.0096261611071377,0.0085095100288836,0.0123321306520037,0.0086074722968971,1.3865434801012837,,0.0384161432079745,1.0,1.0,1.0,1.0,1.0,1.0,1.0,,1.0
wilt,8,nn,shap,kernel,3.793032240867615,0.0001278638839721,0.0084905385971068,0.0074290513992309,0.0110147953033446,0.008760905265808,0.0154535055160522,,0.0024631261825561,4.6935645818710325,4.467853140830994,4.423352813720703,4.460780215263367,4.453595519065857,4.5395549774169925,4.104849100112915,,4.7690125703811646,0.0371610437390042,0.0261625697100215,0.022054355452652,0.0167832148798827,0.0162044327382793,0.0246105906721412,0.2011080059853435,,0.0285457095448947,0.0700946997502842,0.0924744621250196,0.0096261611071377,0.0085095100288836,0.0123321306520037,0.0086074722968971,1.3865434801012837,,0.0384161432079745,1.0,1.0,1.0,1.0,1.0,1.0,1.0,,1.0
wilt,8,nn,shapiq,kernel,3.7592966318130494,0.0001451730728148,0.0095370769500732,0.0091600656509398,0.0126374721527099,0.0096711874008178,0.0148207902908324,,0.0023307561874389,6.292854595184326,5.176164364814758,5.083787155151367,5.066885781288147,5.076883578300476,6.112219190597534,5.076578378677368,,6.184412145614624,0.0092308539574456,0.0088166542682599,0.007344970163524,0.008291058357175,0.0076285482685222,0.0084885620719844,0.0086189641020203,,0.0082789956261035,0.0700946997502842,0.0924744621250196,0.0096261611071377,0.0085095100288836,0.0123321306520037,0.0086074722968971,1.3865434801012837,,0.0384161432079745,0.6541459369817578,0.6634494195688225,0.6746268656716418,0.6793864013266997,0.6859038142620232,0.6820895522388059,0.6558872305140961,,0.6719734660033168
wilt,8,xgb,sage,permutation,3.80686616897583,0.0001615047454833,0.0097313880920409,0.0077436923980712,0.0127067565917968,0.0112815141677856,0.0122825622558593,,0.0028299570083617,0.8470615863800048,0.974642539024353,0.9070355892181396,0.9497523784637452,0.879363751411438,0.7494624376296997,0.1920594215393066,,1.2583528757095337,0.0545308578646959,0.0421330419088461,0.0552953707109585,0.0572504646481621,0.0724204802661024,0.0524921839644829,0.976683497978288,,0.0447785114000773,0.0700946997502842,0.0924744621250196,0.0096261611071377,0.0085095100288836,0.0123321306520037,0.0086074722968971,1.3865434801012837,,0.0384161432079745,1.0,1.0,1.0,1.0,1.0,1.0,1.0,,1.0
wilt,8,xgb,shap,kernel,3.7746023178100585,0.000120186805725,0.0099000453948974,0.0082879543304442,0.0131529331207274,0.0102935791015624,0.012410283088684,,0.0029930353164672,5.682085037231445,5.427955985069275,5.414138221740723,5.450749397277832,5.360986828804016,6.324823164939881,5.199164390563965,,5.765974283218384,0.0369164410041949,0.024870149778481,0.0200439649225293,0.0172421419507445,0.0145171452845689,0.0290554476279569,0.1553349267698292,,0.0350609703116398,0.0700946997502842,0.0924744621250196,0.0096261611071377,0.0085095100288836,0.0123321306520037,0.0086074722968971,1.3865434801012837,,0.0384161432079745,1.0,1.0,1.0,1.0,1.0,1.0,1.0,,1.0
wilt,8,xgb,shapiq,kernel,3.87520911693573,0.0001425981521605,0.0095717191696166,0.0089694261550902,0.0127426147460937,0.0101542949676513,0.0142162799835204,,0.0026957273483276,6.925539112091064,7.811306548118592,7.779952430725098,7.780301594734192,7.776633071899414,7.887553238868714,7.771888899803161,,6.78249089717865,0.0078218644711468,0.0074379172832414,0.0056382391161094,0.0062448964995217,0.0059374717786918,0.0066713960513874,0.0108265012313426,,0.0068914030377122,0.0700946997502842,0.0924744621250196,0.0096261611071377,0.0085095100288836,0.0123321306520037,0.0086074722968971,1.3865434801012837,,0.0384161432079745,0.691127694859038,0.6929353233830845,0.7195688225538971,0.7060862354892204,0.7132669983416251,0.7063018242122718,0.5817578772802654,,0.7147595356550579
wilt,10,nn,sage,permutation,,,,,,,,0.0015610694885253,,,,,,,,,0.2817854404449463,,,,,,,,,0.0596682874096049,,,,,,,,,0.0174950972333088,,,,,,,,,1.0,
wilt,10,nn,shap,kernel,,,,,,,,0.0016027688980102,,,,,,,,,5.01482675075531,,,,,,,,,0.0326264490094215,,,,,,,,,0.0174950972333088,,,,,,,,,1.0,
wilt,10,nn,shapiq,kernel,,,,,,,,0.0015388727188109,,,,,,,,,5.289727067947387,,,,,,,,,0.0091550520929737,,,,,,,,,0.0174950972333088,,,,,,,,,0.6622056384742951,
wilt,10,xgb,sage,permutation,,,,,,,,0.0014757394790648,,,,,,,,,0.5656656503677369,,,,,,,,,0.0314642257942014,,,,,,,,,0.0167574671041256,,,,,,,,,1.0,
wilt,10,xgb,shap,kernel,,,,,,,,0.0014862298965453,,,,,,,,,5.779020929336548,,,,,,,,,0.0318681325721513,,,,,,,,,0.0167574671041256,,,,,,,,,1.0,
wilt,10,xgb,shapiq,kernel,,,,,,,,0.0020093202590941,,,,,,,,,8.728791189193725,,,,,,,,,0.0073457441800511,,,,,,,,,0.0167574671041256,,,,,,,,,0.6760862354892205,
wilt,16,nn,sage,permutation,3.7511384963989256,9.40561294555664e-05,0.0084305763244628,0.0074315547943114,0.0109346866607665,0.0087384700775146,0.015410280227661,,0.0061944723129272,0.6225571155548095,0.7682547330856323,0.7333363771438599,0.6754338502883911,0.8049334049224853,0.85108323097229,0.4295321702957153,,1.8086965322494504,0.0427784745992957,0.0452736905229914,0.0090838124933008,0.0462125431259919,0.0175944951002279,0.009614905306626,0.4897593238918981,,0.040516043001896,0.0347815935763184,0.0502318211367294,0.004353621568408,0.0035573561144731,0.0053760925550045,0.0060344991477706,1.3861164833234911,,0.0246183941546793,1.0,1.0,1.0,1.0,1.0,1.0,1.0,,1.0
wilt,16,nn,shap,kernel,3.830634355545044,0.0001027584075927,0.0083667516708373,0.0073549032211303,0.0109939336776732,0.0086877822875976,0.014853549003601,,0.0103181600570678,4.955378437042237,4.722498488426209,4.644856524467468,4.680475449562072,4.693969655036926,4.691839933395386,4.5670143365859985,,4.903040051460266,0.027454827498205,0.0249017551816857,0.0139424861274469,0.0134520199612649,0.0132928529965539,0.009443137399081,0.1484667090980826,,0.0327807052890575,0.0347815935763184,0.0502318211367294,0.004353621568408,0.0035573561144731,0.0053760925550045,0.0060344991477706,1.3861164833234911,,0.0246183941546793,1.0,1.0,1.0,1.0,1.0,1.0,1.0,,1.0
wilt,16,nn,shapiq,kernel,3.745282769203186,0.0001464128494262,0.0094546079635619,0.0084695816040038,0.0124730587005614,0.0094156503677367,0.013854432106018,,0.0041407108306884,10.042101287841795,8.752548432350158,8.691647863388061,8.703177070617675,8.69528546333313,9.750651264190674,8.683494448661804,,9.784289693832395,0.0069181109095504,0.0064732510081781,0.0057673146034458,0.0057520765320412,0.0058609501913364,0.0054843826128141,0.0197416538241834,,0.0055791475808072,0.0347815935763184,0.0502318211367294,0.004353621568408,0.0035573561144731,0.0053760925550045,0.0060344991477706,1.3861164833234911,,0.0246183941546793,0.6596683250414593,0.666318407960199,0.6827529021558871,0.6875621890547263,0.6807628524046434,0.6895522388059702,0.5834162520729684,,0.6815920398009949
wilt,16,xgb,sage,permutation,3.826694989204406,9.582042694090171e-05,0.0095981359481811,0.007616639137268,0.0111482381820678,0.0104918479919433,0.0121826648712157,,0.0186220169067382,1.03628671169281,1.2046542406082152,2.028074622154236,1.5994746923446654,1.370877742767334,1.4921866655349731,0.2884349822998046,,1.4900097846984863,0.0416548223954421,0.0351784556153352,0.005211454658119,0.0615343260223202,0.0495106075076509,0.007689229234035,0.6943815387862564,,0.0483308099317645,0.0347815935763184,0.0502318211367294,0.004353621568408,0.0035573561144731,0.0053760925550045,0.0056369786031731,1.3861164833234911,,0.0246183941546793,1.0,1.0,1.0,1.0,1.0,1.0,1.0,,1.0
wilt,16,xgb,shap,kernel,3.767249512672424,0.0001117229461669,0.0084887981414794,0.0075927257537841,0.0112296819686889,0.0113041877746581,0.0123358011245727,,0.0078318119049072,6.618147683143616,6.080855655670166,6.0708979845046995,6.087278509140015,6.0787242412567135,7.116429853439331,5.923037958145142,,6.500458145141602,0.0268539954084859,0.0240401617325869,0.0157386313959557,0.0143121622978674,0.0128943635118817,0.0090366430273349,0.139997993038619,,0.0342999474799882,0.0347815935763184,0.0502318211367294,0.004353621568408,0.0035573561144731,0.0053760925550045,0.0056369786031731,1.3861164833234911,,0.0246183941546793,1.0,1.0,1.0,1.0,1.0,1.0,1.0,,1.0
wilt,16,xgb,shapiq,kernel,3.799320745468139,0.0001465082168578,0.0094628572463988,0.0083872795104979,0.0124872207641601,0.0123134613037108,0.0138786077499389,,0.0041865110397338,12.282073044776917,14.265149188041686,14.175542306900024,14.092688918113708,14.145339131355286,14.248860669136048,14.141000318527222,,12.132221221923828,0.0058648793497645,0.00557715051609,0.0054828278759218,0.0051946940561987,0.0049411577813734,0.0046991977325574,0.0143222276497449,,0.0044152850618164,0.0347815935763184,0.0502318211367294,0.004353621568408,0.0035573561144731,0.0053760925550045,0.0056369786031731,1.3861164833234911,,0.0246183941546793,0.6957213930348258,0.6994029850746268,0.7076285240464344,0.7222222222222221,0.7346600331674958,0.7230679933665007,0.6500829187396352,,0.736318407960199
wilt,20,nn,sage,permutation,,,,,,,,0.0015171766281127,,,,,,,,,0.6901540040969849,,,,,,,,,0.0382865464732702,,,,,,,,,0.0092818951800357,,,,,,,,,1.0,
wilt,20,nn,shap,kernel,,,,,,,,0.0016239643096923,,,,,,,,,5.348834037780762,,,,,,,,,0.0284422766306097,,,,,,,,,0.0092818951800357,,,,,,,,,1.0,
wilt,20,nn,shapiq,kernel,,,,,,,,0.0015218019485473,,,,,,,,,9.41522252559662,,,,,,,,,0.0062082167743748,,,,,,,,,0.0092818951800357,,,,,,,,,0.6792703150912105,
wilt,20,xgb,sage,permutation,,,,,,,,0.0014937877655028,,,,,,,,,0.9423407793045044,,,,,,,,,0.0202900128720254,,,,,,,,,0.0097806945902732,,,,,,,,,1.0,
wilt,20,xgb,shap,kernel,,,,,,,,0.0014787435531615,,,,,,,,,6.688695192337036,,,,,,,,,0.0285658362979156,,,,,,,,,0.0097806945902732,,,,,,,,,1.0,
wilt,20,xgb,shapiq,kernel,,,,,,,,0.0016032934188842,,,,,,,,,16.037121868133546,,,,,,,,,0.0054824013937147,,,,,,,,,0.0097806945902732,,,,,,,,,0.6824212271973465,
wilt,32,nn,sage,permutation,3.729496788978577,9.593963623045376e-05,0.0083122253417968,0.0073657751083373,0.0120649099349975,0.0090076446533202,0.0121308088302611,,0.0182769775390624,1.2714802265167235,1.645349645614624,1.3199336767196654,1.2980829238891602,1.3105847358703613,1.094391655921936,0.3417660713195801,,1.2737770557403565,0.0187144116613484,0.0281305226068681,0.0098511286251152,0.009924865525422,0.01240236682123,0.0130433101085748,3.1534466600179782,,0.0630094716395934,0.0186113122815357,0.0152086680624282,0.0018191947047662,0.0019185078727814,0.0020284037872226,0.001816370465114,1.3865434801012837,,0.0214712911010361,1.0,1.0,1.0,1.0,1.0,1.0,1.0,,1.0
wilt,32,nn,shap,kernel,3.80992043018341,0.0001072645187377,0.008406376838684,0.0073997259140014,0.011009931564331,0.0094266176223754,0.0121386051177978,,0.0124516487121581,5.204106712341309,5.128449845314026,5.115971565246582,5.1422566175460815,5.1350452423095705,5.038911271095276,4.79939980506897,,5.240784120559693,0.0166656739438624,0.0177490461929163,0.0090695774513408,0.0086025685784575,0.0095838280244063,0.0085383065908652,0.2011080059853435,,0.0463181751713774,0.0186113122815357,0.0152086680624282,0.0018191947047662,0.0019185078727814,0.0020284037872226,0.001816370465114,1.3865434801012837,,0.0214712911010361,1.0,1.0,1.0,1.0,1.0,1.0,1.0,,1.0
wilt,32,nn,shapiq,kernel,3.780894017219543,0.0001470327377319,0.0094647884368895,0.0085375308990478,0.0125231027603148,0.0092855930328368,0.0138380527496337,,0.007799482345581,16.612195563316345,15.97447657585144,15.848306584358216,15.95682702064514,16.014817070960998,15.775153970718383,15.852608394622802,,16.223242497444154,0.0048991156899917,0.0045754608456733,0.0042591644518024,0.0039892716100646,0.0039279698670405,0.0041524674246363,0.0086189641020203,,0.0044182404639005,0.0186113122815357,0.0152086680624282,0.0018191947047662,0.0019185078727814,0.0020284037872226,0.001816370465114,1.3865434801012837,,0.0214712911010361,0.675290215588723,0.6966334991708125,0.7048424543946932,0.7032835820895522,0.7014593698175787,0.6979270315091209,0.6558872305140961,,0.6867330016583747
wilt,32,xgb,sage,permutation,3.840782713890076,9.391307830810546e-05,0.0100796937942504,0.0074459791183471,0.011036992073059,0.0102451086044311,0.012316060066223,,0.0156767606735229,2.0768999338150023,2.5468676328659057,2.7138078689575194,2.598427391052246,2.5636782884597777,2.3256128787994386,0.4299477815628051,,1.4156676530838013,0.0201046558374868,0.0214827697979288,0.0104230185148731,0.0099045421305932,0.0148691334770659,0.0095948505537209,0.9677034617059924,,0.0674805114195667,0.0186113122815357,0.0152086680624282,0.0018191947047662,0.0019185078727814,0.0020284037872226,0.0018427008717015,1.3865434801012837,,0.0214712911010361,1.0,1.0,1.0,1.0,1.0,1.0,1.0,,1.0
wilt,32,xgb,shap,kernel,3.7975897550582887,0.0001097679138183,0.008633255958557,0.0075093507766723,0.0111362934112548,0.0101351737976073,0.0162789344787597,,0.0136909008026122,7.980331993103027,7.5462604522705075,7.473488163948059,7.500346565246582,7.453023147583008,8.757358837127686,7.306630253791809,,7.937976360321045,0.016387640035498,0.0175527734964652,0.0101905993183125,0.009101826982532,0.0105623801644222,0.0099093950933327,0.1553349267698292,,0.0475946734752001,0.0186113122815357,0.0152086680624282,0.0018191947047662,0.0019185078727814,0.0020284037872226,0.0018427008717015,1.3865434801012837,,0.0214712911010361,1.0,1.0,1.0,1.0,1.0,1.0,1.0,,1.0
wilt,32,xgb,shapiq,kernel,3.77644054889679,0.0001404762268065,0.0095175027847289,0.0084627151489257,0.0125494956970214,0.0112976074218749,0.013850164413452,,0.0081585407257079,23.199848771095276,27.697176337242126,26.681290459632873,26.73253231048584,26.62421844005585,27.167907333374025,26.842109775543214,,22.744545125961302,0.0039221601344674,0.0039664073408649,0.0037114035731744,0.0035579365363496,0.0035232595924769,0.0036465984281229,0.0108265012313426,,0.0035422062882888,0.0186113122815357,0.0152086680624282,0.0018191947047662,0.0019185078727814,0.0020284037872226,0.0018427008717015,1.3865434801012837,,0.0214712911010361,0.7308126036484245,0.7325207296849088,0.7310116086235489,0.738971807628524,0.7384908789386401,0.7365008291873962,0.5817578772802654,,0.7487562189054726
wilt,40,nn,sage,permutation,,,,,,,,0.0014927387237548,,,,,,,,,1.5104304075241088,,,,,,,,,0.0173333519733081,,,,,,,,,0.0063534528635772,,,,,,,,,1.0,
wilt,40,nn,shap,kernel,,,,,,,,0.0016419649124145,,,,,,,,,5.964064121246338,,,,,,,,,0.0257191502202464,,,,,,,,,0.0063534528635772,,,,,,,,,1.0,
wilt,40,nn,shapiq,kernel,,,,,,,,0.0014798879623412,,,,,,,,,17.528133082389832,,,,,,,,,0.0049402404327926,,,,,,,,,0.0063534528635772,,,,,,,,,0.6920398009950248,
wilt,40,xgb,sage,permutation,,,,,,,,0.0014837741851806,,,,,,,,,1.6769252300262452,,,,,,,,,0.0150686480563728,,,,,,,,,0.0050934169764996,,,,,,,,,1.0,
wilt,40,xgb,shap,kernel,,,,,,,,0.0014700412750243,,,,,,,,,8.41321051120758,,,,,,,,,0.0266767948335597,,,,,,,,,0.0050934169764996,,,,,,,,,1.0,
wilt,40,xgb,shapiq,kernel,,,,,,,,0.0023698329925536,,,,,,,,,30.66277735233307,,,,,,,,,0.0041181633600288,,,,,,,,,0.0050934169764996,,,,,,,,,0.718407960199005,
wilt,64,nn,sage,permutation,3.689667010307312,9.317398071289064e-05,0.0082592964172362,0.0073739051818847,0.0121625185012816,0.00905122756958,0.0120810031890868,,0.0168768405914306,2.3699644088745115,3.4166107892990114,3.154854941368103,3.3049353122711183,3.176331090927124,2.6100631237030028,0.6985280752182007,,2.594919538497925,0.0172605312459184,0.0151085597891241,0.0050988529853871,0.0030552464010638,0.0060437572593759,0.0057160160241982,3.259800391610784,,0.0570619352098749,0.0115708607411781,0.0079317603435372,0.0008175140036508,0.0008714186087732,0.0009301842395399,0.0008265261579593,1.3865434801012837,,0.0182875831938654,1.0,1.0,1.0,1.0,1.0,1.0,1.0,,1.0
wilt,64,nn,shap,kernel,3.750429892539978,0.0001076698303222,0.0084062814712523,0.0074244737625121,0.0111188411712646,0.0092792749404906,0.0138643980026244,,0.0160441160202025,6.043252539634705,6.330367588996888,6.157595086097717,6.145364570617676,6.107867002487183,5.702130675315857,5.771766829490661,,6.160064721107483,0.0169789742498796,0.0119085207236576,0.0052776942753756,0.0054356399080848,0.0056148210035548,0.0051932345361686,0.2011080059853435,,0.0401577522848807,0.0115708607411781,0.0079317603435372,0.0008175140036508,0.0008714186087732,0.0009301842395399,0.0008265261579593,1.3865434801012837,,0.0182875831938654,1.0,1.0,1.0,1.0,1.0,1.0,1.0,,1.0
wilt,64,nn,shapiq,kernel,3.702432012557983,0.0001482248306274,0.0094622611999511,0.0084545850753783,0.0125564098358153,0.0089087724685668,0.013941192626953,,0.0166267633438109,28.92139835357666,30.603326392173766,30.487965440750123,30.39310836791992,30.53150017261505,27.300486397743224,30.431283378601073,,26.989301109313963,0.0036771834619586,0.003122356689091,0.0029839352273535,0.0028401115503947,0.0029244199814379,0.0029455859056532,0.0086189641020203,,0.0037874194539826,0.0115708607411781,0.0079317603435372,0.0008175140036508,0.0008714186087732,0.0009301842395399,0.0008265261579593,1.3865434801012837,,0.0182875831938654,0.6940464344941957,0.7149751243781094,0.7261525704809286,0.7267661691542288,0.7311276948590381,0.7195024875621889,0.6558872305140961,,0.7
wilt,64,xgb,sage,permutation,3.801960492134094,0.0001001358032226,0.0086782217025756,0.0076300859451293,0.0125134468078612,0.0104683876037597,0.0122229814529418,,0.0212556123733519,3.925672817230224,5.650084686279297,5.2376186609268185,5.716125965118408,5.323660397529602,4.858821678161621,0.8261556148529052,,2.2517449855804443,0.0157444188037692,0.013750974262117,0.0053802555392666,0.0047252399667869,0.005626205316624,0.0051581455389156,0.9998434141404002,,0.0623285834270302,0.0115708607411781,0.0079317603435372,0.0008175140036508,0.0008714186087732,0.0009301842395399,0.0007985321738728,1.3865434801012837,,0.0182875831938654,1.0,1.0,1.0,1.0,1.0,1.0,1.0,,1.0
wilt,64,xgb,shap,kernel,3.77117919921875,0.0001031637191772,0.0094496250152587,0.0075281858444213,0.0112064361572265,0.0102833986282348,0.0126126289367675,,0.0270773649215697,10.707061505317688,10.289821314811707,10.201648688316345,10.237869668006898,10.229965734481812,12.030152869224548,10.120698380470277,,10.878724646568298,0.0151475484004891,0.0115088447577147,0.0065729948255649,0.006531374734869,0.0068542393058032,0.0058065946965076,0.1553349267698292,,0.0418149048589415,0.0115708607411781,0.0079317603435372,0.0008175140036508,0.0008714186087732,0.0009301842395399,0.0007985321738728,1.3865434801012837,,0.0182875831938654,1.0,1.0,1.0,1.0,1.0,1.0,1.0,,1.0
wilt,64,xgb,shapiq,kernel,3.821834063529968,0.000149369239807,0.0094794511795043,0.0085195779800414,0.0126015901565551,0.0105084896087645,0.0138521671295165,,0.0153032779693603,45.72525405883789,52.31512680053711,51.48596856594086,51.66833686828613,51.69387364387512,52.42219014167786,51.45546019077301,,43.98727190494537,0.0029337990656677,0.0026514869756121,0.0026463345422384,0.0025283489065553,0.0024788943211804,0.0025114928917907,0.0108265012313426,,0.0030195113997835,0.0115708607411781,0.0079317603435372,0.0008175140036508,0.0008714186087732,0.0009301842395399,0.0007985321738728,1.3865434801012837,,0.0182875831938654,0.76212271973466,0.7763681592039801,0.7761525704809287,0.7803150912106135,0.7831343283582088,0.7806965174129352,0.5817578772802654,,0.7663349917081259
wilt,80,nn,sage,permutation,,,,,,,,0.0013129472732543,,,,,,,,,3.2853545427322386,,,,,,,,,0.0176610537848649,,,,,,,,,0.0052103945416899,,,,,,,,,1.0,
wilt,80,nn,shap,kernel,,,,,,,,0.0014025449752807,,,,,,,,,7.129218626022339,,,,,,,,,0.0263474083092818,,,,,,,,,0.0052103945416899,,,,,,,,,1.0,
wilt,80,nn,shapiq,kernel,,,,,,,,0.0013414859771727,,,,,,,,,33.414823508262636,,,,,,,,,0.0036167471454711,,,,,,,,,0.0052103945416899,,,,,,,,,0.7215257048092869,
wilt,80,xgb,sage,permutation,,,,,,,,0.0012776374816894,,,,,,,,,3.7417267560958862,,,,,,,,,0.0151269899333328,,,,,,,,,0.0042974738234797,,,,,,,,,1.0,
wilt,80,xgb,shap,kernel,,,,,,,,0.0012922286987304,,,,,,,,,11.91201059818268,,,,,,,,,0.0267594155085437,,,,,,,,,0.0042974738234797,,,,,,,,,1.0,
wilt,80,xgb,shapiq,kernel,,,,,,,,0.0017102241516112,,,,,,,,,59.37450680732727,,,,,,,,,0.0031590864739332,,,,,,,,,0.0042974738234797,,,,,,,,,0.7667661691542288,
wilt,128,nn,sage,permutation,3.699236536026001,9.882450103758797e-05,0.010624599456787,0.0090526342391967,0.0137374401092528,0.0093358755111693,0.0121601343154906,,0.0328195333480834,5.9638770580291744,5.901006722450257,5.558488726615906,5.671290445327759,6.082056713104248,4.491601610183716,1.1665255784988404,,3.432102656364441,0.0123476993199209,0.0068979376814169,0.0026780327291865,0.0033862057310013,0.0029762614648777,0.0032934426743897,3.116621572771919,,0.0666369208567408,0.0050459985465057,0.0040895087903385,0.0003913259976722,0.0004073953228574,0.0004119966872517,0.0004166245754024,1.3865434801012837,,0.0229946085828283,1.0,1.0,1.0,1.0,1.0,1.0,1.0,,1.0
wilt,128,nn,shap,kernel,3.74771671295166,0.0001037836074828,0.0102973699569701,0.0075571537017821,0.0121144533157348,0.0095798730850219,0.0144322633743285,,0.04205584526062,7.973838019371032,8.17380669116974,8.079130625724792,8.187233376502991,8.116766738891602,7.468555474281311,7.691531419754028,,7.730010581016541,0.0108799351668453,0.0063629756404345,0.0035092302915626,0.0038493497168121,0.0043497026634256,0.003646673499682,0.2011080059853435,,0.0470181809723216,0.0050459985465057,0.0040895087903385,0.0003913259976722,0.0004073953228574,0.0004119966872517,0.0004166245754024,1.3865434801012837,,0.0229946085828283,1.0,1.0,1.0,1.0,1.0,1.0,1.0,,1.0
wilt,128,nn,shapiq,kernel,3.751660776138306,0.0023384332656859,0.0096250295639037,0.0086196184158324,0.0127076387405394,0.0096974611282347,0.014111566543579,,0.030105686187744,55.329683899879456,60.053720593452454,59.595987701416014,59.660545802116395,59.6220418214798,51.9491425037384,59.68282227516174,,51.798735451698306,0.0028784060524471,0.0021190690977905,0.002045523032834,0.0019572052327317,0.0019212269140689,0.0020819324014562,0.0086189641020203,,0.0035793477031215,0.0050459985465057,0.0040895087903385,0.0003913259976722,0.0004073953228574,0.0004119966872517,0.0004166245754024,1.3865434801012837,,0.0229946085828283,0.7150746268656716,0.7630845771144278,0.7611774461028192,0.7720232172470978,0.772636815920398,0.7636650082918739,0.6558872305140961,,0.7205638474295191
wilt,128,xgb,sage,permutation,3.7858083486557006,0.0001181602478026,0.0086013793945311,0.008400535583496,0.0112382411956786,0.0106042861938476,0.0127190351486205,,0.0356949806213378,9.788761401176451,8.547149872779846,9.728299474716186,9.89431643486023,10.548071193695067,8.977846240997314,1.426307058334351,,2.4371567964553833,0.0115497314790484,0.0084230542328556,0.0034829410965854,0.0028412973070606,0.0032552594741569,0.0042378273372941,0.9567925842697756,,0.071839169888943,0.0050459985465057,0.0040895087903385,0.0003913259976722,0.0004073953228574,0.0004119966872517,0.0004188334098233,1.3865434801012837,,0.0229946085828283,1.0,1.0,1.0,1.0,1.0,1.0,1.0,,1.0
wilt,128,xgb,shap,kernel,3.794542169570923,0.0001090764999389,0.0085522890090941,0.0105710744857787,0.0112857341766357,0.0103846549987792,0.0127537727355956,,0.0399067163467406,16.523579573631288,15.861179494857788,15.702251672744753,15.766327857971191,15.727836871147156,18.472048902511595,15.507003664970398,,16.69259841442108,0.0095282902478952,0.0063285959931741,0.0041762378474577,0.0044694917740181,0.0046959711631492,0.0044365171522199,0.1553349267698292,,0.0469599882174645,0.0050459985465057,0.0040895087903385,0.0003913259976722,0.0004073953228574,0.0004119966872517,0.0004188334098233,1.3865434801012837,,0.0229946085828283,1.0,1.0,1.0,1.0,1.0,1.0,1.0,,1.0
wilt,128,xgb,shapiq,kernel,3.759942817687988,0.0001482009887694,0.0096221923828124,0.0085436344146728,0.0126025915145873,0.0117486000061034,0.0139966487884521,,0.0298730850219726,90.66621623039244,101.63774480819704,100.8968870639801,101.53113961219788,101.59480268955232,103.17993094921113,101.16388213634492,,87.93086001873016,0.0022996640966983,0.0017779776746956,0.0017384790063334,0.0017251262447625,0.0015995823988624,0.0018695865882216,0.0108264982289068,,0.0028762028436834,0.0050459985465057,0.0040895087903385,0.0003913259976722,0.0004073953228574,0.0004119966872517,0.0004188334098233,1.3865434801012837,,0.0229946085828283,0.7920066334991708,0.8217247097844111,0.8239137645107795,0.824759535655058,0.8350248756218905,0.817927031509121,0.5747927031509121,,0.7787728026533997
